tree
version=v4
num_class=1
num_tree_per_iteration=1
label_index=0
max_feature_idx=99
objective=binary sigmoid:1
feature_names=fab_elevation_min_cityrank fab_elevation_p10_cityrank fab_elevation_mean_cityrank fab_elevation_max_cityrank fab_elevation_range_cityrank fab_focal_mean_300m_mean_cityrank fab_focal_mean_300m_max_cityrank fab_focal_min_300m_mean_cityrank fab_focal_min_300m_max_cityrank fab_rel_elev_300m_min_cityrank fab_rel_elev_300m_mean_cityrank fab_focal_mean_1000m_mean_cityrank fab_focal_mean_1000m_max_cityrank fab_focal_min_1000m_mean_cityrank fab_focal_min_1000m_max_cityrank fab_rel_elev_1000m_min_cityrank fab_rel_elev_1000m_mean_cityrank fab_focal_mean_3000m_mean_cityrank fab_focal_mean_3000m_max_cityrank fab_focal_min_3000m_mean_cityrank fab_focal_min_3000m_max_cityrank fab_rel_elev_3000m_min_cityrank fab_rel_elev_3000m_mean_cityrank fab_elevation_percentile_1km_mean_cityrank fab_elevation_percentile_1km_max_cityrank fab_slope_mean_cityrank fab_slope_max_cityrank fab_fill_depth_min_cityrank fab_fill_depth_mean_cityrank fab_fill_depth_max_cityrank fab_fill_share_gt_0_2m_cityrank fab_flow_accumulation_log_mean_cityrank fab_flow_accumulation_log_max_cityrank fab_twi_mean_cityrank fab_twi_max_cityrank fab_dist_water_any_m_min_cityrank fab_dist_water_any_m_mean_cityrank fab_hand_any_m_min_cityrank fab_hand_any_m_mean_cityrank fab_dist_water_major_m_min_cityrank fab_dist_water_major_m_mean_cityrank fab_hand_major_m_min_cityrank fab_hand_major_m_mean_cityrank cop_elevation_min_cityrank cop_elevation_p10_cityrank cop_elevation_mean_cityrank cop_elevation_max_cityrank cop_elevation_range_cityrank cop_focal_mean_300m_mean_cityrank cop_focal_mean_300m_max_cityrank cop_focal_min_300m_mean_cityrank cop_focal_min_300m_max_cityrank cop_rel_elev_300m_min_cityrank cop_rel_elev_300m_mean_cityrank cop_focal_mean_1000m_mean_cityrank cop_focal_mean_1000m_max_cityrank cop_focal_min_1000m_mean_cityrank cop_focal_min_1000m_max_cityrank cop_rel_elev_1000m_min_cityrank cop_rel_elev_1000m_mean_cityrank cop_focal_mean_3000m_mean_cityrank cop_focal_mean_3000m_max_cityrank cop_focal_min_3000m_mean_cityrank cop_focal_min_3000m_max_cityrank cop_rel_elev_3000m_min_cityrank cop_rel_elev_3000m_mean_cityrank cop_elevation_percentile_1km_mean_cityrank cop_elevation_percentile_1km_max_cityrank cop_slope_mean_cityrank cop_slope_max_cityrank cop_fill_depth_min_cityrank cop_fill_depth_mean_cityrank cop_fill_depth_max_cityrank cop_fill_share_gt_0_2m_cityrank cop_flow_accumulation_log_mean_cityrank cop_flow_accumulation_log_max_cityrank cop_twi_mean_cityrank cop_twi_max_cityrank cop_dist_water_any_m_min_cityrank cop_dist_water_any_m_mean_cityrank cop_hand_any_m_min_cityrank cop_hand_any_m_mean_cityrank cop_dist_water_major_m_min_cityrank cop_dist_water_major_m_mean_cityrank cop_hand_major_m_min_cityrank cop_hand_major_m_mean_cityrank lc_tree_200m_frac_cityrank lc_tree_500m_frac_cityrank lc_grass_shrub_200m_frac_cityrank lc_grass_shrub_500m_frac_cityrank lc_cropland_200m_frac_cityrank lc_cropland_500m_frac_cityrank lc_bare_200m_frac_cityrank lc_bare_500m_frac_cityrank lc_water_200m_frac_cityrank lc_water_500m_frac_cityrank lc_wetland_mangrove_200m_frac_cityrank lc_wetland_mangrove_500m_frac_cityrank fab_elev_min_cityrank fab_dist_any_water_min_cityrank
feature_infos=[1.5155648725340143e-05:1] [0.0012730744201689959:1] [5.3044768719701096e-05:1] [5.3044768719701096e-05:1] [0.00093965022824704647:1] [7.1341943112201989e-05:1] [6.0622594901360571e-05:1] [3.0311297450680286e-05:1] [1.5155648725340143e-05:1] [1.5155648725340143e-05:1] [6.0622594901360571e-05:1] [1.5155648725340143e-05:1] [3.0311297450680286e-05:0.99996966123580933] [0.00058349245227873325:1] [0.00058349245227873325:1] [4.5466946176020429e-05:1] [4.5466946176020429e-05:1] [1.5155648725340143e-05:1] [1.5155648725340143e-05:1] [0.0055545452050864697:1] [0.0055545452050864697:0.99999243021011353] [7.1341943112201989e-05:1] [4.5466946176020429e-05:1] [7.1341943112201989e-05:0.9931647777557373] [7.1341943112201989e-05:0.97487950325012207] [6.0622594901360571e-05:1] [6.0622594901360571e-05:1] [0.47469764947891235:1] [0.37207874655723572:1] [0.37207874655723572:1] [0.45505458116531372:0.99454236030578613] [0.010451594367623329:1] [0.010451594367623329:1] [1.5155648725340143e-05:1] [1.5155648725340143e-05:1] [0.062245845794677734:1] [0.0020689163357019424:1] [3.0340726880240254e-05:1] [1.5170363440120127e-05:1] [0.05093814805150032:1] [0.001676535583101213:1] [7.1418369770981371e-05:1] [4.5589935325551778e-05:1] [3.0308081477414817e-05:1] [1.5154040738707408e-05:1] [8.3347222243901342e-05:1] [6.8193185143172741e-05:1] [0.00090166542213410139:1] [7.1341943112201989e-05:1] [4.5462122216122225e-05:1] [3.0308081477414817e-05:1] [1.5154040738707408e-05:1] [4.5462122216122225e-05:1] [1.5154040738707408e-05:1] [1.5154040738707408e-05:1] [3.0308081477414817e-05:0.9999697208404541] [0.000598584592808038:1] [0.000598584592808038:1] [1.5154040738707408e-05:1] [1.5154040738707408e-05:1] [1.5154040738707408e-05:1] [3.0308081477414817e-05:1] [0.005493339616805315:1] [0.005493339616805315:0.99989300966262817] [1.5154040738707408e-05:1] [1.5154040738707408e-05:1] [7.1341943112201989e-05:0.99996209144592285] [7.1341943112201989e-05:0.99894678592681885] [5.3039144404465333e-05:1] [5.3039144404465333e-05:1] [0.48089075088500977:0.99996435642242432] [0.18235614895820618:1] [0.18235614895820618:1] [0.23908530175685883:0.99036884307861328] [0.024898337200284004:1] [0.024898337200284004:1] [1.5154040738707408e-05:0.99996209144592285] [1.5154040738707408e-05:1] [0.062245845794677734:1] [0.0020689163357019424:1] [2.2750713469577022e-05:1] [2.2750713469577022e-05:1] [0.05093814805150032:1] [0.001676535583101213:1] [3.7967954995110631e-05:1] [7.1418369770981371e-05:1] [0.025871220976114273:0.99996209144592285] [0.00028054957510903478:0.99987870454788208] [0.052126444876194:1] [0.0017482517287135124:1] [0.24432709813117981:0.99998486042022705] [0.079349219799041748:1] [0.23776224255561829:1] [0.058191809803247452:1] [0.35903382301330566:1] [0.15295419096946716:1] [0.49605715274810791:1] [0.47737976908683777:1] [1.5155648725340143e-05:1] [0.062245845794677734:1]
tree_sizes=877 883 901 902 904 901 903 910 879 881 907 905 885 900 913 908 900 908 910 903 910 903 908 906 900 911 890 912 911 912 906 907 914 909 896 912 906 896 913 907 908 908 889 901 888 912 905 908 907 904 905 912 913 906 908 914 915 909 909 915 894 911 889 914 904 910 890 913 894 910 915 913 911 914 911 887 910 898 916 913 912 900 911 902 907 914 914 886 915 916 906 893 910 913 914 916 895 915 908 916 916 918 906 916 910 913 914 915 914 919 910 912 915 914 917 916 915 903 893 893 914 905 916 914 908 919 909 897 914 907 911 913 891 914 914 909 890 912 917 915 920 921 898 911 919 907 917 901 915 916 907 921 918 918 911 913 904 898 914 916

Tree=0
num_leaves=7
num_cat=0
split_feature=88 72 47 14 87 88
split_gain=665.77 275.424 200.384 176.021 134.449 123.823
threshold=0.1224530376493931 0.88345026969909679 0.42851577699184423 0.17448128759860995 0.53799968957901012 0.50198471546173107
decision_type=8 10 10 8 10 8
left_child=2 3 -1 -2 -4 -3
right_child=1 5 4 -5 -6 -7
leaf_value=-2.6539435062789765 -2.6420902271285334 -2.5993852462462783 -2.4962880220321173 -2.691208524482144 -2.6726230166921598 -2.6733480795609439
leaf_weight=22.985671117901802 96.322756435722113 66.820076644420624 31.359221361577511 622.99834612756968 5.0185843855142585 40.442997578531504
leaf_count=761 3146 1916 731 21116 177 1333
internal_value=-2.66791 -2.67639 -2.56201 -2.68434 -2.51818 -2.62614
internal_weight=885.948 826.584 59.3635 719.321 36.3778 107.263
internal_count=29180 27511 1669 24262 908 3249
is_linear=0
shrinkage=1


Tree=1
num_leaves=7
num_cat=0
split_feature=90 89 47 52 11 34
split_gain=540.068 292.462 268.835 197.337 136.81 112.261
threshold=0.25175850093364721 0.33079914748668676 0.50019904971122753 0.13139111548662188 0.79855111241340648 0.19033221155405047
decision_type=8 10 10 8 8 10
left_child=1 2 -1 4 -2 -4
right_child=3 -3 5 -5 -6 -7
leaf_value=0.016871322193385045 0.060940637713739032 0.0024683641544971714 0 -0.023659364044000014 -0.015690792824244185 0.15038251880150155
leaf_weight=43.626615105196834 55.967727405950427 90.390280865132809 6.6546034645289174 584.68198089674115 45.189692093059421 49.465172927826643
leaf_count=1406 1535 3064 220 20088 1566 1108
internal_value=-0.00119406 0.0497172 0.0886846 -0.0157945 0.0275854 0.134622
internal_weight=875.976 190.137 99.7464 685.839 101.157 56.1198
internal_count=28987 5798 2734 23189 3101 1328
is_linear=0
shrinkage=0.035


Tree=2
num_leaves=7
num_cat=0
split_feature=89 32 72 20 14 14
split_gain=525.016 341.02 172.233 120.125 99.4979 88.6956
threshold=0.29387287795543676 0.54407989978790294 0.52296975255012523 0.66260072588920604 0.17448128759860995 0.17448128759860995
decision_type=8 10 10 10 10 8
left_child=1 4 -3 -4 -1 -2
right_child=5 2 3 -5 -6 -7
leaf_value=0.053255102732397586 0.01381082008122847 0.010029695619250588 0.11718107667262664 0.0027689905776907995 -0.011245593042522888 -0.024753155606004298
leaf_weight=29.034819729626179 77.890980262309313 37.888139955699444 78.480766750872135 14.462887488305567 131.16161015816033 511.72958881594241
leaf_count=806 2527 1153 1794 470 4369 18023
internal_value=-0.000455783 0.03735 0.0775136 0.101528 0.00210967 -0.0194542
internal_weight=880.649 291.028 130.832 92.9437 160.196 589.621
internal_count=29142 8592 3417 2264 5175 20550
is_linear=0
shrinkage=0.035


Tree=3
num_leaves=7
num_cat=0
split_feature=90 72 72 91 80 87
split_gain=526.499 241.084 211.63 108.973 91.1723 82.2746
threshold=0.25175850093364721 0.75674325227737438 0.88345026969909679 0.51096683740615856 0.5419440269470216 0.24898356944322589
decision_type=8 10 10 8 10 10
left_child=1 5 -2 4 -4 -1
right_child=2 -3 3 -5 -6 -7
leaf_value=0.049453248528945483 -0.021686838047720876 0.1024275345927457 0.080374786612465152 -0.014036481663801456 -0.008805327284235543 -0.0020311670848873493
leaf_weight=59.973879171535373 582.21555910073221 63.263865176588297 45.349456623196602 34.725274872034788 15.707701673731206 80.755007123574615
leaf_count=1677 20633 1437 1100 1173 485 2678
internal_value=0.00118564 0.0494386 -0.0136632 0.032515 0.0583096 0.0210366
internal_weight=881.991 203.993 677.998 95.7824 61.0572 140.729
internal_count=29183 5792 23391 2758 1585 4355
is_linear=0
shrinkage=0.035


Tree=4
num_leaves=7
num_cat=0
split_feature=88 32 62 77 90 41
split_gain=435.139 309.294 164.062 101.472 85.223 58.8236
threshold=0.3526884019374848 0.54407989978790294 0.47937536239624029 0.29835237562656408 0.25175850093364721 0.81234422326087963
decision_type=8 10 10 10 10 8
left_child=1 4 3 -3 5 -1
right_child=-2 2 -4 -5 -6 -7
leaf_value=0.05376909573290941 -0.020599281378393106 0.020136227363502204 0.0067238388525607653 0.10379703023775819 -0.016297614283380547 -0.01296481376583589
leaf_weight=38.365539791062474 522.72915501892567 29.656209355220199 48.611352652311325 84.269594617187977 135.17027302458882 19.163302015513182
leaf_count=1009 18681 796 1514 1793 4729 603
internal_value=-0.000343013 0.0291167 0.0634537 0.0851999 -0.000958987 0.0318694
internal_weight=877.965 355.236 162.537 113.926 192.699 57.5288
internal_count=29125 10444 4103 2589 6341 1612
is_linear=0
shrinkage=0.035


Tree=5
num_leaves=7
num_cat=0
split_feature=88 72 19 13 62 84
split_gain=428.428 343.736 132.414 125.676 86.3444 65.7862
threshold=0.37008211016654974 0.75674325227737438 0.70502182841300975 0.17678382992744449 0.4566792249679566 0.87773746252059948
decision_type=8 10 10 10 10 8
left_child=1 3 4 5 -3 -1
right_child=-2 2 -4 -5 -6 -7
leaf_value=0.060469073719151729 -0.020482955686402599 0.097804705319925481 -0.001486905745106553 -0.013511818116828429 0.0095691352516797754 -0.0169001228580761
leaf_weight=45.688260465860367 509.86951062642038 95.860833344981074 24.542905949056149 171.90055684186518 19.323873981833458 12.759094405919312
leaf_count=1112 18568 1860 801 5947 540 399
internal_value=0.00013911 0.0285221 0.0702046 0.00150983 0.0850109 0.042788
internal_weight=879.945 370.076 139.728 230.348 115.185 58.4474
internal_count=29227 10659 3201 7458 2400 1511
is_linear=0
shrinkage=0.035


Tree=6
num_leaves=7
num_cat=0
split_feature=90 88 72 84 34 35
split_gain=421.681 204.793 173.712 127.227 66.5537 63.7403
threshold=0.25175850093364721 0.3526884019374848 0.88345026969909679 0.85446289181709301 0.21493776142597201 0.6057860553264619
decision_type=8 10 10 8 10 10
left_child=1 3 -2 4 -1 -4
right_child=2 -3 5 -5 -6 -7
leaf_value=0.0008894855711697779 -0.020814416604275587 -0.0025010568309058322 0.044594980408563016 -0.0017384744890517798 0.08977931042359126 -0.012322179010442285
leaf_weight=12.882869359105824 559.2919173873961 79.850932015106082 70.062048815190792 26.036891907453537 102.30016824230552 28.853628791868687
leaf_count=373 20666 2727 1828 755 1968 886
internal_value=0.000852679 0.0418641 -0.0131803 0.0660909 0.0809669 0.0278215
internal_weight=879.278 221.071 658.208 141.22 115.183 98.9157
internal_count=29203 5823 23380 3096 2341 2714
is_linear=0
shrinkage=0.035


Tree=7
num_leaves=7
num_cat=0
split_feature=90 47 72 41 92 56
split_gain=356.453 188.433 167.57 115.277 109.653 53.5007
threshold=0.25175850093364721 0.45641697943210607 0.88345026969909679 0.81638875603675853 0.79309976100921642 0.45177283883094793
decision_type=8 10 10 8 10 10
left_child=1 -1 -2 4 -3 -4
right_child=2 3 5 -5 -6 -7
leaf_value=-0.0020295691573646224 -0.021531644792455944 0.090202773548050716 0.049984375198330912 -0.0046501693987393072 -9.2521821857780077e-05 0.00019970143869730967
leaf_weight=91.258911799639463 545.38575245626271 92.514992786571383 47.445530859753489 24.121908159926534 18.300137715414166 54.778843244537711
leaf_count=2793 20559 1768 1048 701 552 1680
internal_value=-0.000473897 0.0365334 -0.0137679 0.061635 0.0758472 0.0257334
internal_weight=873.806 226.196 647.61 134.937 110.815 102.224
internal_count=29101 5814 23287 3021 2320 2728
is_linear=0
shrinkage=0.035


Tree=8
num_leaves=7
num_cat=0
split_feature=88 32 62 14 10 32
split_gain=370.972 219.837 119.544 84.5837 54.4212 50.3067
threshold=0.3526884019374848 0.54407989978790294 0.47937536239624029 0.17448128759860995 0.83971184492111217 0.69471859931945812
decision_type=8 10 10 10 10 10
left_child=1 3 4 -1 -3 -2
right_child=5 2 -4 -5 -6 -7
leaf_value=0.040145412655375377 -0.027909758605749523 0.075607111762257193 0.0040939862974876551 -0.012347148908393354 0 -0.0043623004498380951
leaf_weight=41.014264641329646 310.27672330848873 122.50271823629737 49.874013749882579 153.49982184544206 12.707567537203429 184.92131016217172
leaf_count=946 12061 2289 1520 5358 303 6649
internal_value=0.000336416 0.0261265 0.052583 0 0.0688744 -0.0194299
internal_weight=874.796 379.598 185.084 194.514 135.21 495.198
internal_count=29126 10416 4112 6304 2592 18710
is_linear=0
shrinkage=0.035


Tree=9
num_leaves=7
num_cat=0
split_feature=62 72 88 19 62 4
split_gain=368.852 248.621 105.921 94.1808 85.0041 83.4128
threshold=0.4566792249679566 0.76362702250480663 0.46560041606426245 0.72930333018302929 0.45126165449619299 0.61301332712173473
decision_type=8 10 8 10 10 10
left_child=1 4 3 -3 5 -1
right_child=-2 2 -4 -5 -6 -7
leaf_value=-0.015816448975319513 -0.022319924521914305 0.077335223166767525 0 -0.01509263397723863 0.07351341154430735 0.023199521004521176
leaf_weight=184.1404680237174 411.24490834027529 123.78889529779553 35.605575788766146 11.38259720802307 11.408143980428575 94.873785449191928
leaf_count=6522 15641 2109 1210 374 219 2959
internal_value=0.00148812 0.0228479 0.0553389 0.0687769 0.00259498 -0.00208999
internal_weight=872.444 461.199 170.777 135.171 290.422 279.014
internal_count=29034 13393 3693 2483 9700 9481
is_linear=0
shrinkage=0.035


Tree=10
num_leaves=7
num_cat=0
split_feature=88 72 14 19 37 33
split_gain=306.038 175.971 106.652 74.9242 62.8091 52.3617
threshold=0.37008211016654974 0.74973931908607494 0.17448128759860995 0.70502182841300975 0.53293377161026012 0.33930346369743353
decision_type=8 10 10 10 10 10
left_child=1 2 5 4 -3 -1
right_child=-2 3 -4 -5 -6 -7
leaf_value=-0.0036872257390258038 -0.01929690216864163 0.078620025279511618 -0.013336203114795319 -0.0043393248593841969 0.025597637877630263 0.056632206677998238
leaf_weight=23.07551403157413 475.27288701571524 78.129752309992909 163.64684816449881 24.806537304073572 61.84183668717742 43.290830871090293
leaf_count=609 18511 1170 5874 820 1243 877
internal_value=-0.000464323 0.0220101 0.00166383 0.0487154 0.0581991 0.0368128
internal_weight=870.064 394.791 230.013 164.778 139.972 66.3663
internal_count=29104 10593 7360 3233 2413 1486
is_linear=0
shrinkage=0.035


Tree=11
num_leaves=7
num_cat=0
split_feature=62 47 89 19 62 47
split_gain=337.956 239.959 134.928 71.5181 53.6636 42.2094
threshold=0.4566792249679566 0.4839670211076737 0.35026405751705175 0.71713498234748851 0.37418358027935034 0.66621923446655285
decision_type=8 10 8 10 10 10
left_child=1 4 3 -3 -1 -2
right_child=5 2 -4 -5 -6 -7
leaf_value=-0.020271852278930063 -0.03071268865206216 0.065469310213624232 0.0080774773875563928 -0.011909765408514655 0.017644615484844004 -0.0064294183681114754
leaf_weight=135.19887322373688 249.81015355698764 164.76207726448774 102.3657754547894 12.302243694663046 58.694335019215941 150.0512234698981
leaf_count=4951 10130 2930 3472 424 1673 5534
internal_value=0.00135609 0.0212626 0.0416111 0.059527 -0.00828958 -0.0220338
internal_weight=873.185 473.323 279.43 177.064 193.893 399.861
internal_count=29114 13450 6826 3354 6624 15664
is_linear=0
shrinkage=0.035


Tree=12
num_leaves=7
num_cat=0
split_feature=62 47 90 41 58 14
split_gain=296.413 188.55 122.355 84.5048 64.773 32.9746
threshold=0.48292374610900884 0.41701643168926245 0.25175850093364721 0.79287824034690868 0.32073137164115911 0.17448128759860995
decision_type=8 10 8 10 8 10
left_child=1 5 3 -3 -4 -1
right_child=-2 2 4 -5 -6 -7
leaf_value=0.0097842418319629212 -0.023331393676359242 0.072548346784501547 0.033021996407962467 0 -0.0052507837524766272 -0.02237956717654499
leaf_weight=49.059964643791318 380.1663374863565 99.330332912504673 103.13935589231551 23.065395807847381 98.081958783790469 114.9088493231684
leaf_count=1405 15259 1571 2569 522 3350 4398
internal_value=-0.000373161 0.0175089 0.0327773 0.0594843 0.0146282 -0.0124433
internal_weight=867.752 487.586 323.617 122.396 201.221 163.969
internal_count=29074 13815 8012 2093 5919 5803
is_linear=0
shrinkage=0.035


Tree=13
num_leaves=7
num_cat=0
split_feature=90 52 47 41 5 92
split_gain=283.241 149.527 120.64 85.6062 76.8523 70.8479
threshold=0.25175850093364721 0.13139111548662188 0.43635153770446783 0.79287824034690868 0.79428550601005565 0.88227033615112316
decision_type=8 8 10 8 8 10
left_child=2 4 -1 5 -2 -4
right_child=1 -3 3 -5 -6 -7
leaf_value=-0.0011140788146746933 0.042333390882261922 -0.019832330857794261 0.067680779084241555 -0.0022133981918131852 -0.01501665649284554 -0.014257247751633638
leaf_weight=86.355651658028364 75.927951188758016 505.757343551144 122.54071158356965 30.31333071552217 36.70804407633841 10.427994772791861
leaf_count=2662 1679 20129 1971 812 1451 337
internal_value=0.000987438 -0.0116659 0.0319245 0.0489401 0.0234515 0.060438
internal_weight=868.031 618.393 249.638 163.282 112.636 132.969
internal_count=29041 23259 5782 3120 3130 2308
is_linear=0
shrinkage=0.035


Tree=14
num_leaves=7
num_cat=0
split_feature=88 32 20 18 14 69
split_gain=269.373 169.225 62.4847 59.3007 57.7041 42.7715
threshold=0.37008211016654974 0.54407989978790294 0.72052761912345897 0.34851171076297766 0.17448128759860995 0.69876331090927135
decision_type=8 10 10 10 10 10
left_child=1 4 3 -3 -1 -2
right_child=5 2 -4 -5 -6 -7
leaf_value=0.02753156944140232 -0.025809692018823799 0.0061593892249722322 -0.0093833682046672324 0.057468927091602194 -0.013894262993476679 -0.0021312841991418369
leaf_weight=47.457797907292843 312.80865843780339 38.870413666591048 22.199338940903544 148.92408362217247 149.96461142413318 141.13255500048399
leaf_count=1005 13165 867 768 2514 5398 5322
internal_value=-0.000278594 0.0201138 0.0413937 0.0478024 -0.00299608 -0.018726
internal_weight=861.357 407.416 209.994 187.794 197.422 453.941
internal_count=29039 10552 4149 3381 6403 18487
is_linear=0
shrinkage=0.035


Tree=15
num_leaves=7
num_cat=0
split_feature=89 47 41 90 72 90
split_gain=238.651 115.944 70.1612 62.6938 53.6199 49.9912
threshold=0.32600437104702001 0.62277045845985424 0.81638875603675853 0.25175850093364721 0.74762082099914562 0.59038862586021434
decision_type=8 10 8 10 10 10
left_child=1 3 5 -1 -2 -3
right_child=4 2 -4 -5 -6 -7
leaf_value=0.022207664960004609 -0.022724621501111545 0.054345109226682474 -0.0070951959963581586 -0.01611005277958337 0.0032512268377992448 -0.009189903552610958
leaf_weight=88.119326813146472 361.86930899322033 144.67920627631247 29.093402352184057 106.35784354433417 125.09595257975161 12.957919649779795
leaf_count=1833 15308 2497 838 3982 4338 466
internal_value=6.44187e-05 0.0206287 0.0397297 0.00118421 -0.016001 0.0486139
internal_weight=868.173 381.208 186.731 194.477 486.965 157.637
internal_count=29262 9616 3801 5815 19646 2963
is_linear=0
shrinkage=0.035


Tree=16
num_leaves=7
num_cat=0
split_feature=62 47 90 77 13 62
split_gain=255.912 172.207 90.5649 75.5497 46.7145 30.5979
threshold=0.48292374610900884 0.41701643168926245 0.70465248823165905 0.30666333436965948 0.17678382992744449 0.37418358027935034
decision_type=8 10 8 10 8 10
left_child=1 5 3 -3 -2 -1
right_child=4 2 -4 -5 -6 -7
leaf_value=-0.023982828143371049 0.012474683373011048 0.0072207801895427769 -0.019332452606972847 0.046850833977693435 -0.026226483281251121 0.0071291860910853251
leaf_weight=104.36224456690252 36.425293151289225 88.661325169727206 34.524801773950458 218.24141585826874 327.20304389297962 51.160305790603161
leaf_count=4171 1056 2183 1336 4465 14216 1578
internal_value=0 0.0162441 0.0299789 0.0360431 -0.0220234 -0.0135792
internal_weight=860.578 496.95 341.428 306.903 363.628 155.523
internal_count=29005 13733 7984 6648 15272 5749
is_linear=0
shrinkage=0.035


Tree=17
num_leaves=7
num_cat=0
split_feature=89 32 32 27 14 47
split_gain=250.354 127.217 64.4559 72.3739 58.6505 50.4612
threshold=0.32140228152275091 0.54407989978790294 0.80170217156410228 0.48178415000438696 0.17448128759860995 0.33384352922439581
decision_type=8 10 10 10 10 10
left_child=1 4 -2 -4 -1 -3
right_child=2 5 3 -5 -6 -7
leaf_value=0.03130773184558109 -0.023868173107091727 -0.0098494831313634245 -0.018993852748030893 0.030870799589467857 -0.0124026973259788 0.044271652521446062
leaf_weight=43.125696966424584 350.86532242968678 18.948950983583927 66.693352811038494 59.759875357151031 133.67469311133027 192.80397494509816
leaf_count=848 15039 560 2660 1988 4815 3206
internal_value=0.000538522 0.0212215 -0.0162623 0.00461563 -0.000562871 0.0390074
internal_weight=865.872 388.553 477.319 126.453 176.8 211.753
internal_count=29116 9429 19687 4648 5663 3766
is_linear=0
shrinkage=0.035


Tree=18
num_leaves=7
num_cat=0
split_feature=88 34 19 4 4 62
split_gain=227.26 129.254 93.2848 84.3571 47.6574 51.2516
threshold=0.37008211016654974 0.36983238160610205 0.70502182841300975 0.19399309903383258 0.46266965568065649 0.4725636094808579
decision_type=8 10 10 10 10 10
left_child=1 -1 3 -3 -2 -6
right_child=4 2 -4 -5 5 -7
leaf_value=-0.0080076747124622517 -0.030413425702631797 -0.0052158507835657454 -0.011996951771399998 0.049043995373851901 0.010700982385524327 -0.020278110946665113
leaf_weight=145.39213547669351 185.80653958953917 38.381267724558711 44.806871853768826 201.41546972282231 108.46834036335349 139.39900813996792
leaf_count=4608 8516 1012 1718 3254 3741 6260
internal_value=0.000366939 0.0182863 0.0317499 0.0402594 -0.017291 -0.00660556
internal_weight=863.67 429.996 284.604 239.797 433.674 247.867
internal_count=29109 10592 5984 4266 18517 10001
is_linear=0
shrinkage=0.035


Tree=19
num_leaves=7
num_cat=0
split_feature=62 72 63 17 90 32
split_gain=209.942 119.385 62.8834 67.0032 59.7639 54.6218
threshold=0.48292374610900884 0.68167704343795787 0.42255038022995001 0.41729561984539038 0.71113720536232006 0.78515353798866283
decision_type=8 10 10 10 8 10
left_child=1 2 -1 -4 5 -3
right_child=-2 4 3 -5 -6 -7
leaf_value=-0.010022906255943089 -0.020910070056015768 0.020613641800821238 -0.020279798682119841 0.062801159262092371 -0.020994066740751615 0.057800241552665915
leaf_weight=223.55951818451285 348.34679397940636 150.01794926635921 12.58380940929055 24.737254820764065 18.802277475595474 83.913422435522079
leaf_count=7830 15256 3041 473 570 745 1191
internal_value=-0.00014527 0.013942 -0.00253792 0.0349948 0.0307105 0.03564
internal_weight=861.961 513.614 260.881 37.3211 252.734 233.931
internal_count=29106 13850 8873 1043 4977 4232
is_linear=0
shrinkage=0.035


Tree=20
num_leaves=7
num_cat=0
split_feature=88 32 37 72 14 62
split_gain=179.127 116.933 66.7408 63.8621 58.2169 42.3202
threshold=0.37008211016654974 0.29566481709480291 0.5023866891860963 0.5652834177017213 0.17448128759860995 0.17653041332960132
decision_type=8 10 8 10 10 8
left_child=1 -1 3 -3 -4 -2
right_child=5 2 4 -5 -6 -7
leaf_value=-0.018221804738322533 0.0030130754900482165 0.00062886718133316124 0.031325072757986142 0.052635243606809538 -0.0074509104033669516 -0.022567688544769062
leaf_weight=93.03390296921134 96.984387410804629 40.260893078520894 73.070570338517427 120.2414990644902 105.13451248221099 326.70498893409967
leaf_count=3422 3732 1208 1160 1792 3034 14799
internal_value=-0.000574746 0.0150905 0.0246013 0.0405506 0.00882944 -0.0166432
internal_weight=855.431 431.741 338.707 160.502 178.205 423.689
internal_count=29147 10616 7194 3000 4194 18531
is_linear=0
shrinkage=0.035


Tree=21
num_leaves=7
num_cat=0
split_feature=90 52 41 88 47 50
split_gain=204.139 121.865 91.5884 80.3189 56.0064 54.7182
threshold=0.25175850093364721 0.17457414418458941 0.79287824034690868 0.76374804973602306 0.18965281546115878 0.70625072717666637
decision_type=8 8 8 10 10 10
left_child=2 5 3 4 -1 -2
right_child=1 -3 -4 -5 -6 -7
leaf_value=-0.010852011801693234 0.029223836617967076 -0.01986703056185982 -0.010443683082736334 -0.021941930593466372 0.048993312660156593 -0.013371542542010161
leaf_weight=16.928249016404152 105.30703371018171 434.52673708088696 60.920543747022748 20.126489818096161 175.8803145531565 47.173444697633386
leaf_count=548 2376 19120 1733 803 2757 1787
internal_value=0.00112017 -0.0104506 0.0257009 0.0362832 0.0432546 0.0157092
internal_weight=860.863 587.007 273.856 212.935 192.809 152.48
internal_count=29124 23283 5841 4108 3305 4163
is_linear=0
shrinkage=0.035


Tree=22
num_leaves=7
num_cat=0
split_feature=90 72 41 92 10 58
split_gain=174.922 102.255 79.4062 77.3819 57.6056 41.4527
threshold=0.25175850093364721 0.88345026969909679 0.78883683681488048 0.79309976100921642 0.83583810925483715 0.32073137164115911
decision_type=8 10 8 10 10 8
left_child=2 5 3 4 -1 -2
right_child=1 -3 -4 -5 -6 -7
leaf_value=0.047663120318091397 -0.0018661247376054223 0.017621576143129869 -0.010447169772698345 -0.0125159485419568 -0.014099584973721112 -0.024764733930407765
leaf_weight=166.62137329950929 147.74955955892801 119.22446900419891 60.876516005024314 33.349971178919077 15.731485581025479 314.50149220228195
leaf_count=2683 5876 2726 1736 1031 372 14709
internal_value=0.000584121 -0.0102386 0.0231703 0.032927 0.0416904 -0.0177135
internal_weight=858.055 581.476 276.579 215.703 182.353 462.251
internal_count=29133 23311 5822 4086 3055 20585
is_linear=0
shrinkage=0.035


Tree=23
num_leaves=7
num_cat=0
split_feature=62 72 63 89 19 61
split_gain=204.982 109.581 70.6197 49.3741 48.5077 38.5825
threshold=0.4566792249679566 0.75428020954132091 0.42255038022995001 0.57281881570816051 0.71713498234748851 0.39715506136417394
decision_type=8 10 10 8 10 10
left_child=1 2 -1 4 -3 -4
right_child=-2 3 5 -5 -6 -7
leaf_value=-0.0065918054913553913 -0.019652688651906811 0.043221925366440678 -0.014469908599423468 -0.0084874443377176284 -0.014496505010460703 0.056896030444809932
leaf_weight=250.75752222165465 342.55906725302339 186.57664648070931 7.3058657366782418 26.614836337044835 14.395202323794363 28.86533684656024
leaf_count=8732 15629 2456 266 936 474 593
internal_value=0.000996958 0.0149362 0.000221537 0.0326272 0.0384397 0.0412829
internal_weight=857.074 514.515 286.929 227.587 200.972 36.1712
internal_count=29086 13457 9591 3866 2930 859
is_linear=0
shrinkage=0.035


Tree=24
num_leaves=7
num_cat=0
split_feature=62 47 89 28 47 43
split_gain=162.598 121.691 69.8336 60.4422 53.8317 38.5813
threshold=0.4566792249679566 0.31798928976058966 0.66677975654602062 0.38911421597003942 0.70896056294441234 0.72500717639923107
decision_type=8 10 8 10 10 10
left_child=1 -1 3 -3 -2 -6
right_child=4 2 -4 -5 5 -7
leaf_value=-0.019787851354672814 -0.02886356881595269 0.0034981639732376609 -0.013111936261414901 0.035937513476575755 0.014310849918342607 -0.024746641982382245
leaf_weight=107.60312755964696 219.31082162819803 105.25604459457099 56.914321204647422 244.91417992115021 77.858856530860066 40.462251776829362
leaf_count=4267 10820 3013 2237 3939 2922 1890
internal_value=-0.000214991 0.0120418 0.0208009 0.0266292 -0.0188975 0
internal_weight=852.32 514.688 407.085 350.17 337.632 118.321
internal_count=29088 13456 9189 6952 15632 4812
is_linear=0
shrinkage=0.035


Tree=25
num_leaves=7
num_cat=0
split_feature=89 19 77 4 97 32
split_gain=179.165 86.4707 83.4549 74.8831 51.3605 67.3696
threshold=0.32600437104702001 0.51498501002788555 0.27094142138957983 0.3440880030393601 0.48142592608928686 0.86137703061103832
decision_type=8 10 10 10 8 10
left_child=1 2 -1 -4 5 -2
right_child=4 -3 3 -5 -6 -7
leaf_value=-0.0038945994872257128 -0.011909422372263568 -0.019801067463898234 -0.00019628893300212229 0.043441690260951647 -0.025152282682952949 0.035945817462506247
leaf_weight=95.404471654444933 150.45978121086955 59.658043555915356 59.579499509185553 199.00596120208502 250.4614214412868 38.57777475938201
leaf_count=2456 6426 2551 1434 3040 11988 1206
internal_value=0.000363724 0.0167901 0.0234032 0.0334862 -0.0150029 -0.000813998
internal_weight=853.147 413.648 353.99 258.585 439.499 189.038
internal_count=29101 9481 6930 4474 19620 7632
is_linear=0
shrinkage=0.035


Tree=26
num_leaves=7
num_cat=0
split_feature=89 32 97 64 34 72
split_gain=173.247 62.7013 59.2086 86.8253 57.8871 39.5682
threshold=0.29387287795543676 0.29566481709480291 0.48142592608928686 0.35599750280380255 0.3462569266557694 0.52296975255012523
decision_type=8 10 8 10 10 10
left_child=1 -1 3 4 -2 -3
right_child=2 5 -4 -5 -6 -7
leaf_value=-0.010025570330477096 -0.008340498287616226 0.0019284033257304797 -0.025206121995869451 -0.018586946886089851 0.047382654976341948 0.031050473818596679
leaf_weight=77.083211544901133 31.920862870290875 81.641581678763032 259.04907430708408 120.16176185198128 50.001040689647198 232.09505855850875
leaf_count=2768 1374 2283 12544 5065 1540 3564
internal_value=0 0.0169874 -0.0143896 0 0.0262759 0.0238718
internal_weight=851.953 390.82 461.133 202.084 81.9219 313.737
internal_count=29138 8615 20523 7979 2914 5847
is_linear=0
shrinkage=0.035


Tree=27
num_leaves=7
num_cat=0
split_feature=62 73 41 89 75 97
split_gain=148.364 75.2336 64.4228 72.0221 28.9471 28.4497
threshold=0.47937536239624029 0.25833839923143392 0.81638875603675853 0.58820703625679027 0.76560047268867504 0.48142592608928686
decision_type=8 10 10 8 10 8
left_child=1 -1 3 -3 -2 -6
right_child=4 2 -4 -5 5 -7
leaf_value=-0.018375662114739837 -0.025713905902070278 0.028850532967394985 -0.01611988430436476 -0.0082550569362635669 0.016589234844619483 -0.01964674423234743
leaf_weight=82.885716142132878 227.82398718688637 313.41766486503184 56.808254322037101 73.670576844364405 43.678428079932928 46.057938696816564
leaf_count=3665 11559 5544 1543 2989 1603 2158
internal_value=-0.000574445 0.0107083 0.0164842 0.0216316 -0.0192551 -0.00155783
internal_weight=844.343 526.782 443.896 387.088 317.56 89.7364
internal_count=29061 13741 10076 8533 15320 3761
is_linear=0
shrinkage=0.035


Tree=28
num_leaves=7
num_cat=0
split_feature=62 89 32 63 71 14
split_gain=165.932 85.9996 65.0018 61.0932 34.7937 33.8145
threshold=0.48292374610900884 0.54945978522300731 0.80170217156410228 0.35805179178714758 0.42823001742362982 0.17448128759860995
decision_type=8 8 10 10 10 8
left_child=1 2 3 -1 -4 -2
right_child=5 -3 4 -5 -6 -7
leaf_value=-0.0032333092901490313 0.0091048248331983134 -0.014347959658281255 -0.0021764347906740767 0.027738693492337194 0.047879511328597774 -0.024340807273340571
leaf_weight=180.00679253600538 35.894148152321577 114.49323683790863 17.065073156729341 124.53528061322868 99.27135968208313 276.08609202131629
leaf_count=4968 1063 4947 417 2295 1158 14239
internal_value=-0.000143502 0.0115713 0.0188807 0.00964981 0.0404471 -0.0201973
internal_weight=847.352 535.372 420.879 304.542 116.336 311.98
internal_count=29087 13785 8838 7263 1575 15302
is_linear=0
shrinkage=0.035


Tree=29
num_leaves=7
num_cat=0
split_feature=90 52 69 34 7 62
split_gain=131.162 81.9579 62.0884 47.3756 41.0165 37.9322
threshold=0.25175850093364721 0.13139111548662188 0.34055075049400335 0.28987976908683782 0.81473875045776378 0.17653041332960132
decision_type=8 8 10 10 8 8
left_child=2 4 -1 -4 -2 -3
right_child=1 5 3 -5 -6 -7
leaf_value=-0.0095706069400639405 0.023326749868330662 0.0020243692092060356 -0.0042319135942641486 0.034620143703751986 -0.021511667676091681 -0.023183771732097225
leaf_weight=69.679009072482586 99.823093399405479 86.043129263445735 43.596429469063878 176.46281794272363 24.531836600974202 344.14081062097102
leaf_count=2092 2061 3543 1201 2527 1111 16706
internal_value=-0.000861086 -0.0108539 0.0178658 0.0268144 0.0133191 -0.0180771
internal_weight=844.277 554.539 289.738 220.059 124.355 430.184
internal_count=29241 23421 5820 3728 3172 20249
is_linear=0
shrinkage=0.035


Tree=30
num_leaves=7
num_cat=0
split_feature=86 32 19 92 10 90
split_gain=147.14 63.1563 61.0805 56.802 57.1072 40.3613
threshold=0.25712886452674871 0.80170217156410228 0.69397714734077465 0.78369560837745678 0.83971184492111217 0.54107099771499645
decision_type=8 10 8 10 10 8
left_child=2 -2 3 4 -1 -3
right_child=1 5 -4 -5 -6 -7
leaf_value=0.037133944561671246 -0.018827869991272238 0.022421478210344317 -0.019749255918894336 -0.012530456930391426 -0.012375556138483951 -0.011091064384872935
leaf_weight=209.1576766287908 372.32906675990671 86.395657518878579 36.222019048407674 36.845687837339938 27.195806181058288 73.431220268830657
leaf_count=3777 16465 1888 1643 1295 829 3197
internal_value=4.19145e-05 -0.0110106 0.0190144 0.0247562 0.0310037 0.00691684
internal_weight=841.577 532.156 309.421 273.199 236.353 159.827
internal_count=29094 21550 7544 5901 4606 5085
is_linear=0
shrinkage=0.035


Tree=31
num_leaves=7
num_cat=0
split_feature=86 72 47 19 75 92
split_gain=128.47 67.5681 64.9239 43.909 42.9424 34.513
threshold=0.25712886452674871 0.94092541933059703 0.3095673024654389 0.69397714734077465 0.76560047268867504 0.75137728452682506
decision_type=8 10 10 10 10 10
left_child=2 4 -1 5 -2 -4
right_child=1 -3 3 -5 -6 -7
leaf_value=-0.012711678851566896 -0.022247626867343145 0.021902078643654021 0.035382509163690477 -0.014025656803022684 0.00055630345281395502 -0.002449026055679386
leaf_weight=64.062684314325452 334.13710531126708 58.865759426727891 190.7436129366979 25.0678741177544 136.79058494325727 30.530958659946918
leaf_count=2573 15521 1123 3028 1063 4977 843
internal_value=-0.000599911 -0.0110855 0.0169606 0.0250406 -0.0156155 0.0300303
internal_weight=840.199 529.793 310.405 246.342 470.928 221.275
internal_count=29128 21621 7507 4934 20498 3871
is_linear=0
shrinkage=0.035


Tree=32
num_leaves=7
num_cat=0
split_feature=62 47 97 92 64 47
split_gain=123.983 84.0844 61.6464 45.8679 31.7501 30.2993
threshold=0.48292374610900884 0.31798928976058966 0.48142592608928686 0.79309976100921642 0.2883803397417069 0.70896056294441234
decision_type=8 10 8 10 10 10
left_child=1 -1 3 -3 -4 -2
right_child=5 2 4 -5 -6 -7
leaf_value=-0.017614021163183387 -0.026380864552578771 0.034872611957387958 0.017049558743637023 -0.0085167768550449864 -0.0091809853006300495 -0.0026133553689631972
leaf_weight=103.29906325787306 190.10583540797234 194.83852612320334 93.251052208244801 29.571582023985684 118.45061040110886 108.97796970792115
leaf_count=4355 10610 2742 1878 822 3991 4764
internal_value=-0.000328965 0.00959689 0.0163616 0.0288327 0.00233428 -0.0181853
internal_weight=838.495 539.411 436.112 224.41 211.702 299.084
internal_count=29162 13788 9433 3564 5869 15374
is_linear=0
shrinkage=0.035


Tree=33
num_leaves=7
num_cat=0
split_feature=89 34 4 19 97 77
split_gain=117.203 72.3866 66.1569 40.3032 27.9818 27.1195
threshold=0.51186904311180126 0.40870617330074316 0.32850626111030584 0.654597967863083 0.48142592608928686 0.23400513827800754
decision_type=8 10 10 10 10 10
left_child=1 4 -3 -4 5 -1
right_child=-2 2 3 -5 -6 -7
leaf_value=-0.017770274423435036 -0.018593635953540827 -0.0051718969696545099 0.032667554046947593 -0.0038402272623994944 -0.019958220337622651 0.017685730325087187
leaf_weight=32.346690220758319 273.0277314754203 101.79000214952976 226.17198062781245 39.156408176757395 101.07047933712602 66.436363629996777
leaf_count=1118 14146 3067 3451 1647 4238 1510
internal_value=-7.99336e-06 0.00898487 0.0181167 0.0271331 -0.00758882 0.00512244
internal_weight=840 566.972 367.118 265.328 199.854 98.7831
internal_count=29177 15031 8165 5098 6866 2628
is_linear=0
shrinkage=0.035


Tree=34
num_leaves=7
num_cat=0
split_feature=89 47 97 64 41 91
split_gain=119.378 55.3917 49.0036 70.7854 47.6229 43.2106
threshold=0.32600437104702001 0.3095673024654389 0.48142592608928686 0.35599750280380255 0.47699017822742468 0.56183043122291576
decision_type=8 10 8 10 8 10
left_child=1 -1 3 -2 5 -3
right_child=2 4 -4 -5 -6 -7
leaf_value=-0.014332305151323861 0.024481923309021582 0.038883238257125814 -0.02440763168613546 -0.018042460654265097 0.0067363074577718937 -0.015311449109950274
leaf_weight=69.211057865992188 75.485857640393078 137.22168179601431 218.0547657487914 104.65804238338023 211.6628264375031 14.776770628057418
leaf_count=2677 2783 1779 11899 4808 4557 597
internal_value=7.13317e-05 0.0127442 -0.0135554 0 0.0182361 0.0327843
internal_weight=831.071 432.872 398.199 180.144 363.661 151.998
internal_count=29100 9610 19490 7591 6933 2376
is_linear=0
shrinkage=0.035


Tree=35
num_leaves=7
num_cat=0
split_feature=62 63 17 15 24 39
split_gain=114.444 76.7372 71.0537 50.5877 40.1896 30.1067
threshold=0.4566792249679566 0.35805179178714758 0.40942303836345678 0.42823669314384466 0.17313224822282794 0.8573020100593568
decision_type=8 10 10 10 10 10
left_child=1 3 -3 4 -1 -4
right_child=-2 2 5 -5 -6 -7
leaf_value=-0.014292509889742049 -0.017455155600586948 0.00049255689035994138 0.047992869660239038 -0.014702331326150318 0.022038432882301385 -0.0035076797660752342
leaf_weight=43.847962557338178 295.87307519093156 86.167170329019427 107.02027621492743 162.96617115475237 123.80475897621363 12.504685897380112
leaf_count=1476 15595 2135 1410 5444 2814 241
internal_value=-0.00018973 0.00935539 0.0257127 -0.00103322 0.0120194 0.0423112
internal_weight=832.184 536.311 205.692 330.619 167.653 119.525
internal_count=29115 13520 3786 9734 4290 1651
is_linear=0
shrinkage=0.035


Tree=36
num_leaves=7
num_cat=0
split_feature=88 41 20 47 75 62
split_gain=117.018 57.5945 46.797 35.9946 31.6421 36.9152
threshold=0.37008211016654974 0.81638875603675853 0.72052761912345897 0.18965281546115878 0.52847102284431469 0.2403153330087662
decision_type=8 8 10 10 10 10
left_child=1 2 3 -1 -2 -6
right_child=4 -3 -4 -5 5 -7
leaf_value=-0.014182084248204432 -0.024995932841126788 -0.014000729832740196 -0.013456030526316021 0.025180098608116243 0.018059236050721801 -0.013664439064434005
leaf_weight=24.336633778177202 167.92155137378722 77.880850623361766 45.025795014575124 320.49294267687947 56.059135874733329 139.29768374282867
leaf_count=934 9564 2584 2025 5074 1999 6999
internal_value=0.000516997 0.0120644 0.0175802 0.0219947 -0.014149 -0.0039506
internal_weight=831.015 467.736 389.855 344.83 363.278 195.357
internal_count=29179 10617 8033 6008 18562 8998
is_linear=0
shrinkage=0.035


Tree=37
num_leaves=7
num_cat=0
split_feature=89 19 41 4 75 97
split_gain=97.2041 69.3405 65.14 51.9975 23.3944 26.9045
threshold=0.54945978522300731 0.65252909064292919 0.79287824034690868 0.19399309903383258 0.81046366691589367 0.48142592608928686
decision_type=8 10 8 10 10 8
left_child=1 2 3 -1 -2 -6
right_child=4 -3 -4 -5 5 -7
leaf_value=-0.01259193406719452 -0.025448682283266705 -0.018807509491606835 -0.012982243965978075 0.023325246672455724 0.021209073082739588 -0.020004612330357666
leaf_weight=50.133789982646704 176.26286831032485 97.351212323643267 92.145559430122375 348.22962304856628 28.924096909351647 32.852642195299268
leaf_count=1611 10273 5062 2830 6528 1112 1724
internal_value=-0.000638858 0.00694478 0.0123809 0.018517 -0.0191976 0
internal_weight=825.9 587.86 490.509 398.363 238.04 61.7767
internal_count=29140 16031 10969 8139 13109 2836
is_linear=0
shrinkage=0.035


Tree=38
num_leaves=7
num_cat=0
split_feature=89 28 19 41 82 72
split_gain=99.3425 76.1663 40.3586 46.9461 34.1471 31.7563
threshold=0.57997363805770885 0.38911421597003942 0.71713498234748851 0.79287824034690868 0.37058894336223608 0.58292517066001903
decision_type=8 10 10 8 10 10
left_child=1 4 3 -3 5 -1
right_child=-2 2 -4 -5 -6 -7
leaf_value=-0.014061570189929972 -0.019503446738062594 0.025877663397170392 -0.010795507952073681 -0.0065151733718247532 -0.020249079645327198 0.028102402627453133
leaf_weight=32.717435157857835 215.42394040618092 302.37797343637794 51.692462854087353 60.171146945096552 127.11546915583313 38.483935604803264
leaf_count=1482 12203 4811 2680 1456 5667 812
internal_value=0.000446849 0.00770853 0.0161952 0.0203353 -0.00970451 0.00860161
internal_weight=827.982 612.558 414.242 362.549 198.317 71.2014
internal_count=29111 16908 8947 6267 7961 2294
is_linear=0
shrinkage=0.035


Tree=39
num_leaves=7
num_cat=0
split_feature=73 89 32 62 47 89
split_gain=102.273 68.362 53.2331 32.6073 29.3396 21.5357
threshold=0.25833839923143392 0.54945978522300731 0.80170217156410228 0.48292374610900884 0.68215155601501476 0.86054712533950817
decision_type=10 8 10 10 10 8
left_child=-1 2 3 -2 -3 -6
right_child=1 4 -4 -5 5 -7
leaf_value=-0.025322500699412016 0.011099771232411498 -0.022910639077795305 0.029737484704819607 -0.012709271548968873 0.01628777760894019 -0.022484502348054013
leaf_weight=142.06954894214869 272.97047110740095 105.6728776069358 153.92035772558302 85.020029340870678 52.520277285017073 16.285550278611481
leaf_count=8249 5188 6182 2426 4111 2291 831
internal_value=0.000815142 0.00653015 0.0129861 0.00514765 -0.0118623 0.00504118
internal_weight=828.459 686.39 511.911 357.991 174.479 68.8058
internal_count=29278 21029 11725 9299 9304 3122
is_linear=0
shrinkage=0.035


Tree=40
num_leaves=7
num_cat=0
split_feature=89 64 90 21 86 10
split_gain=93.9256 62.6631 50.6124 46.5101 29.686 27.0104
threshold=0.54945978522300731 0.2883803397417069 0.25175850093364721 0.18706994503736499 0.21842173486948016 0.83971184492111217
decision_type=8 10 10 10 10 10
left_child=1 3 5 4 -1 -3
right_child=-2 2 -4 -5 -6 -7
leaf_value=0.027826937541147092 -0.019576891063187173 0.01711452981175211 -0.013480361755727721 0.03622375987444932 -0.0099099090493815819 -0.016617283962901259
leaf_weight=30.563496192917228 226.03762290719897 154.68827644921839 206.1249682167545 112.05887539219111 66.16336499620229 27.185204743407667
leaf_count=492 13091 2009 8836 1770 2316 611
internal_value=-0.000699819 0.00652763 -0.00173443 0.0216211 0.00272759 0.0113083
internal_weight=822.822 596.784 387.998 208.786 96.7269 181.873
internal_count=29125 16034 11456 4578 2808 2620
is_linear=0
shrinkage=0.035


Tree=41
num_leaves=7
num_cat=0
split_feature=47 87 64 88 14 70
split_gain=88.0594 76.5124 55.2562 69.4158 45.297 35.5215
threshold=0.30591443181037908 0.48619686067104345 0.37184202671051031 0.1224530376493931 0.2549369484186173 0.48338252305984503
decision_type=10 8 10 10 10 10
left_child=-1 2 4 -4 -2 -3
right_child=1 5 3 -5 -6 -7
leaf_value=-0.021689504996937555 0.044953941868059753 -0.023294344568603603 0.030938617227758664 -0.0081721771812885147 0.0091019403886947736 0.003397550831837078
leaf_weight=162.64035180956125 96.75527105666697 109.53012408316135 71.719505678862333 173.68570305034518 89.491230331361294 117.50337136816233
leaf_count=8947 1348 6027 615 5722 1829 4604
internal_value=0.000682093 0.00647874 0.0150816 0.00366663 0.0290817 -0.0096109
internal_weight=821.326 658.685 431.652 245.405 186.247 227.033
internal_count=29092 20145 9514 6337 3177 10631
is_linear=0
shrinkage=0.035


Tree=42
num_leaves=7
num_cat=0
split_feature=62 47 91 77 13 47
split_gain=84.2993 58.5159 37.9186 36.8884 35.7904 18.9556
threshold=0.48292374610900884 0.32189092040061956 0.64563158154487621 0.33349497616291052 0.17678382992744449 0.72885632514953624
decision_type=8 10 8 10 8 10
left_child=1 -1 3 -3 -2 -6
right_child=4 2 -4 -5 5 -7
leaf_value=-0.016260553032361878 0.012930301001572718 0 -0.018083176476757994 0.02256640209470075 -0.028811570758794428 -0.0065767891911906679
leaf_weight=96.21140855550766 36.726123697124422 127.67423890996724 36.60896716080606 289.76275906339288 146.75401428434998 85.899726872332394
leaf_count=4379 1064 2819 1807 4837 9978 4290
internal_value=-0.000389281 0.00738595 0.012705 0.0158178 -0.0162158 -0.0213118
internal_weight=819.637 550.257 454.046 417.437 269.38 232.654
internal_count=29174 13842 9463 7656 15332 14268
is_linear=0
shrinkage=0.035


Tree=43
num_leaves=7
num_cat=0
split_feature=73 89 21 88 67 52
split_gain=81.1339 69.6425 54.196 48.5564 39.1597 10.3858
threshold=0.25833839923143392 0.76827919483184826 0.38888943195343023 0.1224530376493931 0.10237708687782289 0.12334068864583971
decision_type=10 8 10 10 10 8
left_child=5 2 4 -4 -2 -1
right_child=1 -3 3 -5 -6 -7
leaf_value=0.00086451382664020444 -0.010193425797715389 -0.024881261450036846 0.02097001982512069 -0.0077688714410888756 0.02637322104741005 -0.027288879896271039
leaf_weight=13.694197579286991 35.925554666668177 77.040202869102359 90.138741913251579 262.4965705871582 219.11776947230101 121.73302059713751
leaf_count=555 1329 4632 1053 8880 5004 7738
internal_value=-0.000167637 0.00473163 0.00884568 0 0.0208695 -0.0241866
internal_weight=820.146 684.719 607.679 352.635 255.043 135.427
internal_count=29191 20898 16266 9933 6333 8293
is_linear=0
shrinkage=0.035


Tree=44
num_leaves=7
num_cat=0
split_feature=47 96 80 88 77 66
split_gain=87.7322 53.667 37.562 53.0873 34.0182 33.4292
threshold=0.43243570625782018 0.49610193073749548 0.51905751228332531 0.57431501150131237 0.3856064528226853 0.80425524711608898
decision_type=10 10 8 8 10 10
left_child=-1 2 3 -2 -3 -6
right_child=1 4 -4 -5 5 -7
leaf_value=-0.018066724802070937 0.016175871568767253 0 -0.021709577303899802 -0.02511037594347635 0.028702839290312494 -0.016440969692276004
leaf_weight=239.98335654195398 131.25101528968662 101.42590682115406 92.181086973287165 44.191613478586078 190.15898101497442 15.673254713416098
leaf_count=12675 2868 2490 4233 2565 3624 709
internal_value=-0.000577444 0.00678111 -0.00447325 0.00484868 0.016615 0.0245333
internal_weight=814.865 574.882 267.624 175.443 307.258 205.832
internal_count=29164 16489 9666 5433 6823 4333
is_linear=0
shrinkage=0.035


Tree=45
num_leaves=7
num_cat=0
split_feature=32 86 86 64 47 73
split_gain=79.3273 53.5632 32.1089 51.0131 30.6591 31.3212
threshold=0.54407989978790294 0.41114418208599096 0.21842173486948016 0.35599750280380255 0.68596538901329052 0.58820873498916637
decision_type=10 8 8 10 10 10
left_child=2 -2 3 -1 -3 -6
right_child=1 4 -4 -5 5 -7
leaf_value=0.032819176183957167 0.019562924913745252 -0.018779897900645014 -0.020708323408839761 -0.013116510458173681 -0.012076471828115904 0.020724359033455108
leaf_weight=35.553955027833581 265.37182296067476 87.157119882293046 212.59497647546232 83.895914376713336 52.895591765642166 76.226989526301622
leaf_count=777 4701 4408 11697 3231 2283 2084
internal_value=0.000148421 0.00922811 -0.0127751 0.00134603 -0.00346395 0.00698387
internal_weight=813.696 481.652 332.045 119.45 216.28 129.123
internal_count=29181 13476 15705 4008 8775 4367
is_linear=0
shrinkage=0.035


Tree=46
num_leaves=7
num_cat=0
split_feature=47 97 21 89 1 88
split_gain=82.3339 56.654 51.1384 42.2331 40.5063 38.7377
threshold=0.30591443181037908 0.48142592608928686 0.36526092886924749 0.34553955495357519 0.3523221909999848 0.13103374466300013
decision_type=10 8 10 8 10 10
left_child=-1 2 4 -3 -2 -4
right_child=1 3 5 -5 -6 -7
leaf_value=-0.0215817889327783 0.055491399854992289 0.0065792009688620751 0.023044678420241091 -0.018492791242398655 0.014553278304309634 -0.0070356670757767883
leaf_weight=151.2170002348721 50.292736664414406 183.98415598552674 76.402223400771618 134.62678152322769 87.290299790911376 128.16069049015641
leaf_count=8924 882 4417 731 7846 2181 4072
internal_value=0.000973104 0.00640981 0.0161678 -0.00404752 0.0321056 0.00439654
internal_weight=811.974 660.757 342.146 318.611 137.583 204.563
internal_count=29053 20129 7866 12263 3063 4803
is_linear=0
shrinkage=0.035


Tree=47
num_leaves=7
num_cat=0
split_feature=62 75 90 41 62 86
split_gain=75.0474 53.0137 34.0739 30.0385 28.1148 29.6656
threshold=0.48292374610900884 0.52847102284431469 0.71113720536232006 0.82821014523506176 0.37418358027935034 0.22801928222179416
decision_type=8 10 8 10 10 10
left_child=1 4 3 -3 -1 -6
right_child=-2 2 -4 -5 5 -7
leaf_value=-0.014781243937884535 -0.015629922762102979 0.02277755742337231 -0.019999814100464509 -0.011928098504755418 0.026793771274782753 -0.011696384987682157
leaf_weight=145.40983526129276 257.14230796508491 273.57327841687948 21.991517430171371 27.220155054703355 46.038415349088609 36.30855019390583
leaf_count=5470 15232 4560 1143 665 705 1213
internal_value=-0.000237202 0.0069792 0.0159881 0.0192392 -0.00567511 0.00970861
internal_weight=807.684 550.542 322.785 300.793 227.757 82.347
internal_count=28988 13756 6368 5225 7388 1918
is_linear=0
shrinkage=0.035


Tree=48
num_leaves=7
num_cat=0
split_feature=62 4 19 19 47 22
split_gain=74.7009 48.5678 37.7161 35.2542 26.0378 25.4921
threshold=0.48292374610900884 0.32850626111030584 0.084965411573648467 0.69397714734077465 0.66621923446655285 0.8948027789592744
decision_type=8 10 10 10 10 10
left_child=1 5 -3 -4 -2 -1
right_child=4 2 3 -5 -6 -7
leaf_value=-0.017557148371257832 -0.025535862532448241 -0.011101105866975439 0.020222958661777278 -0.018572890994893409 -0.0024764794159675605 0.018157179917000301
leaf_weight=114.6792970392853 141.38202597666532 61.018630200996995 330.0047324821353 23.773685782216489 112.52880699001253 22.323807353153825
leaf_count=4480 9910 1785 6143 971 5379 379
internal_value=-0.000420599 0.00673605 0.0127109 0.0171177 -0.0159046 -0.010695
internal_weight=805.711 551.8 414.797 353.778 253.911 137.003
internal_count=29047 13758 8899 7114 15289 4859
is_linear=0
shrinkage=0.035


Tree=49
num_leaves=7
num_cat=0
split_feature=73 89 4 20 4 93
split_gain=76.094 60.0036 45.3675 43.5969 20.5508 14.5363
threshold=0.25833839923143392 0.57663434743881237 0.19399309903383258 0.72052761912345897 0.73507168889045726 0.75704652070999157
decision_type=10 8 10 10 10 8
left_child=-1 2 -2 -4 -3 -6
right_child=1 4 3 -5 5 -7
leaf_value=-0.024245803376959418 -0.015703366710751239 -0.023236263751819697 0.017835190476488367 -0.01387048534979443 0.016876188014182076 -0.015968581579420008
leaf_weight=123.19452834129333 63.774006409570575 96.838500577025115 423.8523661242798 52.704943630844355 30.894352826289833 20.02043036185205
leaf_count=8190 2180 6264 7377 2721 1483 919
internal_value=0.000140415 0.00481041 0.010264 0.0140492 -0.014299 0.00265539
internal_weight=811.279 688.085 540.331 476.557 147.753 50.9148
internal_count=29134 20944 12278 10098 8666 2402
is_linear=0
shrinkage=0.035


Tree=50
num_leaves=7
num_cat=0
split_feature=13 60 35 10 87 4
split_gain=80.665 52.3081 67.8892 43.882 51.7027 44.1047
threshold=0.37051014602184301 0.46024337410926824 0.33408690989017492 0.83971184492111217 0.72988590598106395 0.3440880030393601
decision_type=8 10 8 10 8 10
left_child=3 -2 -3 4 5 -1
right_child=1 2 -4 -5 -6 -7
leaf_value=-0.0013923358313286582 -0.032061573158735528 0.02269587088933522 -0.013254459406910498 -0.014824428479110183 -0.02319460265679971 0.02754894011555668
leaf_weight=81.561819337308407 96.739780496805906 81.483702473342419 218.68844862002879 59.087886073626578 29.67552896309644 240.39951316267252
leaf_count=2834 6249 2778 9240 1932 1802 4304
internal_value=0.000377852 -0.0106982 -0.00298931 0.0112067 0.0159594 0.0202022
internal_weight=807.637 396.912 300.172 410.725 351.637 321.961
internal_count=29139 18267 12018 10872 8940 7138
is_linear=0
shrinkage=0.035


Tree=51
num_leaves=7
num_cat=0
split_feature=75 89 41 61 88 37
split_gain=60.4766 41.5508 32.2219 32.9337 21.9243 16.7672
threshold=0.52847102284431469 0.76827919483184826 0.81638875603675853 0.1023046374320984 0.34292492270469671 0.53293377161026012
decision_type=10 8 8 10 8 8
left_child=4 2 3 -2 5 -1
right_child=1 -3 -4 -5 -6 -7
leaf_value=0.0086555836032423655 -0.022148488541804675 -0.019212080950173169 -0.014321599174814733 0.017591982415355107 -0.021684566175034822 -0.011655502434595085
leaf_weight=74.921075213700533 19.655645536258817 53.639039233326912 44.362602266483009 350.16534836869687 144.76902842149138 112.72595416754484
leaf_count=1824 963 3298 1553 7880 9711 3838
internal_value=-0.000436683 0.00755886 0.0114486 0.0149166 -0.0117566 -0.00325531
internal_weight=800.239 467.823 414.184 369.821 332.416 187.647
internal_count=29067 13694 10396 8843 15373 5662
is_linear=0
shrinkage=0.035


Tree=52
num_leaves=7
num_cat=0
split_feature=86 4 72 20 39 10
split_gain=64.2969 58.4701 46.8975 30.1457 26.3005 23.6749
threshold=0.25712886452674871 0.39663089811801916 0.94092541933059703 0.6890932321548463 0.3200304657220841 0.83971184492111217
decision_type=8 10 10 10 10 10
left_child=3 -2 4 5 -3 -1
right_child=1 2 -4 -5 -6 -7
leaf_value=0.019862428442790177 -0.026149952758504794 0.0067061570131692824 0.027936276231423255 -0.01605555739956693 -0.013964308104958875 -0.0083662836887052547
leaf_weight=261.54937747586519 134.10538986418396 120.32734383177012 54.999093625694513 31.976449529640377 170.34424214810133 34.726369322277606
leaf_count=4800 8078 4551 882 1714 8011 1044
internal_value=0.000813257 -0.00724402 0.000367827 0.0126381 -0.00528129 0.0162482
internal_weight=808.028 479.776 345.671 328.252 290.672 296.276
internal_count=29080 21522 13444 7558 12562 5844
is_linear=0
shrinkage=0.035


Tree=53
num_leaves=7
num_cat=0
split_feature=62 4 34 20 72 8
split_gain=69.0375 45.0747 41.9373 34.8685 17.8657 13.3506
threshold=0.64539489150047313 0.27738565206527716 0.37395867705345159 0.72052761912345897 0.95466065406799328 0.86991462111473095
decision_type=8 10 10 10 10 10
left_child=1 5 -3 -4 -2 -1
right_child=4 2 3 -5 -6 -7
leaf_value=-0.016275652444632631 -0.021811204524516011 -0.0050746924759669061 0.019670042289353019 -0.019969155124743124 0.015175581911080387 0.014574214982792748
leaf_weight=113.56085492949933 161.981146434322 143.00041361432523 340.67116678226739 21.835218989290297 10.364462336525319 11.872140921652315
leaf_count=5093 11112 4658 6693 995 366 211
internal_value=0.000337302 0.00579468 0.010499 0.0167611 -0.0187213 -0.0122635
internal_weight=803.285 630.94 505.507 362.506 172.346 125.433
internal_count=29128 17650 12346 7688 11478 5304
is_linear=0
shrinkage=0.035


Tree=54
num_leaves=7
num_cat=0
split_feature=86 70 4 64 88 72
split_gain=66.253 43.1621 46.1947 31.1941 45.0143 26.6806
threshold=0.22801928222179416 0.48338252305984503 0.58976781368255626 0.2921500056982041 0.1224530376493931 0.8882674276828767
decision_type=8 10 10 10 10 10
left_child=3 5 -3 -1 -5 -2
right_child=1 2 -4 4 -6 -7
leaf_value=0.027904220624088906 -0.025053243928173412 -0.013416269430794079 0.014447047554987423 0.024741365562153686 -0.008426416175655517 0.0021318400905233461
leaf_weight=99.643786478787661 178.96096985321492 128.67743724863976 147.43295779265463 71.652718304656446 125.31971027422696 51.86038742121309
leaf_count=1387 11642 5427 4164 661 4719 1088
internal_value=-0.000232265 -0.00794672 0.00126481 0.0126422 0.00387764 -0.0188587
internal_weight=803.548 506.932 276.11 296.616 196.972 230.821
internal_count=29088 22321 9591 6767 5380 12730
is_linear=0
shrinkage=0.035


Tree=55
num_leaves=7
num_cat=0
split_feature=62 81 77 19 80 47
split_gain=58.9983 32.7164 44.919 36.0835 31.1237 28.7317
threshold=0.48292374610900884 0.29417429864406591 0.31022930145263677 0.08577339351177217 0.55379617214202892 0.66621923446655285
decision_type=8 10 10 10 10 10
left_child=1 -1 4 -4 -3 -2
right_child=5 2 3 -5 -6 -7
leaf_value=-0.010177181113267299 -0.02574501037523368 0.013322346284263013 -0.0095301522981372164 0.022139746558064905 -0.019593224145291275 -0.0012512592162077384
leaf_weight=118.74437907524407 129.58691214956343 49.265130124054849 45.47928701620549 260.55596247967333 81.180661090649664 112.01488608494401
leaf_count=3640 9904 983 1170 5162 2875 5414
internal_value=-0.000789713 0.00542725 0.0098973 0.0171433 -0.00673138 -0.0150033
internal_weight=796.827 555.225 436.481 306.035 130.446 241.602
internal_count=29148 13830 10190 6332 3858 15318
is_linear=0
shrinkage=0.035


Tree=56
num_leaves=7
num_cat=0
split_feature=89 41 19 80 20 75
split_gain=57.6721 42.4082 30.4974 34.1402 29.9497 23.228
threshold=0.54201155900955211 0.79287824034690868 0.38032709062099462 0.38443396985530859 0.22895412892103198 0.81046366691589367
decision_type=8 8 10 10 10 10
left_child=1 2 4 -4 -1 -2
right_child=5 -3 3 -5 -6 -7
leaf_value=-0.0071927286325071975 -0.023795697083682267 -0.014381015809025998 0.012704365209385123 -0.012822100764078947 0.022974361704632938 0.0014514171309683802
leaf_weight=42.542643192224205 141.92760387156159 105.39254159294069 123.68200040142983 117.11190888565034 208.41568922065198 56.917356470599771
leaf_count=809 10441 4015 3504 4804 2675 2901
internal_value=-0.000530975 0.00486084 0.00925401 6.52698e-05 0.0175935 -0.0165385
internal_weight=795.99 597.145 491.752 240.794 250.958 198.845
internal_count=29149 15807 11792 8308 3484 13342
is_linear=0
shrinkage=0.035


Tree=57
num_leaves=7
num_cat=0
split_feature=19 4 41 93 86 50
split_gain=55.7391 45.9746 41.0127 38.3708 14.9037 10.1486
threshold=0.72930333018302929 0.27738565206527716 0.81638875603675853 0.80978858470916759 0.25712886452674871 0.80074074864387523
decision_type=8 10 8 8 8 10
left_child=1 4 3 -3 5 -1
right_child=-2 2 -4 -5 -6 -7
leaf_value=0.006356750811290255 -0.02243738668921701 0.016146084580009535 -0.015642042617271468 -0.010941846988625275 -0.023819596815804017 -0.022058992749925926
leaf_weight=52.30843224003911 104.00826385710388 423.39728161040694 65.842366266995668 67.057317496277392 70.132862548343837 12.549279418773947
leaf_count=1546 7334 9928 2600 2826 4434 418
internal_value=0.000416869 0.00414785 0.00865513 0.012221 -0.0135046 -0.000239243
internal_weight=795.296 691.288 556.297 490.455 134.991 64.8577
internal_count=29086 21752 15354 12754 6398 1964
is_linear=0
shrinkage=0.035


Tree=58
num_leaves=7
num_cat=0
split_feature=47 13 60 87 10 84
split_gain=60.6347 42.734 52.0599 37.8238 33.1995 32.1716
threshold=0.3095673024654389 0.37051014602184301 0.4714705646038056 0.72988590598106395 0.83971184492111217 0.83877301216125499
decision_type=10 8 10 8 10 8
left_child=-1 3 -3 4 -2 -4
right_child=1 2 5 -5 -6 -7
leaf_value=-0.020941846085767112 0.020209684443253828 -0.030749505026364879 0.0080838965381232111 -0.023764729647790861 -0.010741593866162445 -0.024980881970064553
leaf_weight=134.91309374477714 282.51503574941307 66.59676187671721 207.92658077552915 24.313800184056163 42.194642601534724 34.989232013933361
leaf_count=8997 4822 4014 6552 1396 1111 2177
internal_value=-0.000194573 0.00417745 -0.00510907 0.0124897 0.0158683 0.00246744
internal_weight=793.449 658.536 309.513 349.023 324.71 242.916
internal_count=29069 20072 12743 7329 5933 8729
is_linear=0
shrinkage=0.035


Tree=59
num_leaves=7
num_cat=0
split_feature=91 41 13 12 10 26
split_gain=55.2295 57.2475 32.3306 42.2721 25.6123 18.8511
threshold=0.62776020169258129 0.81638875603675853 0.36721758544445043 0.64017808437347423 0.78825879096984874 0.62977707386016857
decision_type=8 8 10 10 10 10
left_child=1 2 4 -4 -1 -2
right_child=5 -3 3 -5 -6 -7
leaf_value=0.019750830487319206 -0.029742664572950869 -0.020171860482703158 -0.02000219889686447 0.0099086504655356272 -0.0044414305712919743 -0.0035708569206032359
leaf_weight=266.89189040660858 82.869009509682655 94.111164094880223 87.140272333286703 138.62133524566889 59.2248331354931 65.522195670753717
leaf_count=5007 6907 4356 3732 3621 1515 3887
internal_value=-0.000560111 0.00384685 0.00826621 -0.00170128 0.0151991 -0.019296
internal_weight=794.381 645.989 551.878 225.762 326.117 148.391
internal_count=29025 18231 13875 7353 6522 10794
is_linear=0
shrinkage=0.035


Tree=60
num_leaves=7
num_cat=0
split_feature=73 89 22 65 62 52
split_gain=53.0191 39.2974 43.0872 38.7363 37.1781 6.62048
threshold=0.25833839923143392 0.80787301063537609 0.4119954258203507 0.19778277724981311 0.48292374610900884 0.12334068864583971
decision_type=10 8 10 10 10 8
left_child=5 2 3 -2 -4 -1
right_child=1 -3 4 -5 -6 -7
leaf_value=0 0.0020071588828933298 -0.021850391244848454 0.0053269399678527269 0.029285440025088937 -0.020601550325135592 -0.023604486700805966
leaf_weight=11.977999668568371 118.37578876502812 54.379810077603906 282.69859878811985 146.18284347746521 80.164842251222581 98.37671808572486
leaf_count=530 3496 3855 5212 3421 4920 7618
internal_value=0.000781035 0.00454935 0.00716637 0.0176897 -0.000580533 -0.0207909
internal_weight=792.157 681.802 627.422 264.559 362.863 110.355
internal_count=29052 20904 17049 6917 10132 8148
is_linear=0
shrinkage=0.035


Tree=61
num_leaves=7
num_cat=0
split_feature=73 13 60 35 10 4
split_gain=53.266 34.0443 56.249 36.9492 35.5789 26.7991
threshold=0.25833839923143392 0.36721758544445043 0.46764248609542852 0.31403243541717535 0.83971184492111217 0.098017703741788878
decision_type=10 10 10 10 10 10
left_child=-1 4 -3 -4 5 -2
right_child=1 2 3 -5 -6 -7
leaf_value=-0.022680013034305956 -0.021122428130616648 -0.030715879524377019 0.022545461104650968 -0.0059072466903993112 -0.015971492975306489 0.017062413341461084
leaf_weight=108.57570187188685 16.400467441882938 72.731434900313616 72.479019907303154 172.0984928207472 46.70077242795378 300.55150835542008
leaf_count=8188 660 5001 2208 6089 1244 5710
internal_value=-0.000755503 0.0028868 -0.00531552 0.00276371 0.0101454 0.0144536
internal_weight=789.537 680.962 317.309 244.578 363.653 316.952
internal_count=29100 20912 13298 8297 7614 6370
is_linear=0
shrinkage=0.035


Tree=62
num_leaves=7
num_cat=0
split_feature=62 63 60 34 91 21
split_gain=52.8649 40.3473 32.5274 27.7323 29.2962 26.1942
threshold=0.48292374610900884 0.42255038022995001 0.60507053136825573 0.37395867705345159 0.64563158154487621 0.33643685281276708
decision_type=8 10 10 10 8 8
left_child=1 3 -3 -1 -5 -2
right_child=5 2 -4 4 -6 -7
leaf_value=-0.011531865299215995 0 0.00062654693647752483 0.045014696403980009 0.010296302529859124 -0.022583509096039373 -0.023560064825312841
leaf_weight=126.7022928474471 100.31811098335311 36.763331764377654 45.647740515880287 322.98020038660616 28.50563670694828 128.35578359011561
leaf_count=4249 5419 918 684 6025 1882 9866
internal_value=0.000261192 0.0061081 0.0276015 0.00190272 0.00704046 -0.0135728
internal_weight=789.273 560.599 82.4111 478.188 351.486 228.674
internal_count=29043 13758 1602 12156 7907 15285
is_linear=0
shrinkage=0.035


Tree=63
num_leaves=7
num_cat=0
split_feature=89 34 4 60 37 23
split_gain=48.5259 42.1122 41.5477 29.9353 16.3381 14.519
threshold=0.80787301063537609 0.37395867705345159 0.19399309903383258 0.44026830792427069 0.7947528362274171 0.84392714500427257
decision_type=8 10 10 10 8 10
left_child=1 4 -3 -4 5 -1
right_child=-2 2 3 -5 -6 -7
leaf_value=-0.0097141915797074666 -0.027487919592093613 -0.01657856242254693 -0.0006716998386128377 0.018092865996432436 -0.025460808259541282 0.014372041924050805
leaf_weight=119.88074850989506 68.370336283463985 67.328830323647708 153.74575569061562 280.96029074583203 59.533308837562799 31.461790055967867
leaf_count=4922 5551 3383 5038 5707 3378 1067
internal_value=-0.000922605 0.00182903 0.00738309 0.0114455 -0.0109403 -0.00390738
internal_weight=781.281 712.911 502.035 434.706 210.876 151.343
internal_count=29046 23495 14128 10745 9367 5989
is_linear=0
shrinkage=0.035


Tree=64
num_leaves=7
num_cat=0
split_feature=73 84 89 4 44 82
split_gain=49.5481 34.1151 34.3275 32.636 7.57174 6.34422
threshold=0.25833839923143392 0.85446289181709301 0.86054712533950817 0.46266965568065649 0.51426753401756298 0.14487642049789431
decision_type=10 8 8 10 10 8
left_child=5 2 3 -2 -3 -1
right_child=1 4 -4 -5 -6 -7
leaf_value=-0.00035213676826258123 -0.0028340047396577762 0.0079907821084824176 -0.024286560816098788 0.01419332038351916 -0.023875031673434851 -0.025314823335151341
leaf_weight=19.657396028283983 202.24014729307964 4.0493504912592462 34.152450836729258 383.48345372220501 54.406929839402437 85.319458422716707
leaf_count=1052 7037 104 2612 8548 2587 7183
internal_value=0 0.00355252 0.00610294 0.00826669 -0.0201814 -0.0214611
internal_weight=783.309 678.332 619.876 585.724 58.4563 104.977
internal_count=29123 20888 18197 15585 2691 8235
is_linear=0
shrinkage=0.035


Tree=65
num_leaves=7
num_cat=0
split_feature=86 4 35 60 22 46
split_gain=48.5837 40.3722 27.728 23.5044 23.3867 28.3952
threshold=0.25712886452674871 0.39663089811801916 0.41712890565395361 0.1860453933477402 0.36864598095417028 0.73535075783729564
decision_type=8 10 10 10 8 10
left_child=4 -2 3 -3 -1 -6
right_child=1 2 -4 -5 5 -7
leaf_value=0.023081445017322913 -0.02380649882278325 -0.017975798914860567 -0.011548829588229191 0.013336322920550198 -0.0060069365438979692 0.018886421058410506
leaf_weight=109.97882326133549 119.4973351159133 26.981950468849391 150.86129240412265 162.74074988998473 139.65412202244624 81.468683228362352
leaf_count=2034 8106 1490 7053 4941 3904 1646
internal_value=0.000249272 -0.00699494 -0.00053484 0.00807052 0.0103978 0.00327464
internal_weight=791.183 460.081 340.584 189.723 331.102 221.123
internal_count=29174 21590 13484 6431 7584 5550
is_linear=0
shrinkage=0.035


Tree=66
num_leaves=7
num_cat=0
split_feature=47 97 21 49 88 88
split_gain=44.9193 35.2837 37.2383 38.925 29.6503 25.8212
threshold=0.30591443181037908 0.48142592608928686 0.36906111240386968 0.5812940001487733 0.13103374466300013 0.66555985808372509
decision_type=10 8 10 10 10 8
left_child=-1 2 3 -2 -4 -3
right_child=1 5 4 -5 -6 -7
leaf_value=-0.018704738963893096 0.039928633094639003 0 0.016847495366621949 0.0037032074751619515 -0.0091036703441844929 -0.025964198475158021
leaf_weight=122.05281937727705 78.275973563082516 257.84131568297744 81.774051641114056 71.913528209552169 126.01836726907641 49.509398395661265
leaf_count=8833 1128 8428 734 1998 4098 3924
internal_value=6.00433e-05 0.00376168 0.0111637 0.0239796 0.00111176 -0.00475777
internal_weight=787.385 665.333 357.982 150.19 207.792 307.351
internal_count=29143 20310 7958 3126 4832 12352
is_linear=0
shrinkage=0.035


Tree=67
num_leaves=7
num_cat=0
split_feature=97 21 88 60 14 74
split_gain=40.5846 36.3957 35.0975 32.2086 32.1137 24.4108
threshold=0.48142592608928686 0.36526092886924749 0.13103374466300013 0.74734425544738781 0.35048195719718939 0.49138653278350836
decision_type=8 10 10 10 8 10
left_child=1 3 -3 -1 5 -2
right_child=4 2 -4 -5 -6 -7
leaf_value=0.034550863815616742 -0.015607140131405196 0.01406246879089363 -0.012126814283221207 0.003523074994049111 -0.018751922751506351 0.011165205386736503
leaf_weight=75.350169646088034 55.659751147497445 93.274205201305449 154.72993873339146 93.048360834829509 195.3595134653151 111.21194235933945
leaf_count=1329 3097 1041 6232 2801 11527 3173
internal_value=-0.000869924 0.00645399 -0.00194032 0.0186414 -0.00938846 0.00162965
internal_weight=778.634 416.403 248.004 168.399 362.231 166.872
internal_count=29200 11403 7273 4130 17797 6270
is_linear=0
shrinkage=0.035


Tree=68
num_leaves=7
num_cat=0
split_feature=89 32 15 23 87 20
split_gain=42.9514 38.1378 27.8468 40.0883 32.143 16.3111
threshold=0.80787301063537609 0.29566481709480291 0.38484805822372442 0.16141144931316379 0.49121992290019995 0.37427160143852239
decision_type=8 10 10 10 10 8
left_child=1 5 3 -3 -4 -1
right_child=-2 2 4 -5 -6 -7
leaf_value=0 -0.025980338434978077 -0.0062619920119032979 0.004823518042551083 0.022355737243933197 -0.020446492046474286 -0.025559896480317611
leaf_weight=46.596715253777802 65.144276681356132 77.845466800034046 256.10466681746766 191.9868555078283 72.18476574216038 68.024471610784531
leaf_count=1602 5601 2632 5363 4538 4182 5264
internal_value=-0.000372865 0.00215719 0.00579951 0.0139681 -0.000930994 -0.0155595
internal_weight=777.887 712.743 598.122 269.832 328.289 114.621
internal_count=29182 23581 16715 7170 9545 6866
is_linear=0
shrinkage=0.035


Tree=69
num_leaves=7
num_cat=0
split_feature=13 55 35 87 37 77
split_gain=49.3987 44.9445 52.6013 37.5811 21.9876 21.4382
threshold=0.37051014602184301 0.49907787144184118 0.46171304583549505 0.67505332827568065 0.18590234220027926 0.48141357302665716
decision_type=8 10 8 8 10 10
left_child=3 -2 4 5 -3 -1
right_child=1 2 -4 -5 -6 -7
leaf_value=0.0023245340745065217 -0.0298136992706463 -0.011057414850456524 -0.013517146428130029 -0.021840434135100669 0.024580973868165452 0.019369528415305953
leaf_weight=175.7663950859569 87.875318003352731 20.153799201827496 172.94552037259564 37.055492279585451 84.204176606144756 203.44610030390322
leaf_count=4177 6814 887 8149 2564 2516 4075
internal_value=0.000107222 -0.00911521 -0.00171995 0.00834084 0.0169339 0.0118159
internal_weight=781.447 365.179 277.303 416.268 104.358 379.212
internal_count=29182 18366 11552 10816 3403 8252
is_linear=0
shrinkage=0.035


Tree=70
num_leaves=7
num_cat=0
split_feature=47 86 70 15 72 38
split_gain=45.1261 31.9141 32.9645 21.0783 19.5974 18.7148
threshold=0.29424983263015753 0.16394063830375674 0.48338252305984503 0.60558182001113903 0.86487108469009411 0.76741257309913646
decision_type=10 8 10 10 10 10
left_child=-1 5 4 -4 -3 -2
right_child=1 2 3 -5 -6 -7
leaf_value=-0.020662298715985235 0.021128799921529634 -0.020030585214367461 0.012001132550873173 -0.0077002690942103748 0.0016454170595643798 -0.0045453387775112571
leaf_weight=112.87829024810344 134.22995706973597 134.022064183373 194.58215362532064 89.136058209929615 71.415775537025183 38.626947808079422
leaf_count=8535 2233 8503 5052 2376 1525 878
internal_value=-0.000939188 0.00255195 -0.00196794 0.00559013 -0.0124702 0.015154
internal_weight=774.891 662.013 489.156 283.718 205.438 172.857
internal_count=29102 20567 17456 7428 10028 3111
is_linear=0
shrinkage=0.035


Tree=71
num_leaves=7
num_cat=0
split_feature=89 19 37 60 24 87
split_gain=41.1871 34.7943 40.4966 30.7839 28.085 13.3986
threshold=0.76446300745010387 0.72930333018302929 0.53293377161026012 0.43288145959377294 0.49511472880840307 0.92959251999855053
decision_type=8 8 8 10 10 10
left_child=1 2 3 -1 -4 -3
right_child=-2 5 4 -5 -6 -7
leaf_value=0.00010762331686153268 -0.022057717234066288 -0.023075029701306024 -0.015787232058597094 0.022086318817545973 0.0059662840880725081 0.0089089011354164475
leaf_weight=126.81751415133476 78.402237928006798 67.369887341279536 118.83019339479506 217.85303720505908 159.33579331869259 13.092858020681886
leaf_count=4590 6762 5126 4013 3855 3975 818
internal_value=0.000686035 0.00351483 0.00642218 0.0143343 -0.00332473 -0.0169421
internal_weight=781.702 703.299 622.837 344.671 278.166 80.4627
internal_count=29139 22377 16433 8445 7988 5944
is_linear=0
shrinkage=0.035


Tree=72
num_leaves=7
num_cat=0
split_feature=4 92 77 87 34 21
split_gain=45.875 35.3278 31.2654 25.0785 16.5056 14.9258
threshold=0.32850626111030584 0.83789372444152843 0.2262072563171387 0.35281762480735784 0.69659468531608593 0.91910627484321605
decision_type=10 8 10 10 10 10
left_child=5 2 4 -4 -2 -1
right_child=1 -3 3 -5 -6 -7
leaf_value=-0.020716503259944421 -0.018641336977964863 -0.018118261283586408 0.017675112169036292 0.00088141972461895201 0.017759243784043529 0.0059882567662281512
leaf_weight=146.96021271403879 70.780442752875388 71.788183857221156 249.48616913333535 202.26255689235404 10.786049091722814 23.593266980722547
leaf_count=8939 3073 3521 4255 8503 174 727
internal_value=-0.000970053 0.0035163 0.00675019 0.0104164 -0.0120854 -0.0166255
internal_weight=775.657 605.103 533.315 451.749 81.5665 170.553
internal_count=29192 19526 16005 12758 3247 9666
is_linear=0
shrinkage=0.035


Tree=73
num_leaves=7
num_cat=0
split_feature=13 60 78 91 25 64
split_gain=43.7582 37.5399 37.1692 27.7958 27.7369 29.7659
threshold=0.37051014602184301 0.46024337410926824 0.37055121362209326 0.62388974428176891 0.6281382441520692 0.2883803397417069
decision_type=8 10 10 8 10 10
left_child=3 -2 -3 4 5 -1
right_child=1 2 -4 -5 -6 -7
leaf_value=0.036371627514258036 -0.030548472289403803 0.014104256541558354 -0.012025244977104745 -0.019198667186566449 -0.0017884848036716667 0.0084432826925401709
leaf_weight=64.788653818424791 73.035528331529349 92.167716172058135 188.27628639433533 35.858035184442997 142.97869746899232 173.04344974691048
leaf_count=1146 6245 3126 8822 2882 2881 3921
internal_value=-0.000461335 -0.00946939 -0.00310278 0.00709142 0.0100461 0.0172009
internal_weight=770.148 353.48 280.444 416.669 380.811 237.832
internal_count=29023 18193 11948 10830 7948 5067
is_linear=0
shrinkage=0.035


Tree=74
num_leaves=7
num_cat=0
split_feature=34 89 4 53 32 31
split_gain=42.7042 38.2881 28.6663 23.3242 15.6481 11.1122
threshold=0.36983238160610205 0.76827919483184826 0.19399309903383258 0.84757661819458019 0.85073199868202221 0.80487653613090526
decision_type=10 8 10 10 10 10
left_child=4 2 -2 -4 -1 -6
right_child=1 -3 3 -5 5 -7
leaf_value=-0.01715230879493156 -0.013248314785436753 -0.020952164536341366 0.013414098939117745 -0.013233155218106111 0.026879862447871404 -0.010651988708861965
leaf_weight=189.76324392436072 61.120904946699739 56.313992337323725 398.46156107308343 36.314759155269712 12.200847529806198 9.8347826479002816
leaf_count=10201 3248 4906 9080 1133 218 293
internal_value=-0.000701335 0.00436467 0.00763083 0.0108709 -0.0138266 0.0100055
internal_weight=764.01 552.211 495.897 434.776 211.799 22.0356
internal_count=29079 18367 13461 10213 10712 511
is_linear=0
shrinkage=0.035


Tree=75
num_leaves=7
num_cat=0
split_feature=47 41 86 62 87 37
split_gain=33.8318 28.1895 22.7573 26.9712 18.5355 15.3148
threshold=0.41701643168926245 0.79287824034690868 0.16394063830375674 0.2403153330087662 0.24898356944322589 0.52504104375839245
decision_type=10 8 8 10 8 10
left_child=4 2 5 -4 -1 -2
right_child=1 -3 3 -5 -6 -7
leaf_value=0 0.028220486105861448 -0.01543353150013591 0.01347328714577465 -0.0056070284009760501 -0.023132840678307603 0.0032527435217773433
leaf_weight=70.772641125600785 71.25291200960055 80.582308859564364 133.84248582506552 241.46346791973338 106.25373630644754 60.808307146653533
leaf_count=3176 882 3467 2732 8939 8932 1030
internal_value=-0.00130489 0.00269414 0.00587 0.00119966 -0.0144126 0.0179412
internal_weight=764.976 587.949 507.367 375.306 177.026 132.061
internal_count=29158 17050 13583 11671 12108 1912
is_linear=0
shrinkage=0.035


Tree=76
num_leaves=7
num_cat=0
split_feature=73 4 84 89 52 47
split_gain=32.2175 27.3154 23.9568 22.4455 12.8913 7.59679
threshold=0.25833839923143392 0.19399309903383258 0.85446289181709301 0.86054712533950817 0.12334068864583971 0.78419855237007152
decision_type=10 10 8 8 8 10
left_child=4 5 3 -3 -1 -2
right_child=1 2 -4 -5 -6 -7
leaf_value=0.0077711368267198043 -0.020793358291702081 0.0084623545056768546 -0.017134206823142997 -0.021023817092601114 -0.024014173802249978 0.009501265617602438
leaf_weight=12.117573779541997 65.833918556571007 521.1467914651148 48.17812690557912 25.187454933766276 82.22399735590443 4.5069013666361561
leaf_count=547 3726 12833 2249 2075 7681 52
internal_value=-0.000794073 0.00192629 0.00450204 0.00672446 -0.0191302 -0.0174101
internal_weight=759.195 664.853 594.512 546.334 94.3416 70.3408
internal_count=29163 20935 17157 14908 8228 3778
is_linear=0
shrinkage=0.035


Tree=77
num_leaves=7
num_cat=0
split_feature=13 61 47 43 10 87
split_gain=34.0831 43.2654 27.1278 28.3385 23.013 26.4016
threshold=0.36045515537261968 0.45640182495117193 0.67015653848648082 0.73714062571525585 0.83971184492111217 0.72988590598106395
decision_type=8 10 10 10 10 8
left_child=4 -2 -3 -4 5 -1
right_child=1 2 3 -5 -6 -7
leaf_value=0.012998181018374945 -0.030483066496870014 -0.01265852484689561 0.01796933111407829 -0.012591531480114652 -0.012881891824461198 -0.0205510095563332
leaf_weight=327.69531865976751 72.576194227207452 130.8304233928211 108.33471049414948 45.885036642663181 53.007587681524456 23.170005047228187
leaf_count=6913 6430 7152 2483 2526 1878 1742
internal_value=0 -0.00780615 -0.00117873 0.00838037 0.00687581 0.0102277
internal_weight=761.499 357.626 285.05 154.22 403.873 350.865
internal_count=29124 18591 12161 5009 10533 8655
is_linear=0
shrinkage=0.035


Tree=78
num_leaves=7
num_cat=0
split_feature=47 27 14 81 10 88
split_gain=32.7114 27.6497 27.0064 22.9631 20.591 15.9674
threshold=0.29424983263015753 0.48178415000438696 0.33924025297164923 0.30181095004081732 0.83971184492111217 0.66555985808372509
decision_type=10 10 10 10 10 8
left_child=-1 2 5 -3 -5 -2
right_child=1 3 -4 4 -6 -7
leaf_value=-0.018063538696778927 0.010217296967677826 -0.0077185409385930361 -0.015903792673007892 0.016266483295059843 -0.0092594443401570591 -0.021303717524043916
leaf_weight=104.83518861513585 116.30232542101294 76.000413504429162 146.59949936484918 264.27949762204662 37.043192995712161 14.921970630064605
leaf_count=8542 2673 2501 7901 5075 1246 1175
internal_value=-0.000594566 0.0023058 -0.00586728 0.00845678 0.0128004 0.00523767
internal_weight=759.982 655.147 277.824 377.323 301.323 131.224
internal_count=29113 20571 11749 8822 6321 3848
is_linear=0
shrinkage=0.035


Tree=79
num_leaves=7
num_cat=0
split_feature=73 93 4 77 95 89
split_gain=32.1451 21.2512 24.5526 31.7354 17.2144 16.1569
threshold=0.25833839923143392 0.81461128592491161 0.32850626111030584 0.23047023266553882 0.40573711693286901 0.32600437104702001
decision_type=10 8 10 10 10 8
left_child=-1 2 4 -4 -2 -3
right_child=1 5 3 -5 -6 -7
leaf_value=-0.019225051935957443 -0.02177428019259733 0.0070057393981583426 -0.013345876664146022 0.011797494007952668 0.0028106608099950706 -0.023735897991044773
leaf_weight=90.248934597242624 56.855776095762849 23.700320308562368 63.347945588175207 411.70253051165491 65.189782491885126 54.273491162341088
leaf_count=8213 2858 424 1917 9843 2538 3426
internal_value=-0.000455327 0.00217288 0.00452864 0.00817044 -0.00887363 -0.0139988
internal_weight=765.319 675.07 597.096 475.05 122.046 77.9738
internal_count=29219 21006 17156 11760 5396 3850
is_linear=0
shrinkage=0.035


Tree=80
num_leaves=7
num_cat=0
split_feature=32 89 60 62 44 90
split_gain=31.7472 25.8717 20.9621 35.9986 24.8428 19.4385
threshold=0.29566481709480291 0.80787301063537609 0.46764248609542852 0.17653041332960132 0.51001638174057018 0.25175850093364721
decision_type=10 8 10 10 10 8
left_child=5 2 3 -2 -4 -1
right_child=1 -3 4 -5 -6 -7
leaf_value=0.003064597746834995 0.023581708061538649 -0.019528743497822125 0.020471404918509427 -0.010011316856783747 0.0023460609550384637 -0.025451889724732932
leaf_weight=37.900403094477952 41.168708606623113 46.310609083622694 163.83429555455223 177.49534859228879 222.63359188009053 75.924181293696165
leaf_count=1189 1119 4209 2750 6218 6644 7013
internal_value=0.000394713 0.00348868 0.00556764 -0.00284593 0.0104223 -0.015948
internal_weight=765.267 651.443 605.132 218.664 386.468 113.825
internal_count=29142 20940 16731 7337 9394 8202
is_linear=0
shrinkage=0.035


Tree=81
num_leaves=7
num_cat=0
split_feature=92 77 81 20 84 34
split_gain=35.7835 28.997 29.5368 23.1173 13.2216 15.3616
threshold=0.79309976100921642 0.33349497616291052 0.22609890997409823 0.22895412892103198 0.28718961775302893 0.65716785192489635
decision_type=8 10 10 10 8 10
left_child=1 4 -3 -4 -1 -6
right_child=-2 2 3 -5 5 -7
leaf_value=0.0083111083692595268 -0.018832584079527495 -0.0098631958660338644 -0.010526175458580245 0.014908324949326418 -0.018826961316539555 0.0055231143538336438
leaf_weight=37.23168486636132 99.004648800939322 86.397729529533535 41.781907794531435 341.85629722010344 116.25345255341381 34.514699686784297
leaf_count=1307 5654 3842 1002 10486 5807 984
internal_value=0 0.00297224 0.00764732 0.0118458 -0.00828356 -0.0129245
internal_weight=757.04 658.036 470.036 383.638 188 150.768
internal_count=29082 23428 15330 11488 8098 6791
is_linear=0
shrinkage=0.035


Tree=82
num_leaves=7
num_cat=0
split_feature=20 47 61 19 87 81
split_gain=38.8225 27.0835 22.7496 24.3271 10.8802 6.71109
threshold=0.72052761912345897 0.19740741699934009 0.1023046374320984 0.08577339351177217 0.92959251999855053 0.80602648854255687
decision_type=8 10 10 10 10 10
left_child=1 -1 5 -4 -2 -3
right_child=4 2 3 -5 -6 -7
leaf_value=-0.019233535581601891 -0.02554816134567061 -0.025891632675705246 -0.012069216813369477 0.009368460060048954 0.0031269806831736176 0.0071909597865129479
leaf_weight=53.391322632785887 76.691907560452819 28.252917299512777 64.96933331200853 519.04197450354695 14.180134448688476 2.9250775473192325
leaf_count=4456 6598 1944 1924 13042 982 155
internal_value=-0.000102071 0.00282454 0.0050455 0.00676404 -0.0206516 -0.0206132
internal_weight=759.453 668.581 615.189 584.011 90.872 31.178
internal_count=29101 21521 17065 14966 7580 2099
is_linear=0
shrinkage=0.035


Tree=83
num_leaves=7
num_cat=0
split_feature=86 39 60 36 52 67
split_gain=34.1525 30.2907 32.6821 22.813 18.4392 16.2523
threshold=0.25712886452674871 0.3200304657220841 0.1860453933477402 0.15347646921873095 0.14312471449375155 0.30761112272739416
decision_type=8 8 10 10 8 10
left_child=5 2 -2 -4 -3 -1
right_child=1 4 3 -5 -6 -7
leaf_value=-0.0046908581039427182 -0.02530512559358138 0.00012474537710737438 -0.0055109508102934588 0.020911348219496882 -0.020164339537401099 0.012564386456464722
leaf_weight=79.791544210165739 29.140699295792729 70.740332146640867 56.438044802751392 95.755080504808575 176.31905086804181 254.4646620163694
leaf_count=2096 2255 2340 2191 3266 11466 5498
internal_value=0 -0.00648992 0.00406527 0.0109995 -0.0143274 0.00827856
internal_weight=762.649 428.393 181.334 152.193 247.059 334.256
internal_count=29112 21518 7712 5457 13806 7594
is_linear=0
shrinkage=0.035


Tree=84
num_leaves=7
num_cat=0
split_feature=34 4 19 88 32 71
split_gain=31.5896 32.8242 28.3163 20.0886 12.7313 10.9
threshold=0.36983238160610205 0.27738565206527716 0.72930333018302929 0.90307712554931652 0.85073199868202221 0.57769477367401134
decision_type=10 10 10 8 10 10
left_child=4 -2 3 -3 -1 -6
right_child=1 2 -4 -5 5 -7
leaf_value=-0.015156357509217211 -0.013449870004984134 0.012706178189934903 -0.016152111071261046 -0.021102136649449137 -0.0091945239738482672 0.027750554174039616
leaf_weight=180.57301078969613 99.142693810164928 393.99982724059373 44.505961239337921 14.56205653818324 11.802790075540544 10.49106510914862
leaf_count=10176 6076 8141 2988 1233 377 136
internal_value=-0.000379232 0.00390056 0.00797863 0.010993 -0.011984 0.00919527
internal_weight=755.077 552.211 453.068 408.562 202.867 22.2939
internal_count=29127 18438 12362 9374 10689 513
is_linear=0
shrinkage=0.035


Tree=85
num_leaves=7
num_cat=0
split_feature=47 86 66 84 0 88
split_gain=28.7388 23.719 17.2223 15.4286 14.1859 21.4373
threshold=0.18965281546115878 0.1761407554149628 0.80757400393486034 0.85826146602630626 0.34064213931560522 0.1224530376493931
decision_type=10 8 10 8 10 10
left_child=-1 4 3 -3 -2 -6
right_child=1 2 -4 -5 5 -7
leaf_value=-0.023689273383868031 0.025473151113204671 0.00053238062253933816 -0.023363156021222593 -0.022329417763457333 0.017970418518961386 -0.0060469309689981671
leaf_weight=57.54112606216222 48.206359753385186 398.67795947566628 41.839535631705076 31.380268362816423 71.417096705175936 95.829486743081361
leaf_count=5592 887 13661 3472 2244 625 2562
internal_value=-0.00152585 0.000505244 -0.00380756 -0.00139326 0.00998448 0.00426147
internal_weight=744.892 687.351 471.898 430.058 215.453 167.247
internal_count=29043 23451 19377 15905 4074 3187
is_linear=0
shrinkage=0.035


Tree=86
num_leaves=7
num_cat=0
split_feature=96 39 92 65 63 51
split_gain=34.2412 26.6655 24.836 30.4156 30.6672 26.621
threshold=0.49610193073749548 0.62866342067718517 0.79309976100921642 0.44385388493537908 0.16054526716470721 0.55462887883186351
decision_type=10 8 10 10 10 10
left_child=1 -1 3 4 -2 -5
right_child=2 -3 -4 5 -6 -7
leaf_value=-0.0017417663280177955 -0.0012930815815190356 -0.024065249596139256 -0.013303435395144695 -0.014042345829247571 0.030544089420406855 0.010559845702397545
leaf_weight=236.10989725915715 48.167384826112539 86.909844561945647 56.921412281692028 79.742272531613708 112.5097669698298 130.60402092942968
leaf_count=10706 913 6352 2489 3005 3031 2597
internal_value=7.49343e-05 -0.00834304 0.00658589 0.00999216 0.0210801 0.000819935
internal_weight=750.965 323.02 427.945 371.023 160.677 210.346
internal_count=29093 17058 12035 9546 3944 5602
is_linear=0
shrinkage=0.035


Tree=87
num_leaves=7
num_cat=0
split_feature=89 86 58 98 12 65
split_gain=30.4856 25.915 28.3707 26.6699 22.7637 20.0129
threshold=0.80787301063537609 0.1761407554149628 0.61052599549293529 0.34064213931560522 0.7199615240097047 0.3719815611839295
decision_type=8 10 10 8 10 10
left_child=1 3 -3 5 -5 -1
right_child=-2 2 -4 4 -6 -7
leaf_value=0.045466829432228503 -0.023920827098850735 0.002197933096511263 -0.016964082945575939 -0.0031756612967616671 0.023177451494032591 0
leaf_weight=32.804164166562259 53.036712688393891 353.33488636417314 119.10310658207163 130.21273650508374 47.724424655549228 14.516382991336284
leaf_count=338 5561 11851 7310 2684 999 329
internal_value=-0.000128543 0.00185635 -0.00272563 0.0114552 0.00430325 0.032888
internal_weight=750.732 697.696 472.438 225.258 177.937 47.3205
internal_count=29072 23511 19161 4350 3683 667
is_linear=0
shrinkage=0.035


Tree=88
num_leaves=7
num_cat=0
split_feature=62 63 64 22 19 76
split_gain=32.0468 26.0914 37.2221 22.0403 21.7928 11.3967
threshold=0.64539489150047313 0.099936109036207213 0.36391597986221319 0.75666436553001415 0.71713498234748851 0.4915920495986939
decision_type=8 10 10 10 10 8
left_child=1 -1 4 -4 -3 -2
right_child=5 2 3 -5 -6 -7
leaf_value=-0.016214646449198705 -0.0049804023054238191 0.018249252536911995 -0.012939616771672423 0.0055461617559407171 -0.015344123274663134 -0.026473948262621113
leaf_weight=75.206372981891036 72.546626718249172 217.31235670810565 143.51413732999936 153.79181190906093 18.65479109575972 64.239750027656555
leaf_count=2789 5552 3973 6707 3280 900 5896
internal_value=-0.00149776 0.00192288 0.00477961 -0.00331049 0.0149622 -0.0163422
internal_weight=745.266 608.479 533.273 297.306 235.967 136.786
internal_count=29097 17649 14860 9987 4873 11448
is_linear=0
shrinkage=0.035


Tree=89
num_leaves=7
num_cat=0
split_feature=77 81 72 20 62 34
split_gain=28.3222 30.6006 24.6535 19.0044 33.5876 15.0439
threshold=0.29835237562656408 0.37302422523498541 0.88345026969909679 0.22895412892103198 0.17653041332960132 0.65716785192489635
decision_type=10 10 10 10 10 10
left_child=5 2 -2 -3 -5 -1
right_child=1 3 -4 4 -6 -7
leaf_value=-0.018063643714744761 -0.017088359370488939 -0.012896141311789925 0.0076369002767082807 0.031636153564978328 0.0052185281708714316 0.0040693429468186531
leaf_weight=135.9776276377961 121.99183963658288 34.79907339438796 70.279512147419155 72.627840267494321 263.91796460188925 42.665881325025111
leaf_count=7339 7413 1015 1289 1602 9024 1356
internal_value=-0.000660164 0.00313897 -0.00784453 0.00900981 0.0116741 -0.0125484
internal_weight=742.26 563.616 192.271 371.345 336.546 178.644
internal_count=29038 20343 8702 11641 10626 8695
is_linear=0
shrinkage=0.035


Tree=90
num_leaves=7
num_cat=0
split_feature=97 21 88 3 23 89
split_gain=25.0721 24.6478 26.5912 25.3003 30.9985 23.3339
threshold=0.48142592608928686 0.36118926107883459 0.13103374466300013 0.3329028189182282 0.16821842640638354 0.43846802413463598
decision_type=8 10 10 10 10 8
left_child=1 3 -3 4 -1 -2
right_child=5 2 -4 -5 -6 -7
leaf_value=-0.013483557051925823 -0.001030670337931326 0.011560233460114613 -0.011157360991051579 0.0048975244166536711 0.04556974202382142 -0.020818621654319185
leaf_weight=8.4208519333042187 228.9276150316 96.758229257538915 148.63873486453667 118.95652834745124 41.530221479479223 104.31067324010655
leaf_count=287 7700 1037 6277 3104 705 10006
internal_value=-0.000610888 0.00502196 -0.00191062 0.0150216 0.0342214 -0.00772143
internal_weight=747.543 414.305 245.397 168.908 49.9511 333.238
internal_count=29116 11410 7314 4096 992 17706
is_linear=0
shrinkage=0.035


Tree=91
num_leaves=7
num_cat=0
split_feature=4 34 61 14 20 97
split_gain=25.2192 22.6871 21.9407 34.3541 20.1539 12.8027
threshold=0.19399309903383258 0.37395867705345159 0.43649375438690191 0.35685870051383978 0.84762129187583934 0.48142592608928686
decision_type=10 10 10 10 10 8
left_child=-1 5 3 -3 -4 -2
right_child=1 2 4 -5 -6 -7
leaf_value=-0.018125089426667469 0 0.0053439623440737745 0.013957807808353829 -0.028516827688364742 -0.016359166577930795 -0.017978637469146179
leaf_weight=78.557628376176581 104.42834150465205 123.0345691787079 292.4469550405629 42.495398350991309 21.284327297937125 80.074887936003506
leaf_count=5695 3660 3550 5270 3543 1520 5848
internal_value=-0.00028707 0.00193665 0.00599738 -0.00396027 0.0113822 -0.00814957
internal_weight=742.322 663.764 479.261 165.53 313.731 184.503
internal_count=29086 23391 13883 7093 6790 9508
is_linear=0
shrinkage=0.035


Tree=92
num_leaves=7
num_cat=0
split_feature=96 39 92 88 63 84
split_gain=31.9116 22.8029 21.211 20.9285 21.2822 18.5377
threshold=0.49610193073749548 0.62866342067718517 0.83789372444152843 0.66555985808372509 0.12682795897126201 0.85446289181709301
decision_type=10 8 10 8 10 8
left_child=1 3 5 4 -1 -2
right_child=2 -3 -4 -5 -6 -7
leaf_value=0.028876710319178045 0.011531110292469721 -0.023288451704442822 -0.01535323172915146 -0.024293394908685744 -0.0020625643631937115 -0.012280027963572328
leaf_weight=23.71372008882463 351.46874314174056 81.706732806516811 40.70803479058668 35.341193873435259 174.4441028884612 36.407371105626225
leaf_count=834 8542 6273 1953 3864 6021 1505
internal_value=5.23734e-05 -0.00821474 0.00629186 -0.00212597 0.0023622 0.00896051
internal_weight=743.79 315.206 428.584 233.499 198.158 387.876
internal_count=28992 16992 12000 10719 6855 10047
is_linear=0
shrinkage=0.035


Tree=93
num_leaves=7
num_cat=0
split_feature=73 13 17 47 23 3
split_gain=25.9337 20.2959 31.6369 24.5005 14.5638 23.9043
threshold=0.25833839923143392 0.36721758544445043 0.42912699282169348 0.65835535526275646 0.16469197720289233 0.36104971170425421
decision_type=10 10 10 10 10 10
left_child=-1 4 -3 -4 -2 -6
right_child=1 2 3 -5 5 -7
leaf_value=-0.01927850062539643 -0.012758998200322931 -0.029464480172323691 -0.013571037298023331 0.0085215175198427029 0.0206842770088204 0.0012860399610882649
leaf_weight=80.665010868804529 35.242781278677285 48.834389531984925 94.882630912819877 144.48457192210481 119.20727146416903 220.09333863435313
leaf_count=8182 739 4484 4603 4168 3331 3605
internal_value=-0.0014745 0.000818304 -0.00598045 -0.000179183 0.00620268 0.0085719
internal_weight=743.41 662.745 288.202 239.367 374.543 339.301
internal_count=29112 20930 13255 8771 7675 6936
is_linear=0
shrinkage=0.035


Tree=94
num_leaves=7
num_cat=0
split_feature=19 4 84 86 48 37
split_gain=25.5393 22.2053 25.6991 31.1417 20.4602 8.25325
threshold=0.72930333018302929 0.19399309903383258 0.25997611880302435 0.25712886452674871 0.13933610916137698 0.71191200613975536
decision_type=8 10 8 8 10 10
left_child=1 5 4 -4 -3 -1
right_child=-2 2 3 -5 -6 -7
leaf_value=-0.022426542406524821 -0.017471180605190824 -0.013659748541636247 0.0094437948451099474 -0.0090673822840428193 0.020515826556791999 0.00048382088861523818
leaf_weight=46.370426498120651 79.511374305468053 17.262440865160897 216.97490282775834 212.11713243997656 149.74394231801853 22.601200210861862
leaf_count=3418 7370 1311 3960 8725 3304 1068
internal_value=0.000241086 0.00261914 0.00491211 0.000174404 0.0162204 -0.014967
internal_weight=744.581 665.07 596.098 429.092 167.006 68.9716
internal_count=29156 21786 17300 12685 4615 4486
is_linear=0
shrinkage=0.035


Tree=95
num_leaves=7
num_cat=0
split_feature=92 34 69 36 87 6
split_gain=25.6951 22.5443 21.4613 18.6593 18.0737 17.9346
threshold=0.83789372444152843 0.66498133540153515 0.69123426079750072 0.12961213290691379 0.42065756022930151 0.25361761450767523
decision_type=8 10 10 10 8 10
left_child=1 4 -3 -4 5 -1
right_child=-2 2 3 -5 -6 -7
leaf_value=0.025888106484484811 -0.018465276731551874 -0.00021098110442052781 -0.0097665542885267825 0.023968452445010138 -0.013343855574703946 -0.0012171415935558188
leaf_weight=25.715545341838151 77.965538267046213 130.08024158421904 16.950800007209182 117.73498549964279 135.63537818286568 238.83193451119587
leaf_count=712 5062 5381 397 1948 8926 6741
internal_value=-0.000393877 0.00184131 0.00966344 0.0190453 -0.00329325 0.00190757
internal_weight=742.914 664.949 264.766 134.686 400.183 264.547
internal_count=29167 24105 7726 2345 16379 7453
is_linear=0
shrinkage=0.035


Tree=96
num_leaves=7
num_cat=0
split_feature=88 84 69 19 44 34
split_gain=24.3905 22.6568 17.0649 18.0126 7.38537 3.72401
threshold=0.83813413977622997 0.86582067608833324 0.13040300458669665 0.084965411573648467 0.51426753401756298 0.63307371735572826
decision_type=8 8 10 10 10 10
left_child=1 2 -1 -4 -3 -6
right_child=-2 4 3 -5 5 -7
leaf_value=-0.021182058285338406 -0.023433549995644662 0.0091252874676936574 -0.012730135326358923 0.0066631251656968345 -0.026013019526172743 0
leaf_weight=24.431884066201746 43.918053871719167 3.6698340587317935 56.305208299309015 566.0304394850973 42.702041608281434 8.0910289220046234
leaf_count=2338 4683 79 1361 17203 3143 343
internal_value=-0.000220211 0.00140754 0.00338173 0.00468595 -0.0186267 -0.0224936
internal_weight=745.148 701.23 646.768 622.336 54.4629 50.7931
internal_count=29150 24467 20902 18564 3565 3486
is_linear=0
shrinkage=0.035


Tree=97
num_leaves=7
num_cat=0
split_feature=84 89 90 79 87 90
split_gain=26.4769 24.3601 18.955 17.8883 9.2514 3.53467
threshold=0.86582067608833324 0.79202914237976085 0.86443722248077404 0.14574399590492251 0.025831250473856929 0.94823321700096141
decision_type=8 8 10 10 8 10
left_child=1 2 3 -1 -2 -3
right_child=4 5 -4 -5 -6 -7
leaf_value=-0.0088673795892590546 0.0072480946760516583 -0.022517756650392077 -0.02062812809033782 0.0075281633604614203 -0.026588819696040884 0.0021269672296165588
leaf_weight=86.792569397715852 5.6241734228096893 46.832156776916236 29.046927760355175 517.56168971722946 50.909913472365588 2.3893967263866207
leaf_count=2684 114 5182 2719 14288 3840 322
internal_value=-0.000439601 0.00149741 0.00350287 0.00500275 -0.0219279 -0.0202738
internal_weight=739.157 682.623 633.401 604.354 56.5341 49.2216
internal_count=29149 25195 19691 16972 3954 5504
is_linear=0
shrinkage=0.035


Tree=98
num_leaves=7
num_cat=0
split_feature=47 96 62 87 92 21
split_gain=26.0105 18.708 20.6456 19.0783 17.0624 15.266
threshold=0.18965281546115878 0.49610193073749548 0.51822796463966381 0.12339766696095468 0.87134248018264782 0.36118926107883459
decision_type=10 10 10 8 10 10
left_child=-1 2 -2 -4 5 -3
right_child=1 4 3 -5 -6 -7
leaf_value=-0.02119876257419771 0.0011745548409642969 0.018119408956734796 0.014064959821359432 -0.028042705293636921 -0.015474789909193249 0.0033964863207940244
leaf_weight=51.70137420296669 228.46286687185057 153.35361504368484 9.6152067575603706 54.315315118059516 27.041293372167274 219.56028157914989
leaf_count=5517 7363 3144 494 5969 1206 5370
internal_value=0.000886499 0.002834 -0.00371844 -0.0201199 0.00773193 0.00984222
internal_weight=744.05 692.349 292.393 63.9305 399.955 372.914
internal_count=29063 23546 13826 6463 9720 8514
is_linear=0
shrinkage=0.035


Tree=99
num_leaves=7
num_cat=0
split_feature=19 37 24 61 23 14
split_gain=24.4935 21.9291 35.9302 30.0995 22.8207 21.8848
threshold=0.72930333018302929 0.5023866891860963 0.46154239773750311 0.22162026911973956 0.51623857021331798 0.17448128759860995
decision_type=8 8 10 10 10 10
left_child=1 3 -3 -1 -5 -4
right_child=-2 2 5 4 -6 -7
leaf_value=-0.014797570523500624 -0.018083504791482991 -0.019381140723793846 0.01499135775075182 0.019205251151598598 -8.868446576308803e-05 -0.0079361292896145581
leaf_weight=52.604753093561158 77.637779626529664 119.06727377767675 102.46288567082956 189.83706977963448 112.28004241222516 84.724144932115451
leaf_count=4259 7403 4687 1654 4446 2703 4083
internal_value=-0.000407415 0.00178175 -0.00490873 0.00768368 0.0120482 0.00444506
internal_weight=738.614 660.976 306.254 354.722 302.117 187.187
internal_count=29235 21832 10424 11408 7149 5737
is_linear=0
shrinkage=0.035


Tree=100
num_leaves=7
num_cat=0
split_feature=88 34 60 13 43 68
split_gain=22.0347 19.7714 21.1291 26.5056 21.1001 12.1767
threshold=0.83813413977622997 0.40475851297378546 0.46764248609542852 0.37051014602184301 0.72920864820480358 0.79482498764991771
decision_type=8 10 10 10 10 10
left_child=1 5 3 -3 -4 -1
right_child=-2 2 4 -5 -6 -7
leaf_value=-0.0010046794589885642 -0.02303272062341509 0.0026815749015416078 0.015124919166111845 -0.026949684866343616 -0.0075234624749018607 -0.0186578839945542
leaf_weight=137.6727752413135 42.322809462202713 156.19005709816702 240.02527890540659 39.187667678808793 54.584889953257516 72.543179321568459
leaf_count=7195 4727 4151 4274 3534 2058 3247
internal_value=-0.000618351 0.0009072 0.00481257 -0.00382984 0.0106672 -0.00779787
internal_weight=742.527 700.204 489.988 195.378 294.61 210.216
internal_count=29186 24459 14017 7685 6332 10442
is_linear=0
shrinkage=0.035


Tree=101
num_leaves=7
num_cat=0
split_feature=96 92 88 39 36 60
split_gain=24.0017 21.7097 18.2908 21.8581 21.4747 14.2736
threshold=0.49610193073749548 0.88932496309280407 0.66555985808372509 0.62866342067718517 0.12961213290691379 0.43288145959377294
decision_type=10 10 8 8 10 10
left_child=2 5 3 4 -1 -2
right_child=1 -3 -4 -5 -6 -7
leaf_value=-0.019784324826265094 -0.0032993164851019049 -0.02267524298678783 -0.0275744344065561 -0.020057662126754642 0.0075687705588657296 0.010859840116909214
leaf_weight=35.980899929068983 112.19921647827141 24.727718494134024 42.906395525904372 68.186683876439929 161.88883615122177 288.16138458973728
leaf_count=1262 4491 1384 5570 4669 5578 6194
internal_value=-0.000732488 0.00455469 -0.00810387 -0.00405905 0.00176431 0.00677634
internal_weight=734.051 425.088 308.963 266.056 197.87 400.361
internal_count=29148 12069 17079 11509 6840 10685
is_linear=0
shrinkage=0.035


Tree=102
num_leaves=7
num_cat=0
split_feature=87 77 42 7 23 23
split_gain=23.496 21.8505 23.5419 18.022 18.237 13.9709
threshold=0.52611997723579418 0.29061140120029455 0.36652347445487982 0.81127226352691661 0.21680485457181933 0.56717741489410411
decision_type=8 10 8 8 10 10
left_child=1 2 5 4 -3 -1
right_child=-2 3 -4 -5 -6 -7
leaf_value=0.023702229007210019 -0.010643790755588531 -0.0076141718856111004 -0.018508221531204693 -0.011521774880587254 0.013202181971587224 -0.013573996045272435
leaf_weight=27.657647012034431 194.96018927381374 52.609354549786076 88.568573002936319 45.891808547312394 312.48546562553383 10.542379923397673
leaf_count=623 13868 1455 3568 1620 7587 399
internal_value=-0.00041908 0.00329332 -0.00885845 0.0072644 0.00996293 0.0117093
internal_weight=732.715 537.755 126.769 410.987 365.095 38.2
internal_count=29120 15252 4590 10662 9042 1022
is_linear=0
shrinkage=0.035


Tree=103
num_leaves=7
num_cat=0
split_feature=89 84 79 37 31 43
split_gain=20.3382 20.4131 18.3263 22.9597 10.1149 7.23293
threshold=0.81755906343460094 0.85826146602630626 0.14574399590492251 0.5023866891860963 0.70793345570564281 0.62481448054313671
decision_type=8 8 10 8 10 10
left_child=1 2 4 -4 -1 -3
right_child=-2 5 3 -5 -6 -7
leaf_value=-0.01980067919411866 -0.021145135185129241 0.0056582725706868994 0.013368072352474608 -0.00067653116056270654 0.0013889379479405653 -0.021794893542365079
leaf_weight=48.084361138986424 42.122539882082492 7.7881244916934511 272.84245056239888 274.53694370342419 44.087752683321014 47.781582578318194
leaf_count=2165 5277 191 7893 8952 1193 3490
internal_value=0.000313652 0.00191446 0.00381825 0.00632122 -0.00983968 -0.0168936
internal_weight=737.244 695.121 639.552 547.379 92.1721 55.5697
internal_count=29161 23884 20203 16845 3358 3681
is_linear=0
shrinkage=0.035


Tree=104
num_leaves=7
num_cat=0
split_feature=4 96 87 80 21 88
split_gain=22.4737 19.6482 22.4293 24.0486 16.1867 25.2962
threshold=0.12090302258729936 0.49610193073749548 0.42519558966159826 0.38443396985530859 0.36526092886924749 0.1224530376493931
decision_type=10 10 8 8 10 10
left_child=-1 2 3 -2 -3 -6
right_child=1 4 -4 -5 5 -7
leaf_value=-0.02290266702708952 0.014235184621213532 0.014250405761318126 -0.018159428018591325 -0.0096891958063990823 0.013838527351894617 -0.0090319356232894839
leaf_weight=41.879574522608891 90.24233846180141 172.7372185527347 99.851366224465892 98.93167985859327 91.517269766889513 138.2422863598913
leaf_count=3597 1800 4061 8466 4655 883 5706
internal_value=-0.000143752 0.00140567 -0.00537363 0.00157179 0.0064115 1.60731e-05
internal_weight=733.402 691.522 289.025 189.174 402.497 229.76
internal_count=29168 25571 14921 6455 10650 6589
is_linear=0
shrinkage=0.035


Tree=105
num_leaves=7
num_cat=0
split_feature=86 32 62 72 22 65
split_gain=23.3298 23.859 14.7528 15.0314 13.3484 21.185
threshold=0.25712886452674871 0.97134649753570568 0.46478359401226049 0.95212137699127208 0.27997787296772009 0.64056271314620983
decision_type=8 10 8 10 8 10
left_child=4 2 3 -2 -1 -6
right_child=1 -3 -4 -5 5 -7
leaf_value=0.0180283883526965 -0.0070325243375867763 0.020950923066968767 -0.017616939245089735 0.014523880700166622 -0.0099219538473207681 0.010445487725938063
leaf_weight=82.042946158908308 205.39102179789916 28.326381272403523 134.04075364326127 39.871239053551108 98.370468912879005 141.48230251553468
leaf_count=1284 7878 720 12617 457 2897 3350
internal_value=-0.000423459 -0.00600091 -0.00854041 -0.00297281 0.00645459 0.00182977
internal_weight=729.525 407.629 379.303 245.262 321.896 239.853
internal_count=29203 21672 20952 8335 7531 6247
is_linear=0
shrinkage=0.035


Tree=106
num_leaves=7
num_cat=0
split_feature=88 32 86 84 48 92
split_gain=19.091 22.1778 18.4589 15.9204 18.1266 15.3849
threshold=0.83813413977622997 0.78515353798866283 0.27037018537521368 0.35265247523784643 0.1355361416935921 0.75137728452682506
decision_type=8 10 10 8 10 10
left_child=1 2 5 4 -3 -1
right_child=-2 3 -4 -5 -6 -7
leaf_value=0.0062567008385430263 -0.022168932000974678 -0.017678146868727696 -0.010979414874147646 -0.00021341176181725069 0.021071631913135835 -0.02027071898906329
leaf_weight=209.29727639257908 39.350613053888083 9.1192381498403829 216.03567671310157 110.60208726208657 121.51053162501194 22.10135930753313
leaf_count=5068 4700 576 13343 2360 2200 891
internal_value=-0.000630495 0.000765299 -0.00375552 0.00921251 0.0171238 0.00291099
internal_weight=728.017 688.666 447.434 241.232 130.63 231.399
internal_count=29138 24438 19302 5136 2776 5959
is_linear=0
shrinkage=0.035


Tree=107
num_leaves=7
num_cat=0
split_feature=89 32 86 93 62 66
split_gain=19.4609 16.8262 19.7679 15.905 13.897 12.4895
threshold=0.79202914237976085 0.78515353798866283 0.13399275392293933 0.11181654036045076 0.47937536239624029 0.67568016052246105
decision_type=8 10 10 10 10 10
left_child=1 2 3 -1 -4 -3
right_child=-2 5 4 -5 -6 -7
leaf_value=-0.012516866931321421 -0.019818602426638837 0.011944935574786947 -0.0022664931721055851 0.014215410949713637 -0.019111969760037567 -0.010807519876113917
leaf_weight=26.659114653710276 47.693802636116743 213.7568730537314 220.63665289711207 110.43627418670803 81.049208774231374 25.338804420083761
leaf_count=866 6032 3939 6920 2200 8171 965
internal_value=6.10169e-06 0.00169236 -0.00228929 0.00825179 -0.00733843 0.00904938
internal_weight=725.571 677.877 438.781 137.095 301.686 239.096
internal_count=29093 23061 18157 3066 15091 4904
is_linear=0
shrinkage=0.035


Tree=108
num_leaves=7
num_cat=0
split_feature=34 90 4 4 92 77
split_gain=19.7301 18.8307 15.9707 14.555 14.6848 12.5106
threshold=0.40870617330074316 0.73917153477668773 0.7819749414920808 0.46266965568065649 0.26725393533706671 0.78300172090530407
decision_type=10 8 10 10 10 10
left_child=5 3 -3 4 -2 -1
right_child=1 2 -4 -5 -6 -7
leaf_value=-0.011490268782246583 0.011488773270367476 -0.026299182207586626 0.0083315075427888349 0.010930363396600902 -0.0092905401610700964 0.011794831993998818
leaf_weight=194.58148683840409 56.136089071864262 35.248185611562803 18.308950747130439 297.98747165827081 107.89771601743996 24.056264994200319
leaf_count=10929 1075 4456 973 5555 5251 1017
internal_value=0.000184354 0.00398498 -0.0140633 0.00639258 -0.00167064 -0.0083707
internal_weight=734.216 515.578 53.5571 462.021 164.034 218.638
internal_count=29256 17310 5429 11881 6326 11946
is_linear=0
shrinkage=0.035


Tree=109
num_leaves=7
num_cat=0
split_feature=92 37 81 46 66 60
split_gain=22.6592 25.5124 28.9071 22.1166 19.8181 18.7078
threshold=0.83789372444152843 0.49874573945999151 0.37302422523498541 0.32129110395908361 0.60084977746009838 0.2018745616078377
decision_type=8 8 10 10 10 10
left_child=1 2 5 -3 -4 -1
right_child=-2 3 4 -5 -6 -7
leaf_value=-0.026644446471905506 -0.018313463569539626 0.015382477651420734 0.023695313106892393 -0.0095619290265269493 -0.0028174286626936594 0.002712143521445561
leaf_weight=23.926690453896299 72.555809926241636 42.810478625120595 135.12646816251799 271.63032527570613 38.992300990736112 143.17189551284537
leaf_count=2271 5093 1811 2500 10776 1739 4938
internal_value=-0.000745857 0.00131641 0.00792017 -0.00570559 0.0176068 -0.00221686
internal_weight=728.214 655.658 341.217 314.441 174.119 167.099
internal_count=29128 24035 11448 12587 4239 7209
is_linear=0
shrinkage=0.035


Tree=110
num_leaves=7
num_cat=0
split_feature=84 49 13 18 43 51
split_gain=26.568 20.4724 19.4733 25.4388 18.0351 20.1499
threshold=0.85446289181709301 0.70815590023994457 0.36045515537261968 0.44888174533844 0.74901121854782116 0.4973807185888291
decision_type=8 10 10 10 10 10
left_child=1 2 -1 -4 5 -3
right_child=-2 4 3 -5 -6 -7
leaf_value=0.0028273171307984786 -0.022228753986691063 -0.013273861695451796 -0.029959925220880465 -0.002015215442944552 -0.0014783253258014914 0.026087552844838879
leaf_weight=311.01540861674584 57.061024912400171 12.043467198964207 53.051431695464998 132.539515073644 72.154760529054329 89.199739589821547
leaf_count=8643 4237 311 5869 5249 3264 1538
internal_value=-0.000830439 0.0011553 -0.00239861 -0.0111824 0.0112799 0.0202955
internal_weight=727.065 670.004 496.606 185.591 173.398 101.243
internal_count=29111 24874 19761 11118 5113 1849
is_linear=0
shrinkage=0.035


Tree=111
num_leaves=7
num_cat=0
split_feature=84 81 36 37 24 24
split_gain=16.762 20.624 15.3536 14.4879 31.8658 15.046
threshold=0.86582067608833324 0.33708146214485174 0.78504708409309398 0.53293377161026012 0.49511472880840307 0.39017459750175482
decision_type=8 10 10 8 10 10
left_child=1 2 -1 5 -5 -3
right_child=-2 3 -4 4 -6 -7
leaf_value=-0.013166670379328768 -0.018925091848866614 0.021093529920646472 0.011997662018515142 -0.015792591498401155 0.0088790247422436321 0.0026260868083257515
leaf_weight=162.55286851315759 50.848180142929778 91.616260775364935 27.270126459654421 102.0008335346356 144.57395256031305 141.00492148706689
leaf_count=8353 3910 2261 1168 4665 4861 3934
internal_value=-0.000990694 0.00050237 -0.00894716 0.00443881 -0.00129624 0.010577
internal_weight=719.867 669.019 189.823 479.196 246.575 232.621
internal_count=29152 25242 9521 15721 9526 6195
is_linear=0
shrinkage=0.035


Tree=112
num_leaves=7
num_cat=0
split_feature=77 81 19 62 78 8
split_gain=20.4762 20.794 17.5262 21.4905 16.5197 13.7071
threshold=0.3856064528226853 0.27855978906154638 0.08577339351177217 0.14413765817880633 0.42032185196876531 0.45980301499366766
decision_type=10 10 10 10 8 10
left_child=4 -2 -3 -4 5 -1
right_child=1 2 3 -5 -6 -7
leaf_value=-0.008673496933429347 -0.0086457007223849237 -0.011995293568062917 0.038330159400702363 0.007321832839811227 -0.015763156465179316 0.015746735136684537
leaf_weight=52.588685285998508 113.69630764611065 39.253066562581807 24.380029695341364 312.04529826971702 142.79255436267704 43.415228676283732
leaf_count=2679 5944 1057 694 10222 7143 1373
internal_value=-0.000173023 0.00384617 0.00786501 0.0105595 -0.00848011 0.0022269
internal_weight=728.171 489.375 375.678 336.425 238.796 96.0039
internal_count=29112 17917 11973 10916 11195 4052
is_linear=0
shrinkage=0.035


Tree=113
num_leaves=7
num_cat=0
split_feature=69 19 62 38 18 89
split_gain=23.0144 18.1107 35.1313 23.2933 19.9479 9.25502
threshold=0.28119364380836492 0.08577339351177217 0.14413765817880633 0.37262964248657232 0.42522202432155615 0.054017411544919021
decision_type=10 10 10 10 10 8
left_child=-1 5 3 -3 -4 -2
right_child=1 2 4 -5 -6 -7
leaf_value=-0.014229864454152343 0.0080055025404031938 -0.0041876143563249254 -0.0062844604964056722 0.050431681604869306 0.0077288033740095094 -0.020087680676430793
leaf_weight=93.451675065094605 11.436629486270247 9.4547841353341919 175.01778667978942 25.307538190856576 368.62820912222378 47.042707199929282
leaf_count=8271 79 354 6968 570 11209 1758
internal_value=0.0011765 0.00366699 0.00565285 0.0363442 0.00309658 -0.0135016
internal_weight=730.339 636.888 578.408 34.7623 543.646 58.4793
internal_count=29209 20938 19101 924 18177 1837
is_linear=0
shrinkage=0.035


Tree=114
num_leaves=7
num_cat=0
split_feature=13 60 17 4 3 51
split_gain=19.9668 29.4807 19.6968 25.3405 17.3362 25.8863
threshold=0.36045515537261968 0.46764248609542852 0.52250725030899059 0.62898215651512157 0.36104971170425421 0.61086538434028637
decision_type=8 10 8 10 10 10
left_child=4 -2 -3 -4 -1 -6
right_child=1 2 3 -5 5 -7
leaf_value=0.014160372036719547 -0.027669699839304313 0.021064808995686437 -0.017783654142574452 0.0048231887091303551 -0.0097972871779340512 0.012385337008904512
leaf_weight=155.0735097413417 55.844454567413777 33.78614938724786 98.313342096982524 130.28504623658955 145.72021887288429 102.70709768706001
leaf_count=5608 6597 796 5562 5711 3206 1721
internal_value=8.80883e-05 -0.00630693 -0.000881883 -0.00495001 0.00528379 -0.000321325
internal_weight=721.73 318.229 262.385 228.598 403.501 248.427
internal_count=29201 18666 12069 11273 10535 4927
is_linear=0
shrinkage=0.035


Tree=115
num_leaves=7
num_cat=0
split_feature=47 86 63 61 66 93
split_gain=20.8802 14.8631 14.0832 19.4428 13.1687 12.9833
threshold=0.18965281546115878 0.1761407554149628 0.35948385298252111 0.66871371865272533 0.80757400393486034 0.11181654036045076
decision_type=10 8 10 10 10 10
left_child=-1 2 5 -4 -3 -2
right_child=1 4 3 -5 -6 -7
leaf_value=-0.021421015355406497 -0.01904828619851727 -0.00053498655968996624 1.5226205113225356e-05 0.035687389240970341 -0.021115344445221833 0.0063631088479129787
leaf_weight=47.07093793596141 22.13126118388027 423.40485593955964 37.501701453467831 36.472418122459203 34.648834571242332 120.95177490171045
leaf_count=5577 547 15960 1051 649 3504 1817
internal_value=-0.00065276 0.000952323 0.00838402 0.0200099 -0.00254014 0.00128463
internal_weight=722.182 675.111 217.057 73.9741 458.054 143.083
internal_count=29105 23528 4064 1700 19464 2364
is_linear=0
shrinkage=0.035


Tree=116
num_leaves=7
num_cat=0
split_feature=20 61 2 23 37 89
split_gain=19.4249 17.1155 18.938 26.521 18.2702 8.23952
threshold=0.72052761912345897 0.1267105117440224 0.39205390214920049 0.16821842640638354 0.53293377161026012 0.21817830204963687
decision_type=8 10 10 10 10 8
left_child=1 -1 3 -3 -4 -2
right_child=5 2 4 -5 -6 -7
leaf_value=-0.018735928024104929 0.00017317690990392847 -0.015058187413089327 0.0060501930664750223 0.016771815477141714 -0.0085544395187978645 -0.022948195365804544
leaf_weight=39.313819386530668 20.606415146496147 30.576465315185487 196.17194390972145 176.58231992344372 205.34315701154992 54.209874173160642
leaf_count=3455 1376 1164 3841 6036 7141 6211
internal_value=-0.000525423 0.0014233 0.00303667 0.0114445 -0.00131192 -0.0165445
internal_weight=722.804 647.988 608.674 207.159 401.515 74.8163
internal_count=29224 21637 18182 7200 10982 7587
is_linear=0
shrinkage=0.035


Tree=117
num_leaves=7
num_cat=0
split_feature=34 60 13 81 37 32
split_gain=19.1738 18.9751 28.67 17.2834 22.3767 16.2333
threshold=0.37395867705345159 0.46764248609542852 0.35633203387260443 0.22188458591699603 0.47598080337047582 0.85073199868202221
decision_type=10 10 10 10 8 10
left_child=5 2 -2 -3 -5 -1
right_child=1 3 -4 4 -6 -7
leaf_value=-0.013577926681986728 0.0022428723135109459 -0.0094894541671088854 -0.026679951845785144 0.02207054387895134 0.0018753390066687978 0.013689801732757328
leaf_weight=162.42976574483328 171.43257250520401 45.356158175971359 46.181993655161932 132.10159807512537 144.33817662717775 23.196170069742948
leaf_count=10268 5357 1607 5293 2367 3721 508
internal_value=0 0.00334001 -0.0043908 0.00870685 0.0120599 -0.00947452
internal_weight=725.036 539.41 217.615 321.796 276.44 185.626
internal_count=29121 18345 10650 7695 6088 10776
is_linear=0
shrinkage=0.035


Tree=118
num_leaves=7
num_cat=0
split_feature=79 39 24 93 13 10
split_gain=20.7952 22.7246 21.6688 16.7075 16.4502 17.3333
threshold=0.14574399590492251 0.2581829577684403 0.66573837399482738 0.59571292996406566 0.36721758544445043 0.83971184492111217
decision_type=10 8 10 10 8 10
left_child=-1 2 3 -2 5 -3
right_child=1 4 -4 -5 -6 -7
leaf_value=-0.014433782529265485 0.034840028442845498 0.0081753550321419614 -0.0024083283867883704 0 -0.0077416024665833728 -0.016691962305930595
leaf_weight=95.439853348769248 56.34566065017134 242.75433908333071 47.228934964165092 22.587718939175829 226.97493683407083 31.092580696102232
leaf_count=4253 1180 5342 1905 989 14280 1208
internal_value=4.55919e-05 0.00248641 0.0153019 0.025749 -0.000828598 0.004772
internal_weight=722.424 626.984 126.162 78.9334 500.822 273.847
internal_count=29157 24904 4074 2169 20830 6550
is_linear=0
shrinkage=0.035


Tree=119
num_leaves=7
num_cat=0
split_feature=69 61 3 79 51 17
split_gain=21.275 18.9618 23.1278 22.5203 18.3331 3.05228
threshold=0.13040300458669665 0.10612374544143678 0.37682151794433599 0.14574399590492251 0.6042863428592683 0.10424314066767694
decision_type=10 10 8 10 10 10
left_child=-1 5 3 -3 -4 -2
right_child=1 2 4 -5 -6 -7
leaf_value=-0.025355272341693606 -0.026616828498789519 -0.0068233985141632602 -0.0088210141912868391 0.020383248264424808 0.0046875922718333605 0
leaf_weight=29.964219075627625 24.3137566219084 42.645133530255407 205.12974331458099 133.61027098377235 280.26147246779874 3.729394096415489
leaf_count=3816 2171 1877 5967 4722 10162 455
internal_value=8.40545e-05 0.0015426 0.00292638 0.0135052 -0.000965295 -0.0230524
internal_weight=719.654 689.69 661.647 176.255 485.391 28.0432
internal_count=29170 25354 22728 6599 16129 2626
is_linear=0
shrinkage=0.035


Tree=120
num_leaves=7
num_cat=0
split_feature=88 77 41 91 23 15
split_gain=16.8742 17.7556 13.1183 15.0194 12.5243 22.5715
threshold=0.83103162050247203 0.35719871520996099 0.47699017822742468 0.29813505709171301 0.24003516137599948 0.39714619517326361
decision_type=8 10 8 10 10 10
left_child=1 2 3 -1 -3 -6
right_child=-2 4 -4 -5 5 -7
leaf_value=0.015143631946893214 -0.020266994362523504 -0.0055699826450610552 -0.013892250729603773 -0.011719868004874933 0.018824285072646264 0.0012341333107701372
leaf_weight=49.309854035265744 38.510156326927245 93.353398789884523 121.79219240625389 36.790929299546406 141.31352743483149 243.44286015396938
leaf_count=835 4882 3200 6064 2497 3133 8571
internal_value=6.64924e-05 0.00150407 -0.0067634 0.00308643 0.0052591 0.00808016
internal_weight=724.513 686.003 207.893 86.1008 478.11 384.756
internal_count=29182 24300 9396 3332 14904 11704
is_linear=0
shrinkage=0.035


Tree=121
num_leaves=7
num_cat=0
split_feature=19 19 69 77 42 57
split_gain=15.6016 17.1458 20.1694 21.5844 7.53683 6.74496
threshold=0.72930333018302929 0.08577339351177217 0.13866652548313144 0.29433931410312658 0.40915514528751379 0.69386944174766552
decision_type=8 10 10 10 10 10
left_child=1 4 -3 -4 5 -1
right_child=-2 2 3 -5 -6 -7
leaf_value=-0.014310371447378937 -0.015115714543533606 -0.023344337693131031 -0.0068955262650398814 0.0088563148263210937 -0.02273695539540152 0.014076038906771645
leaf_weight=11.434793394058945 69.59742075484246 24.030601342674345 130.59747781837359 429.4257180634886 39.286829746328294 13.614532764535396
leaf_count=502 7385 2851 5121 11373 1661 293
internal_value=-0.000215468 0.00146866 0.00348878 0.00504518 -0.0145022 0
internal_weight=717.987 648.39 584.054 560.023 64.3362 25.0493
internal_count=29186 21801 19345 16494 2456 795
is_linear=0
shrinkage=0.035


Tree=122
num_leaves=7
num_cat=0
split_feature=89 96 62 26 92 66
split_gain=18.2437 16.645 18.1205 13.3593 19.7617 17.4006
threshold=0.80787301063537609 0.49610193073749548 0.48807990550994879 0.30465884506702429 0.65865531563758861 0.59702172875404369
decision_type=8 10 10 10 10 10
left_child=1 2 -1 4 -3 -5
right_child=-2 3 -4 5 -6 -7
leaf_value=-0.00038215289510539478 -0.021894367729670038 0.021240373909139552 -0.020825608878264963 0.00619379599766083 -0.015971107599744697 -0.012341231336775694
leaf_weight=212.46803501714021 39.152927113929763 93.2995217544958 65.547178523382172 218.34983817301691 13.372450502589343 76.909397320821881
leaf_count=7020 5561 2161 6831 4690 579 2341
internal_value=-0.000809964 0.000568299 -0.00583332 0.00515178 0.0153289 0.000994457
internal_weight=719.099 679.946 278.015 401.931 106.672 295.259
internal_count=29183 23622 13851 9771 2740 7031
is_linear=0
shrinkage=0.035


Tree=123
num_leaves=7
num_cat=0
split_feature=97 39 21 93 63 34
split_gain=16.9693 19.4288 16.6223 23.9341 22.153 15.1435
threshold=0.48142592608928686 0.62866342067718517 0.36526092886924749 0.77151420712471019 0.16054526716470721 0.42112317681312567
decision_type=8 8 10 10 10 10
left_child=2 5 3 4 -1 -2
right_child=1 -3 -4 -5 -6 -7
leaf_value=-0.002820681950491598 -0.015888874501432743 -0.021633131441371072 -0.0018412472763978294 -0.016159984827122095 0.025149784592645066 0.0036788207567783984
leaf_weight=42.550437184050679 57.209220743970945 71.800251932349056 233.9265210411977 23.262157073710114 109.66822995059192 175.51492874370888
leaf_count=772 3878 6467 7266 957 2398 7385
internal_value=-0.000451858 -0.00667888 0.00409337 0.012026 0.0172529 -0.00128148
internal_weight=713.932 304.524 409.407 175.481 152.219 232.724
internal_count=29123 17730 11393 4127 3170 11263
is_linear=0
shrinkage=0.035


Tree=124
num_leaves=7
num_cat=0
split_feature=86 84 55 65 77 39
split_gain=16.8685 18.6908 17.3522 16.1634 15.449 13.3823
threshold=0.25712886452674871 0.20981904119253161 0.24119941145181659 0.078964039683341994 0.8180336356163026 0.3200304657220841
decision_type=8 8 10 10 10 8
left_child=4 2 -2 -4 -1 -3
right_child=1 5 3 -5 -6 -7
leaf_value=0.00025779828223072572 -0.0205377259966214 -0.0017689679617007264 -0.017226483727752238 0.016951159550800638 0.020447004458473559 -0.017948126201325836
leaf_weight=273.31705422280356 18.255357379093766 115.06260896287858 12.519407021114601 84.18490555533208 49.430213969899341 160.59173107845709
leaf_count=6324 1934 5335 676 2690 1214 11067
internal_value=-0.00183939 -0.00671994 0.0045945 0.011047 0.00392837 -0.0116201
internal_weight=713.361 390.614 114.96 96.7043 322.747 275.654
internal_count=29240 21702 5300 3366 7538 16402
is_linear=0
shrinkage=0.035


Tree=125
num_leaves=7
num_cat=0
split_feature=88 15 79 37 79 50
split_gain=15.5933 14.8287 14.6161 16.3458 9.97824 13.3281
threshold=0.83813413977622997 0.66061541438102733 0.12959735095500949 0.49874573945999151 0.64874795079231273 0.80074074864387523
decision_type=8 8 10 8 10 10
left_child=1 2 -1 -4 -3 -6
right_child=-2 4 3 -5 5 -7
leaf_value=-0.0088931016522324803 -0.020631942215559411 -0.013466977072216887 0.013146428593854577 -0.00096398969764844883 0.0089239404854183964 -0.016031214071169694
leaf_weight=71.659702793229371 34.990979607915506 107.28424735181034 233.10860583093017 159.5785873576533 77.032538453582674 29.549629723187536
leaf_count=2538 4776 4687 7025 5954 2471 1771
internal_value=-0.00012189 0.00108797 0.00464648 0.00737651 -0.00629059 0.00091078
internal_weight=713.204 678.213 464.347 392.687 213.866 106.582
internal_count=29222 24446 15517 12979 8929 4242
is_linear=0
shrinkage=0.035


Tree=126
num_leaves=7
num_cat=0
split_feature=4 90 77 10 16 92
split_gain=16.8791 21.8265 16.3465 19.5182 16.3305 15.7863
threshold=0.33999361097812658 0.25175850093364721 0.2262072563171387 0.32573625445365911 0.26280374825000768 0.5761203169822694
decision_type=10 8 10 10 10 10
left_child=1 5 -2 -4 -5 -1
right_child=2 -3 3 4 -6 -7
leaf_value=0.011415231977435601 -0.0099029709539216089 -0.022311911027481684 -0.0021119496738412581 0.032523226642375634 0.0083049368945953134 -0.020243585407394411
leaf_weight=66.21044086641632 74.368127840571105 66.782269983086735 179.57919721980579 35.996851208852604 276.5642841104418 17.61694887955673
leaf_count=1356 3745 7711 5095 1052 9294 866
internal_value=0.00156854 -0.00844832 0.00440352 0.00679419 0.0119999 0.00300619
internal_weight=717.118 150.61 566.508 492.14 312.561 83.8274
internal_count=29119 9933 19186 15441 10346 2222
is_linear=0
shrinkage=0.035


Tree=127
num_leaves=7
num_cat=0
split_feature=86 72 76 84 63 18
split_gain=16.0361 17.1552 16.4549 12.6334 11.4485 20.6874
threshold=0.27037018537521368 0.94092541933059703 0.52720543742179882 0.2171214893460274 0.42255038022995001 0.66436472535133373
decision_type=8 10 8 8 10 10
left_child=4 2 3 -2 -1 -6
right_child=1 -3 -4 -5 5 -7
leaf_value=0 0.012217958582511278 0.0089965919786188977 -0.018675677481922063 -0.0077180706509163777 -0.0019714636552393655 0.02813371150808822
leaf_weight=233.04056522599421 44.650187579216436 65.291934494161978 132.10918009956367 134.50340431858785 46.869726185686886 49.288142834790051
leaf_count=4676 2234 1099 9550 8390 2018 1177
internal_value=-0.00121053 -0.00614043 -0.00962595 -0.00215905 0.00428474 0.0139313
internal_weight=705.753 376.555 311.263 179.154 329.198 96.1579
internal_count=29144 21273 20174 10624 7871 3195
is_linear=0
shrinkage=0.035


Tree=128
num_leaves=7
num_cat=0
split_feature=4 89 31 34 94 94
split_gain=14.6968 14.3611 14.5376 22.6 15.055 7.44581
threshold=0.089955482631921782 0.74989295005798351 0.32358378171920782 0.66916224360466015 0.37813842296600347 0.37813842296600347
decision_type=10 8 10 10 10 8
left_child=-1 2 4 -4 -2 -3
right_child=1 5 3 -5 -6 -7
leaf_value=-0.021719533640049554 0.022128506112472832 0.00011109780260998348 -0.0069544962012591969 0.0082534629911742863 0.00062251039316257026 -0.023533133952277768
leaf_weight=27.316737618646584 77.743788016261533 20.092537365853786 260.54766991897486 207.78462608554401 85.237993122311309 32.296699355356395
leaf_count=2678 1957 1764 8734 4463 4782 4677
internal_value=0.0002177 0.00141114 0.00300522 -7.16796e-05 0.0117435 -0.0147822
internal_weight=711.02 683.703 631.314 468.332 162.982 52.3892
internal_count=29055 26377 19936 13197 6739 6441
is_linear=0
shrinkage=0.035


Tree=129
num_leaves=7
num_cat=0
split_feature=4 37 90 93 21 25
split_gain=17.3596 11.7026 12.9129 13.6705 10.6004 7.89147
threshold=0.19399309903383258 0.84013471007347118 0.87073642015457164 0.81461128592491161 0.9613504707813264 0.32827994227409368
decision_type=10 8 8 10 10 10
left_child=4 2 3 -2 -1 -3
right_child=1 5 -4 -5 -6 -7
leaf_value=-0.021162868062217954 0.0063550316512770207 0.007739030217749669 -0.0174506053728531 -0.010371927219624547 0.013293372610817464 -0.017783970770426448
leaf_weight=60.925285848323256 489.7295777000254 11.46396039216779 26.820924087893218 58.625199276022613 5.4426936199888578 51.0455758983735
leaf_count=5538 13414 395 2932 3173 153 3583
internal_value=-0.000442356 0.00133188 0.00301695 0.00434894 -0.0165052 -0.0120116
internal_weight=704.053 637.685 575.176 548.355 66.368 62.5095
internal_count=29188 23497 19519 16587 5691 3978
is_linear=0
shrinkage=0.035


Tree=130
num_leaves=7
num_cat=0
split_feature=92 2 60 21 62 31
split_gain=16.9115 14.8825 20.757 28.828 23.6177 20.4893
threshold=0.78369560837745678 0.37222732603549963 0.46391822397708898 0.1824588477611542 0.2585733979940415 0.86690625548362743
decision_type=8 8 10 10 10 8
left_child=1 2 4 -4 -1 -3
right_child=-2 5 3 -5 -6 -7
leaf_value=0.019783432322754861 -0.014698303831798732 0.00018832919613437775 -0.0074838068503112814 0.035804024029704992 -0.012568464255088806 -0.022134362579315427
leaf_weight=35.055664995219558 90.964453615946695 393.40735461062286 21.665084202773869 50.389367408119142 68.673829083330929 49.03127078525722
leaf_count=1190 5885 14388 695 677 5030 1401
internal_value=-0.00123354 0.00082627 0.00927275 0.0226854 -0.000531493 -0.00251811
internal_weight=709.187 618.223 175.784 72.0545 103.729 442.439
internal_count=29266 23381 7592 1372 6220 15789
is_linear=0
shrinkage=0.035


Tree=131
num_leaves=7
num_cat=0
split_feature=86 58 21 18 24 11
split_gain=18.2142 14.6736 14.91 20.1553 10.9 16.3963
threshold=0.25712886452674871 0.61052599549293529 0.12336697801947595 0.35270082950592047 0.54655262827873241 0.77107638120651256
decision_type=8 8 10 10 10 10
left_child=4 2 -2 -4 5 -1
right_child=1 -3 3 -5 -6 -7
leaf_value=-0.0057768787649031339 -0.016463334658376141 -0.017230965097409134 -0.011571969428860625 0.0091388219039065521 0.012307483124774062 0.021085107895793962
leaf_weight=129.5318385832943 53.587209773715585 81.61944195930846 74.419517950969748 177.19731285027228 169.21384332375601 26.85519035323523
leaf_count=3058 2943 7877 4624 6137 3694 770
internal_value=0.000273514 -0.00474119 -0.000878666 0.00264324 0.00635933 -4.30649e-05
internal_weight=712.424 386.823 305.204 251.617 325.601 156.387
internal_count=29103 21581 13704 10761 7522 3828
is_linear=0
shrinkage=0.035


Tree=132
num_leaves=7
num_cat=0
split_feature=64 64 84 14 22 69
split_gain=18.368 21.7139 16.1372 17.3703 15.6711 12.4253
threshold=0.2883803397417069 0.13090274482965472 0.17551063746213916 0.17448128759860995 0.38401617109775549 0.32483851909637457
decision_type=8 10 8 10 10 10
left_child=1 -1 4 -4 -3 -2
right_child=5 2 3 -5 -6 -7
leaf_value=-0.0059623606174749513 -0.016876461227823152 0.037479977788641608 0.028476356783520118 0 -0.0087047757645472377 -0.0016506269755518601
leaf_weight=100.8460949503351 77.16051198891364 39.733822619309649 25.787545191124082 116.96695622545667 5.7374173707794389 343.84113167412579
leaf_count=3861 7556 861 257 3361 151 13122
internal_value=-0.000124576 0.00649174 0.0134029 0.00637135 0.0302402 -0.00482624
internal_weight=710.073 289.072 188.226 142.755 45.4712 421.002
internal_count=29169 8491 4630 3618 1012 20678
is_linear=0
shrinkage=0.035


Tree=133
num_leaves=7
num_cat=0
split_feature=96 39 86 89 92 15
split_gain=16.6583 14.905 14.6006 14.1698 11.7837 13.9038
threshold=0.49610193073749548 0.62866342067718517 0.16394063830375674 0.32140228152275091 0.88932496309280407 0.60161501169204723
decision_type=10 8 8 8 10 10
left_child=1 2 -1 -4 5 -2
right_child=4 -3 3 -5 -6 -7
leaf_value=0.010753944093772035 0.01087016388887067 -0.020552890128951659 0.0019415739820953422 -0.018063686941701299 -0.016760403227248463 -0.0020104972766625461
leaf_weight=65.175569983199239 233.25953333289362 66.628033176995814 78.36118823569268 75.874127770541236 22.782026489265263 164.65823310753331
leaf_count=1481 6293 6311 1856 7432 1392 4426
internal_value=-0.00046844 -0.00694396 -0.00200287 -0.00798161 0.0038593 0.00547624
internal_weight=706.739 286.039 219.411 154.235 420.7 397.918
internal_count=29191 17080 10769 9288 12111 10719
is_linear=0
shrinkage=0.035


Tree=134
num_leaves=7
num_cat=0
split_feature=86 9 64 54 0 37
split_gain=15.2529 13.8985 14.5126 13.8787 17.4854 12.8255
threshold=0.16394063830375674 0.62563276290893566 0.086915999650955214 0.72398117184638988 0.31639541685581213 0.84013471007347118
decision_type=8 8 10 10 10 8
left_child=3 2 -2 4 -1 -5
right_child=1 -3 -4 5 -6 -7
leaf_value=0.018386096193518862 -0.018860015310388768 -0.014792371624695672 0.0012044927521750739 0.027574198039365685 -0.0065886739013281716 -0.011993238497761972
leaf_weight=40.75830575497821 42.029998481506482 116.74277736456133 348.46225635905284 44.379986795131117 106.85389463580213 5.5711587481200686
leaf_count=1009 2103 8587 13746 853 2439 354
internal_value=-0.00131613 -0.00457937 -0.00115864 0.00665884 0.000560625 0.0212088
internal_weight=704.798 507.235 390.492 197.563 147.612 49.9511
internal_count=29091 24436 15849 4655 3448 1207
is_linear=0
shrinkage=0.035


Tree=135
num_leaves=7
num_cat=0
split_feature=4 49 6 35 15 22
split_gain=19.577 11.61 17.5757 18.2622 10.6051 8.44773
threshold=0.19399309903383258 0.13962275534868243 0.21382142603397372 0.11304691061377527 0.60161501169204723 0.94159570336341869
decision_type=10 10 10 10 10 10
left_child=5 -2 3 -3 -4 -1
right_child=1 2 4 -5 -6 -7
leaf_value=-0.021486220885918124 -0.01664570181092314 -0.008007255642064311 0.0044458414713347731 0.03148647896781314 -0.0055173359931937251 0.010025809699521744
leaf_weight=59.566713401116431 31.065930692944676 13.924736467190085 358.62038626894355 39.76463659084402 193.45479536266066 5.0497630573809138
leaf_count=5502 2817 541 11057 1326 7693 175
internal_value=-0.00017531 0.00169276 0.00292348 0.0206824 0.000831928 -0.0174674
internal_weight=701.447 636.83 605.765 53.6894 552.075 64.6165
internal_count=29111 23434 20617 1867 18750 5677
is_linear=0
shrinkage=0.035


Tree=136
num_leaves=7
num_cat=0
split_feature=13 47 93 63 90 3
split_gain=15.9574 22.5582 13.1118 18.2086 11.5766 12.3058
threshold=0.37051014602184301 0.65835535526275646 0.29386684298515325 0.35805179178714758 0.75863686203956615 0.36104971170425421
decision_type=8 10 8 10 8 10
left_child=4 -2 3 -3 5 -1
right_child=1 2 -4 -5 -6 -7
leaf_value=0.012745765294118951 -0.01798099299452912 -0.0076178692420959728 -0.0071140102041967841 0.024118982419305313 -0.020916094023190269 0
leaf_weight=142.54337266879156 124.40521880611777 29.25375817832537 94.39338046615012 45.631525196135044 14.096368280937893 245.4706345743034
leaf_count=4157 11648 548 4345 1792 1807 4784
internal_value=-0.000975579 -0.00713317 0.00099457 0.011549 0.00344506 0.00486731
internal_weight=695.794 293.684 169.279 74.8853 402.11 388.014
internal_count=29081 18333 6685 2340 10748 8941
is_linear=0
shrinkage=0.035


Tree=137
num_leaves=7
num_cat=0
split_feature=81 37 23 36 37 86
split_gain=17.5923 17.4892 16.5406 20.9587 13.5168 11.2791
threshold=0.29810258746147161 0.5023866891860963 0.51623857021331798 0.13380181044340136 0.42491854727268225 0.32587620615959173
decision_type=10 8 10 10 10 8
left_child=-1 2 3 -2 -4 -3
right_child=1 5 4 -5 -6 -7
leaf_value=-0.010864122688050678 -0.0055939749773010984 0.0014815937226938763 -0.010582893130801236 0.023040640131133674 0.015917304364989608 -0.012193194116292841
leaf_weight=157.43087982141878 34.912819147808477 192.29234512289986 66.958153530489653 113.69276808283757 25.822991220280528 105.54743877856527
leaf_count=8696 939 5610 2391 2815 718 7944
internal_value=-0.00081755 0.00213562 0.00904789 0.016036 -0.00200834 -0.00338496
internal_weight=696.657 539.227 241.387 148.606 92.7811 297.84
internal_count=29113 20417 6863 3754 3109 13554
is_linear=0
shrinkage=0.035


Tree=138
num_leaves=7
num_cat=0
split_feature=4 77 76 10 25 70
split_gain=18.3984 13.1438 17.0497 15.5118 14.9988 12.5441
threshold=0.19399309903383258 0.2262072563171387 0.53118062019348156 0.37023584544658666 0.42823043465614324 0.48338252305984503
decision_type=10 10 10 10 10 10
left_child=-1 4 5 -4 -2 -3
right_child=1 2 3 -5 -6 -7
leaf_value=-0.016978135032101983 0.012253208471270935 0.00048545016965956635 -0.012873391865280635 0.0044277786519707485 -0.017394862503747034 0.015341023829547466
leaf_weight=63.399369190679863 19.90247244888451 126.16865006554872 101.09975174092688 139.39417386485729 70.767623391468078 173.27881119516678
leaf_count=5751 732 4844 4058 6257 4117 3391
internal_value=-5.86966e-05 0.00175149 0.0039179 -0.00281437 -0.00988909 0.00942807
internal_weight=694.011 630.611 539.941 240.494 90.6701 299.447
internal_count=29150 23399 18550 10315 4849 8235
is_linear=0
shrinkage=0.035


Tree=139
num_leaves=7
num_cat=0
split_feature=4 23 65 82 20 47
split_gain=15.8784 13.0409 14.8773 13.4098 13.3621 11.2947
threshold=0.19399309903383258 0.16141144931316379 0.45597751438617712 0.63421174883842479 0.72052761912345897 0.83529072999954235
decision_type=10 10 10 10 10 10
left_child=-1 5 4 -4 -3 -2
right_child=1 2 3 -5 -6 -7
leaf_value=-0.014483899711771163 -0.020077677226862631 0.013682278791155257 0.0050038050015595303 -0.010057183056865681 -0.012208795158020983 0.0028298101343457037
leaf_weight=62.942296379129402 44.132796590216458 229.37544033501763 198.51281430386007 103.3234653994441 18.887407164555043 43.03463896154426
leaf_count=5713 2625 5789 7224 4919 1629 1291
internal_value=0.00112751 0.00291126 0.00498267 -0.00010893 0.011188 -0.00892939
internal_weight=700.209 637.267 550.099 301.836 248.263 87.1674
internal_count=29190 23477 19561 12143 7418 3916
is_linear=0
shrinkage=0.035


Tree=140
num_leaves=7
num_cat=0
split_feature=89 19 62 19 47 75
split_gain=14.3094 13.9779 37.1104 20.3652 18.7312 6.59113
threshold=0.80787301063537609 0.08577339351177217 0.14413765817880633 0.38032709062099462 0.55146312713623058 0.84722414612770092
decision_type=8 10 10 10 10 10
left_child=1 5 4 -4 -3 -1
right_child=-2 2 3 -5 -6 -7
leaf_value=-0.021545618777465917 -0.020457404520141356 -0.0040597510112006111 0.0061053197163289386 -0.0069463951261340348 0.044553501525502998 0.00030128395411443309
leaf_weight=40.667300540255383 34.798873216379434 9.0626414257567358 289.62515838793479 279.70018830557819 27.661102590151131 18.56737239449285
leaf_count=1659 5530 500 5149 15641 404 286
internal_value=-0.000816207 0.000364054 0.00209376 -0.000223241 0.0328026 -0.0146957
internal_weight=700.083 665.284 606.049 569.325 36.7237 59.2347
internal_count=29169 23639 21694 20790 904 1945
is_linear=0
shrinkage=0.035


Tree=141
num_leaves=7
num_cat=0
split_feature=32 21 64 88 23 87
split_gain=13.3294 11.3164 18.3282 18.5968 13.4253 7.73199
threshold=0.10237288102507593 0.12336697801947595 0.29591965675354009 0.13103374466300013 0.25063653290271765 0.21591021865606311
decision_type=10 10 10 10 10 8
left_child=-1 5 3 -3 -4 -2
right_child=1 2 4 -5 -6 -7
leaf_value=-0.023211945279884971 0.0034457724886091576 -0.0023767025231412439 -0.021513855518444973 0.018158233945940773 -0.00021209398157029515 -0.018351089684115463
leaf_weight=23.291946029872634 20.707865044940263 80.88573155249469 33.019422063487582 125.97955527040176 360.5430460839998 54.350259609986097
leaf_count=3155 309 1020 2410 3724 15489 3077
internal_value=-0.000871131 8.50801e-05 0.00181357 0.0100951 -0.00252302 -0.0119528
internal_weight=698.778 675.486 600.428 206.865 393.562 75.0581
internal_count=29184 26029 22643 4744 17899 3386
is_linear=0
shrinkage=0.035


Tree=142
num_leaves=7
num_cat=0
split_feature=22 32 14 89 77 2
split_gain=13.6717 12.2552 10.8523 10.2419 11.0966 8.88347
threshold=0.11148862540721895 0.29566481709480291 0.17448128759860995 0.86054712533950817 0.27094142138957983 0.56902864575386058
decision_type=10 10 10 8 10 10
left_child=5 2 -2 4 -3 -1
right_child=1 3 -4 -5 -6 -7
leaf_value=-0.02587527772069104 0.0058165522980312256 -0.0062205761516609332 -0.019004764661960844 -0.018861120558708765 0.0063991286863699483 0
leaf_weight=32.716005281428806 23.931991213932633 94.781024205731228 55.635523721459322 16.624478711746633 437.60418200539425 29.793610762688331
leaf_count=1494 722 3541 6816 2619 12044 1747
internal_value=-0.000576607 0.000972438 -0.0110902 0.0029491 0.00399645 -0.0152409
internal_weight=691.087 628.577 79.5675 549.01 532.385 62.5096
internal_count=28983 25742 7538 18204 15585 3241
is_linear=0
shrinkage=0.035


Tree=143
num_leaves=7
num_cat=0
split_feature=81 37 63 17 62 88
split_gain=15.1923 17.3215 16.642 15.5762 27.7679 15.287
threshold=0.29417429864406591 0.53293377161026012 0.35805179178714758 0.38912525773048406 0.17653041332960132 0.57431501150131237
decision_type=10 8 10 10 10 8
left_child=5 3 -3 4 -2 -1
right_child=1 2 -4 -5 -6 -7
leaf_value=-0.0013254831996161545 0.023595849065275749 -0.012669368061176961 0.0041595202517608725 0.014963250666397169 -0.016520126962072723 -0.025724893002117676
leaf_weight=114.81584945973009 23.576132174115628 111.52102040487807 168.18864236748777 189.34458900033496 54.601423514774069 38.80945929849986
leaf_count=3713 665 4472 8452 4125 2769 4847
internal_value=0.000579023 0.0033903 -0.00253344 0.00966818 -0.0027457 -0.0087824
internal_weight=700.857 547.232 279.71 267.522 78.1776 153.625
internal_count=29043 20483 12924 7559 3434 8560
is_linear=0
shrinkage=0.035


Tree=144
num_leaves=7
num_cat=0
split_feature=74 79 65 93 18 68
split_gain=14.5516 14.2889 19.6851 17.1186 13.8693 10.1386
threshold=0.93774044513702404 0.14574399590492251 0.51017108559608471 0.80978858470916759 0.21794392913579944 0.88526117801666271
decision_type=8 10 10 8 10 10
left_child=1 5 3 -3 -4 -1
right_child=-2 2 4 -5 -6 -7
leaf_value=-0.020188597525174126 -0.01750774049020869 0.012286387686028126 0.010693401914782215 -0.012133441594947076 -0.0076606496477600872 0.0037890686977852159
leaf_weight=53.824241298250854 49.763747744145803 257.64002888021059 55.209524514502846 31.882918533869088 222.58675123564899 24.804331814637408
leaf_count=3357 1847 8653 2845 2326 9590 570
internal_value=-0.000633555 0.000784425 0.00284506 0.00916682 -0.00363203 -0.0123671
internal_weight=695.712 645.948 567.319 289.523 277.796 78.6286
internal_count=29188 27341 23414 10979 12435 3927
is_linear=0
shrinkage=0.035


Tree=145
num_leaves=7
num_cat=0
split_feature=96 52 83 80 95 41
split_gain=20.7067 19.1723 16.497 13.3287 11.0805 10.7846
threshold=0.49610193073749548 0.17457414418458941 0.32097257673740393 0.13278953731060031 0.86414796113967907 0.79287824034690868
decision_type=10 8 8 8 10 8
left_child=1 3 -3 -1 5 -2
right_child=4 2 -4 -5 -6 -7
leaf_value=0.016041081343567912 0.0097461741820971826 -0.0013148628855170683 -0.025200908167611436 -0.0056827782705250471 -0.008508255597530566 -0.0061117516633372544
leaf_weight=46.794579830719158 309.50930216268171 67.338920028996654 83.374002692638896 82.741642891895026 54.770103667746298 53.011911940062419
leaf_count=781 8017 4695 9379 2216 1703 2288
internal_value=0 -0.00725403 -0.0154636 0.00225977 0.00489675 0.00720367
internal_weight=697.54 280.249 150.713 129.536 417.291 362.521
internal_count=29079 17071 14074 2997 12008 10305
is_linear=0
shrinkage=0.035


Tree=146
num_leaves=7
num_cat=0
split_feature=19 19 60 14 39 40
split_gain=18.6459 12.1924 14.1599 19.9715 18.4095 7.92287
threshold=0.72930333018302929 0.08577339351177217 0.46764248609542852 0.35685870051383978 0.30142690241336828 0.98460355401039135
decision_type=8 10 10 8 10 10
left_child=1 -1 3 -3 -4 -2
right_child=5 2 4 -5 -6 -7
leaf_value=-0.013026648423812901 -0.021126708201632448 0.0005012392183186107 0.019712358578922683 -0.025556200719207747 0.0015549854872869333 0.013652776923955378
leaf_weight=61.057530954480171 61.826682511717081 201.71880221087486 93.104896067874506 34.891703613800928 239.75815020909067 1.7065310556208704
leaf_count=2431 7127 6859 1741 4527 6244 223
internal_value=-0.00106832 0.000763719 0.00249318 -0.00383683 0.00713124 -0.0180362
internal_weight=694.064 630.531 569.474 236.611 332.863 63.5332
internal_count=29152 21802 19371 11386 7985 7350
is_linear=0
shrinkage=0.035


Tree=147
num_leaves=7
num_cat=0
split_feature=20 69 19 62 95 87
split_gain=12.9618 11.6154 11.5404 19.7095 6.22807 5.29822
threshold=0.84762129187583934 0.13866652548313144 0.08577339351177217 0.16823357343673709 0.21023479104042056 0.96883574128150951
decision_type=8 10 10 10 8 10
left_child=1 -1 4 -4 -3 -2
right_child=5 2 3 -5 -6 -7
leaf_value=-0.01895420369529114 -0.024392303699772199 0.0004265206161224463 0.024386458374787607 0.0016867020062042454 -0.019543082505693667 0.0042509452101429698
leaf_weight=25.155004693195224 27.841549888369631 25.17571759223938 44.446233826922253 536.56378999981098 34.714438608614728 3.7477037940407163
leaf_count=3617 3493 432 1493 18114 1675 316
internal_value=0 0.00111036 0.00220276 0.00381996 -0.0113142 -0.0194957
internal_weight=697.644 666.055 640.9 581.01 59.8902 31.5893
internal_count=29140 25331 21714 19607 2107 3809
is_linear=0
shrinkage=0.035


Tree=148
num_leaves=7
num_cat=0
split_feature=90 77 36 35 95 39
split_gain=16.8934 13.6031 15.4042 12.8568 13.6405 12.7528
threshold=0.87073642015457164 0.27094142138957983 0.12961213290691379 0.31403243541717535 0.54440203309059154 0.2581829577684403
decision_type=8 10 10 8 10 10
left_child=1 3 -3 4 -1 -4
right_child=-2 2 5 -5 -6 -7
leaf_value=0.032066704039902062 -0.022393157888246848 -0.011765469209722523 0.016625045961130912 -0.014535396530708674 -0.0045601993003982983 0.0033007714466412917
leaf_weight=9.9838104576338065 27.652052007615566 52.296332712750882 116.87366668437608 90.5469841202721 29.951069347560406 371.91459163697436
leaf_count=504 3780 2106 3048 5393 1273 13093
internal_value=0.000973479 0.00226516 0.00477272 -0.00742915 0.00732488 0.00680882
internal_weight=699.219 671.566 541.085 130.482 39.9349 488.788
internal_count=29197 25417 18247 7170 1777 16141
is_linear=0
shrinkage=0.035


Tree=149
num_leaves=7
num_cat=0
split_feature=47 84 21 63 26 67
split_gain=13.5761 10.6703 14.5306 11.9477 8.91317 3.37824
threshold=0.18965281546115878 0.86582067608833324 0.91910627484321605 0.35805179178714758 0.18288506567478183 0.91741767525672924
decision_type=10 8 10 10 10 10
left_child=-1 2 4 -4 -2 -3
right_child=1 5 3 -5 -6 -7
leaf_value=-0.018675247975727446 -0.012782569291555032 -0.019215683708839072 -0.011806264745800096 0.027875365913393648 0.0020088791563591239 0.00022675325259468294
leaf_weight=38.304488720023073 46.747409046627581 31.942623546230607 4.9397669599857172 35.06919385236688 523.66603360942099 7.7591857374645761
leaf_count=5549 2974 2826 128 571 16766 281
internal_value=-0.000305357 0.000911056 0.00220487 0.0207315 0.000545873 -0.0149146
internal_weight=688.429 650.124 610.422 40.009 570.413 39.7018
internal_count=29095 23546 20439 699 19740 3107
is_linear=0
shrinkage=0.035


Tree=150
num_leaves=7
num_cat=0
split_feature=4 93 37 36 91 89
split_gain=13.7487 11.5727 12.1976 12.4161 6.17731 6.09933
threshold=0.11720672249794008 0.85726141929626476 0.94278824329376232 0.14577461034059527 0.48107174038887029 0.70140859484672557
decision_type=10 8 8 10 10 10
left_child=-1 2 3 -2 -3 -6
right_child=1 4 -4 -5 5 -7
leaf_value=-0.019611764358578376 -0.0083642146217907318 -0.024049838401646862 -0.022716339838662506 0.005872688660706585 0.013067532552365676 -0.014309673808234013
leaf_weight=31.794304415816441 77.327852159389295 22.985313839395531 13.503729937947353 528.50725866039284 12.538255620049314 11.361322258017024
leaf_count=3472 2949 1318 1254 17772 791 1626
internal_value=0.000289306 0.00153835 0.00293869 0.00388466 -0.0137353 0
internal_weight=698.018 666.224 619.339 605.835 46.8849 23.8996
internal_count=29182 25710 21975 20721 3735 2417
is_linear=0
shrinkage=0.035


Tree=151
num_leaves=7
num_cat=0
split_feature=4 19 62 4 70 42
split_gain=11.7587 11.6955 19.7413 18.1818 17.0698 7.41872
threshold=0.11720672249794008 0.084965411573648467 0.14078482985496524 0.60550391674041759 0.48338252305984503 0.40915514528751379
decision_type=10 10 10 10 10 10
left_child=-1 5 3 -3 -4 -2
right_child=1 2 4 -5 -6 -7
leaf_value=-0.018892403058296578 0.00027166694297130867 -0.0040484968413594035 -0.0067176300283423151 0.038349949641021577 0.0055553883662957451 -0.022141683018911097
leaf_weight=30.532945790910162 24.081249902257696 14.092536394484339 221.25349136418663 25.900743640726432 341.18215460749343 32.974198879208416
leaf_count=3447 681 756 12543 458 9651 1494
internal_value=-2.29932e-05 0.000987934 0.00255223 0.0241315 0.000608837 -0.0130046
internal_weight=690.017 659.484 602.429 39.9933 562.436 57.0554
internal_count=29030 25583 23408 1214 22194 2175
is_linear=0
shrinkage=0.035


Tree=152
num_leaves=7
num_cat=0
split_feature=84 55 14 18 3 62
split_gain=12.8392 17.7557 15.0397 20.9577 10.6832 10.5532
threshold=0.86582067608833324 0.73912045359611522 0.35685870051383978 0.44888174533844 0.36104971170425421 0.48807990550994879
decision_type=8 10 10 10 10 10
left_child=1 2 4 -4 -1 -3
right_child=-2 5 3 -5 -6 -7
leaf_value=0.0091562919101993573 -0.017435309140911549 0.017945599859991623 -0.029067858492971336 -0.0022011085133500055 -0.0031335654613607951 -0.00085851326724548972
leaf_weight=142.36772361968178 42.720516596687958 93.227290878072381 44.593618418904953 130.40454088291153 189.6976423242595 48.128215078613721
leaf_count=5367 3913 1711 6074 5424 3513 3166
internal_value=-0.000424873 0.000814697 -0.00219122 -0.0103057 0.00207258 0.0114887
internal_weight=691.14 648.419 507.064 174.998 332.065 141.356
internal_count=29168 25255 20378 11498 8880 4877
is_linear=0
shrinkage=0.035


Tree=153
num_leaves=7
num_cat=0
split_feature=89 39 86 63 49 58
split_gain=13.7071 14.1191 13.7334 13.1021 12.5508 12.1582
threshold=0.86054712533950817 0.25420838594436651 0.31786537170410162 0.42255038022995001 0.13962275534868243 0.13877796381711963
decision_type=8 8 10 10 10 10
left_child=1 4 3 -3 -1 -4
right_child=-2 2 5 -5 -6 -7
leaf_value=-0.014977165866161015 -0.021969974239516986 -0.0012418446206294786 0.0055252917212893467 0.014578201852055352 0.012433336478607511 -0.013170015935718617
leaf_weight=14.444524054066276 22.220910987118259 190.62978366180323 49.104593392461538 84.281297755660489 184.89164658728987 146.37589317956008
leaf_count=1290 4077 4124 2158 2700 4924 9769
internal_value=0.000963204 0.00205192 -0.00118415 0.00369773 0.00969262 -0.00818316
internal_weight=691.949 669.728 470.392 274.911 199.336 195.48
internal_count=29042 24965 18751 6824 6214 11927
is_linear=0
shrinkage=0.035


Tree=154
num_leaves=7
num_cat=0
split_feature=47 93 2 23 3 31
split_gain=13.4063 10.2238 10.377 16.1836 14.9994 6.47938
threshold=0.18965281546115878 0.85802853107452404 0.39205390214920049 0.16469197720289233 0.43269133567810064 0.76415324211120617
decision_type=10 8 8 10 10 10
left_child=-1 2 3 -2 -4 -3
right_child=1 5 4 -5 -6 -7
leaf_value=-0.018239021805748858 -0.013341975315346749 -0.021850906410669859 -0.023618976846935539 0.013181807091944596 0.0013854396732771654 0.001900016726487768
leaf_weight=37.353311357670464 24.840693684760481 27.90869559859857 23.648339606355876 171.65794392547105 391.34442013816442 15.079512942815198
leaf_count=5567 916 2355 977 6208 12353 807
internal_value=8.97882e-05 0.00142274 0.00271727 0.00918127 -0.000335074 -0.0134989
internal_weight=691.833 654.48 611.491 196.499 414.993 42.9882
internal_count=29183 23616 20454 7124 13330 3162
is_linear=0
shrinkage=0.035


Tree=155
num_leaves=7
num_cat=0
split_feature=86 58 53 72 67 66
split_gain=13.3964 18.8412 14.4191 19.3983 16.8638 13.6623
threshold=0.25712886452674871 0.6183757781982423 0.53656852245330822 0.96215310692787182 0.8924328386783601 0.21833045780658725
decision_type=8 8 10 10 10 10
left_child=5 2 3 -2 -4 -1
right_child=1 -3 4 -5 -6 -7
leaf_value=-0.008766533154638597 -0.010719756700567558 -0.019495466384080347 0.017333501615876854 0.014362609279890104 -0.015792898053747038 0.0087491908945927215
leaf_weight=58.601113516720943 170.41939877334516 71.81401853042189 78.430539988679811 39.061582322698087 15.725299752200952 263.23036731779575
leaf_count=1313 9101 7729 3467 572 826 6261
internal_value=2.11846e-05 -0.00435322 -0.000194883 -0.00544501 0.0104835 0.00526537
internal_weight=697.282 375.451 303.637 209.481 94.1558 321.831
internal_count=29269 21695 13966 9673 4293 7574
is_linear=0
shrinkage=0.035


Tree=156
num_leaves=7
num_cat=0
split_feature=34 55 13 88 0 38
split_gain=13.2825 11.5402 21.6888 13.3548 16.2227 12.0063
threshold=0.3462569266557694 0.49502423405647283 0.36045515537261968 0.30558905005455023 0.76825302839279186 0.73670312762260448
decision_type=10 10 10 10 10 8
left_child=-1 2 -2 5 -5 -3
right_child=1 3 -4 4 -6 -7
leaf_value=-0.0088954474642470548 0.0021378311952280483 0.0060264336616108784 -0.022960377020357855 0.023796064635883119 -0.010798138952962518 -0.013255387025066736
leaf_weight=151.64334916963708 187.58221899927594 178.11232283175923 45.125221004593186 77.539953658008017 13.353090318269095 41.501556932576932
leaf_count=9994 6028 2445 5601 2802 1214 1150
internal_value=0 0.00256927 -0.0031123 0.00696334 0.0177206 0.00181417
internal_weight=694.858 543.214 232.707 310.507 90.893 219.614
internal_count=29234 19240 11629 7611 4016 3595
is_linear=0
shrinkage=0.035


Tree=157
num_leaves=7
num_cat=0
split_feature=34 62 19 17 81 74
split_gain=10.868 14.784 13.5786 14.1418 10.5192 10.3172
threshold=0.66498133540153515 0.17653041332960132 0.08577339351177217 0.56059864163398754 0.37302422523498541 0.58511093258857738
decision_type=10 8 10 10 10 10
left_child=1 2 -1 -4 -3 -2
right_child=5 4 3 -5 -6 -7
leaf_value=-0.0096849524939247745 -0.0037972290253852595 -0.020959433075441534 0 0.029502074519478644 -0.0050373372004195458 0.0091179421736089106
leaf_weight=39.165949516114779 121.70577754813712 68.221956917084754 43.581462041009218 29.379923384869471 222.9237371692434 165.06909479585011
leaf_count=1867 5609 4359 1520 609 11040 4234
internal_value=-0.00153983 -0.00525292 0.00499823 0.0137068 -0.00940448 0.00350441
internal_weight=690.048 403.273 112.127 72.9614 291.146 286.775
internal_count=29238 19395 3996 2129 15399 9843
is_linear=0
shrinkage=0.035


Tree=158
num_leaves=7
num_cat=0
split_feature=92 2 51 23 23 4
split_gain=10.1865 12.1842 35.4453 16.6694 16.1399 11.8947
threshold=0.79309976100921642 0.39205390214920049 0.41925120353698736 0.16469197720289233 0.42276200652122503 0.62122246623039257
decision_type=8 8 10 10 10 10
left_child=1 3 -3 -1 -5 -4
right_child=-2 2 5 4 -6 -7
leaf_value=-0.015084654296405471 -0.01099754316696553 -0.025315624060681059 -0.0033459974609618462 0.025894545052245775 0.0032667210405761442 0.0088348800827150967
leaf_weight=21.799356801435351 78.869876682641916 57.093527536722831 187.46999961463735 64.00941187015269 102.99741470243316 183.42172387090977
leaf_count=1022 5579 2236 7614 1784 5281 5710
internal_value=0.000151554 0.00178379 -0.00140082 0.00903293 0.0130266 0.00259875
internal_weight=695.661 616.791 427.985 188.806 167.007 370.892
internal_count=29226 23647 15560 8087 7065 13324
is_linear=0
shrinkage=0.035


Tree=159
num_leaves=7
num_cat=0
split_feature=60 13 63 3 93 63
split_gain=11.2263 20.4404 16.1639 14.2981 14.0663 24.28
threshold=0.46764248609542852 0.37051014602184301 0.12682795897126201 0.30855384469032293 0.29386684298515325 0.35805179178714758
decision_type=10 8 10 8 8 10
left_child=1 2 -1 -2 5 -5
right_child=3 -3 -4 4 -6 -7
leaf_value=0.021041371649274047 0.018258184271365763 -0.026608230181871383 -0.0053806953482920103 -0.005824897258784446 -0.0052850027183302152 0.020169750047109501
leaf_weight=25.163723497651517 54.749601160292514 41.777000569622032 179.72035639022943 74.248135813628323 227.17532174487133 84.470012972364202
leaf_count=992 1429 6470 6203 1785 9094 3168
internal_value=-0.000500403 -0.00642711 -0.00122017 0.00275565 9.67467e-05 0.00799859
internal_weight=687.304 246.661 204.884 440.643 385.893 158.718
internal_count=29141 13665 7195 15476 14047 4953
is_linear=0
shrinkage=0.035


end of trees

feature_importances:
cop_focal_min_3000m_mean_cityrank=47
lc_grass_shrub_500m_frac_cityrank=46
cop_elevation_range_cityrank=44
fab_elevation_range_cityrank=39
lc_grass_shrub_200m_frac_cityrank=37
fab_focal_min_3000m_mean_cityrank=35
lc_tree_200m_frac_cityrank=28
fab_flow_accumulation_log_max_cityrank=25
cop_fill_depth_max_cityrank=25
lc_cropland_200m_frac_cityrank=25
fab_twi_max_cityrank=24
cop_twi_max_cityrank=22
fab_hand_any_m_min_cityrank=21
lc_bare_200m_frac_cityrank=21
fab_hand_major_m_min_cityrank=20
cop_hand_major_m_min_cityrank=20
fab_focal_min_1000m_mean_cityrank=19
fab_focal_min_1000m_max_cityrank=19
cop_focal_mean_3000m_mean_cityrank=19
lc_tree_500m_frac_cityrank=19
cop_focal_min_3000m_max_cityrank=17
fab_rel_elev_3000m_min_cityrank=16
fab_focal_min_3000m_max_cityrank=15
fab_elevation_percentile_1km_mean_cityrank=15
fab_rel_elev_300m_mean_cityrank=14
fab_dist_water_major_m_min_cityrank=13
cop_rel_elev_3000m_min_cityrank=13
lc_bare_500m_frac_cityrank=13
lc_wetland_mangrove_500m_frac_cityrank=13
cop_hand_any_m_mean_cityrank=12
cop_fill_share_gt_0_2m_cityrank=11
cop_rel_elev_300m_min_cityrank=9
cop_focal_mean_3000m_max_cityrank=9
cop_slope_max_cityrank=9
lc_wetland_mangrove_200m_frac_cityrank=9
fab_elevation_max_cityrank=8
fab_rel_elev_3000m_mean_cityrank=8
cop_flow_accumulation_log_max_cityrank=8
lc_cropland_500m_frac_cityrank=8
fab_rel_elev_1000m_min_cityrank=7
fab_focal_mean_3000m_mean_cityrank=7
fab_focal_mean_3000m_max_cityrank=7
fab_elevation_percentile_1km_max_cityrank=7
fab_dist_water_any_m_min_cityrank=7
fab_dist_water_any_m_mean_cityrank=7
cop_rel_elev_3000m_mean_cityrank=7
cop_elevation_percentile_1km_mean_cityrank=7
cop_dist_water_any_m_mean_cityrank=7
cop_rel_elev_1000m_min_cityrank=6
cop_hand_any_m_min_cityrank=6
fab_elevation_mean_cityrank=5
fab_flow_accumulation_log_mean_cityrank=5
cop_elevation_min_cityrank=5
cop_focal_min_300m_max_cityrank=5
cop_fill_depth_min_cityrank=5
cop_focal_mean_300m_max_cityrank=4
cop_focal_mean_1000m_max_cityrank=4
cop_elevation_percentile_1km_max_cityrank=4
lc_water_500m_frac_cityrank=4
fab_elevation_min_cityrank=3
fab_slope_mean_cityrank=3
fab_slope_max_cityrank=3
fab_hand_any_m_mean_cityrank=3
fab_hand_major_m_mean_cityrank=3
cop_elevation_p10_cityrank=3
cop_focal_min_300m_mean_cityrank=3
cop_flow_accumulation_log_mean_cityrank=3
cop_twi_mean_cityrank=3
cop_dist_water_major_m_min_cityrank=3
fab_focal_mean_300m_max_cityrank=2
fab_focal_min_300m_mean_cityrank=2
fab_focal_min_300m_max_cityrank=2
fab_focal_mean_1000m_mean_cityrank=2
fab_focal_mean_1000m_max_cityrank=2
fab_fill_depth_min_cityrank=2
fab_fill_depth_mean_cityrank=2
cop_elevation_max_cityrank=2
cop_focal_mean_300m_mean_cityrank=2
cop_rel_elev_300m_mean_cityrank=2
cop_slope_mean_cityrank=2
cop_fill_depth_mean_cityrank=2
cop_dist_water_any_m_min_cityrank=2
lc_water_200m_frac_cityrank=2
fab_elevation_p10_cityrank=1
fab_focal_mean_300m_mean_cityrank=1
fab_rel_elev_300m_min_cityrank=1
fab_rel_elev_1000m_mean_cityrank=1
fab_twi_mean_cityrank=1
fab_dist_water_major_m_mean_cityrank=1
cop_focal_mean_1000m_mean_cityrank=1
cop_focal_min_1000m_mean_cityrank=1
cop_focal_min_1000m_max_cityrank=1
cop_dist_water_major_m_mean_cityrank=1
fab_elev_min_cityrank=1

parameters:
[boosting: gbdt]
[objective: binary]
[metric: binary_logloss]
[tree_learner: serial]
[device_type: cpu]
[data_sample_strategy: bagging]
[data: ]
[valid: ]
[num_iterations: 160]
[learning_rate: 0.035]
[num_leaves: 7]
[num_threads: 2]
[seed: 41073]
[deterministic: 1]
[force_col_wise: 1]
[force_row_wise: 0]
[histogram_pool_size: -1]
[max_depth: 4]
[min_data_in_leaf: 30]
[min_sum_hessian_in_leaf: 0.001]
[bagging_fraction: 0.85]
[pos_bagging_fraction: 1]
[neg_bagging_fraction: 1]
[bagging_freq: 1]
[bagging_seed: 26519]
[bagging_by_query: 0]
[feature_fraction: 0.8]
[feature_fraction_bynode: 1]
[feature_fraction_seed: 6506]
[extra_trees: 0]
[extra_seed: 10277]
[early_stopping_round: 0]
[early_stopping_min_delta: 0]
[first_metric_only: 0]
[max_delta_step: 0]
[lambda_l1: 1.5]
[lambda_l2: 8]
[linear_lambda: 0]
[min_gain_to_split: 0]
[drop_rate: 0.1]
[max_drop: 50]
[skip_drop: 0.5]
[xgboost_dart_mode: 0]
[uniform_drop: 0]
[drop_seed: 15296]
[top_rate: 0.2]
[other_rate: 0.1]
[min_data_per_group: 100]
[max_cat_threshold: 32]
[cat_l2: 10]
[cat_smooth: 10]
[max_cat_to_onehot: 4]
[top_k: 20]
[monotone_constraints: ]
[monotone_constraints_method: basic]
[monotone_penalty: 0]
[feature_contri: ]
[forcedsplits_filename: ]
[refit_decay_rate: 0.9]
[cegb_tradeoff: 1]
[cegb_penalty_split: 0]
[cegb_penalty_feature_lazy: ]
[cegb_penalty_feature_coupled: ]
[path_smooth: 0]
[interaction_constraints: ]
[verbosity: -1]
[saved_feature_importance_type: 0]
[use_quantized_grad: 0]
[num_grad_quant_bins: 4]
[quant_train_renew_leaf: 0]
[stochastic_rounding: 1]
[linear_tree: 0]
[max_bin: 255]
[max_bin_by_feature: ]
[min_data_in_bin: 3]
[bin_construct_sample_cnt: 200000]
[data_random_seed: 3093]
[is_enable_sparse: 1]
[enable_bundle: 1]
[use_missing: 1]
[zero_as_missing: 0]
[feature_pre_filter: 1]
[pre_partition: 0]
[two_round: 0]
[header: 0]
[label_column: ]
[weight_column: ]
[group_column: ]
[ignore_column: ]
[categorical_feature: ]
[forcedbins_filename: ]
[precise_float_parser: 0]
[parser_config_file: ]
[objective_seed: 1898]
[num_class: 1]
[is_unbalance: 0]
[scale_pos_weight: 1]
[sigmoid: 1]
[boost_from_average: 1]
[reg_sqrt: 0]
[alpha: 0.9]
[fair_c: 1]
[poisson_max_delta_step: 0.7]
[tweedie_variance_power: 1.5]
[lambdarank_truncation_level: 30]
[lambdarank_norm: 1]
[label_gain: ]
[lambdarank_position_bias_regularization: 0]
[eval_at: ]
[multi_error_top_k: 1]
[auc_mu_weights: ]
[num_machines: 1]
[local_listen_port: 12400]
[time_out: 120]
[machine_list_filename: ]
[machines: ]
[gpu_platform_id: -1]
[gpu_device_id: -1]
[gpu_device_id_list: ]
[gpu_use_dp: 0]
[num_gpu: 1]

end of parameters

pandas_categorical:[]
