tree
version=v4
num_class=1
num_tree_per_iteration=1
label_index=0
max_feature_idx=99
objective=binary sigmoid:1
feature_names=fab_elevation_min_cityrank fab_elevation_p10_cityrank fab_elevation_mean_cityrank fab_elevation_max_cityrank fab_elevation_range_cityrank fab_focal_mean_300m_mean_cityrank fab_focal_mean_300m_max_cityrank fab_focal_min_300m_mean_cityrank fab_focal_min_300m_max_cityrank fab_rel_elev_300m_min_cityrank fab_rel_elev_300m_mean_cityrank fab_focal_mean_1000m_mean_cityrank fab_focal_mean_1000m_max_cityrank fab_focal_min_1000m_mean_cityrank fab_focal_min_1000m_max_cityrank fab_rel_elev_1000m_min_cityrank fab_rel_elev_1000m_mean_cityrank fab_focal_mean_3000m_mean_cityrank fab_focal_mean_3000m_max_cityrank fab_focal_min_3000m_mean_cityrank fab_focal_min_3000m_max_cityrank fab_rel_elev_3000m_min_cityrank fab_rel_elev_3000m_mean_cityrank fab_elevation_percentile_1km_mean_cityrank fab_elevation_percentile_1km_max_cityrank fab_slope_mean_cityrank fab_slope_max_cityrank fab_fill_depth_min_cityrank fab_fill_depth_mean_cityrank fab_fill_depth_max_cityrank fab_fill_share_gt_0_2m_cityrank fab_flow_accumulation_log_mean_cityrank fab_flow_accumulation_log_max_cityrank fab_twi_mean_cityrank fab_twi_max_cityrank fab_dist_water_any_m_min_cityrank fab_dist_water_any_m_mean_cityrank fab_hand_any_m_min_cityrank fab_hand_any_m_mean_cityrank fab_dist_water_major_m_min_cityrank fab_dist_water_major_m_mean_cityrank fab_hand_major_m_min_cityrank fab_hand_major_m_mean_cityrank cop_elevation_min_cityrank cop_elevation_p10_cityrank cop_elevation_mean_cityrank cop_elevation_max_cityrank cop_elevation_range_cityrank cop_focal_mean_300m_mean_cityrank cop_focal_mean_300m_max_cityrank cop_focal_min_300m_mean_cityrank cop_focal_min_300m_max_cityrank cop_rel_elev_300m_min_cityrank cop_rel_elev_300m_mean_cityrank cop_focal_mean_1000m_mean_cityrank cop_focal_mean_1000m_max_cityrank cop_focal_min_1000m_mean_cityrank cop_focal_min_1000m_max_cityrank cop_rel_elev_1000m_min_cityrank cop_rel_elev_1000m_mean_cityrank cop_focal_mean_3000m_mean_cityrank cop_focal_mean_3000m_max_cityrank cop_focal_min_3000m_mean_cityrank cop_focal_min_3000m_max_cityrank cop_rel_elev_3000m_min_cityrank cop_rel_elev_3000m_mean_cityrank cop_elevation_percentile_1km_mean_cityrank cop_elevation_percentile_1km_max_cityrank cop_slope_mean_cityrank cop_slope_max_cityrank cop_fill_depth_min_cityrank cop_fill_depth_mean_cityrank cop_fill_depth_max_cityrank cop_fill_share_gt_0_2m_cityrank cop_flow_accumulation_log_mean_cityrank cop_flow_accumulation_log_max_cityrank cop_twi_mean_cityrank cop_twi_max_cityrank cop_dist_water_any_m_min_cityrank cop_dist_water_any_m_mean_cityrank cop_hand_any_m_min_cityrank cop_hand_any_m_mean_cityrank cop_dist_water_major_m_min_cityrank cop_dist_water_major_m_mean_cityrank cop_hand_major_m_min_cityrank cop_hand_major_m_mean_cityrank lc_tree_200m_frac_cityrank lc_tree_500m_frac_cityrank lc_grass_shrub_200m_frac_cityrank lc_grass_shrub_500m_frac_cityrank lc_cropland_200m_frac_cityrank lc_cropland_500m_frac_cityrank lc_bare_200m_frac_cityrank lc_bare_500m_frac_cityrank lc_water_200m_frac_cityrank lc_water_500m_frac_cityrank lc_wetland_mangrove_200m_frac_cityrank lc_wetland_mangrove_500m_frac_cityrank fab_elev_min_cityrank fab_dist_any_water_min_cityrank
feature_infos=[0.0024097480345517397:0.99984842538833618] [0.0012730744201689959:0.99986362457275391] [5.3044768719701096e-05:0.99983328580856323] [5.3044768719701096e-05:0.99987876415252686] [0.00093965022824704647:1] [1.5155648725340143e-05:0.9998939037322998] [1.5155648725340143e-05:0.99984085559844971] [4.5466946176020429e-05:0.99998486042022705] [1.5155648725340143e-05:0.99993181228637695] [3.0311297450680286e-05:0.99998486042022705] [9.0933892352040857e-05:0.99998486042022705] [1.5155648725340143e-05:0.99993938207626343] [3.0311297450680286e-05:0.99998486042022705] [0.00058349245227873325:0.99993938207626343] [0.00058349245227873325:0.99993938207626343] [1.5155648725340143e-05:0.99998486042022705] [1.5155648725340143e-05:0.99995452165603638] [6.0622594901360571e-05:1] [6.8200417445041239e-05:1] [0.0055545452050864697:0.99998486042022705] [0.0055545452050864697:0.99999243021011353] [7.5778239988721907e-05:0.99996966123580933] [4.5466946176020429e-05:0.99995452165603638] [1.5155648725340143e-05:0.9931647777557373] [1.5155648725340143e-05:0.97487950325012207] [6.0622594901360571e-05:0.99998486042022705] [6.0622594901360571e-05:1] [0.47469764947891235:0.99993938207626343] [0.37207874655723572:0.99990904331207275] [0.37207874655723572:0.99992424249649048] [0.46386894583702087:0.99353611469268799] [0.013700705952942371:1] [0.013700705952942371:0.99992424249649048] [6.0622594901360571e-05:1] [4.5466946176020429e-05:0.99993938207626343] [0.068677820265293121:0.99996966123580933] [0.0029250402003526688:0.99992424249649048] [3.0340726880240254e-05:1] [7.585181447211653e-05:1] [0.051385227590799332:1] [0.0021899912972003222:0.99998486042022705] [1.5196644199022558e-05:1] [3.0393288398045115e-05:1] [5.3039144404465333e-05:0.99987876415252686] [3.0308081477414817e-05:0.99987876415252686] [8.3347222243901342e-05:0.99984848499298096] [6.8193185143172741e-05:0.99987876415252686] [0.00090166542213410139:0.99987876415252686] [1.5154040738707408e-05:0.9998939037322998] [1.5154040738707408e-05:0.99984085559844971] [4.5462122216122225e-05:0.99998486042022705] [1.5154040738707408e-05:0.99992424249649048] [0.00012123232590965927:0.99995452165603638] [7.5770207331515849e-05:0.99990910291671753] [1.5154040738707408e-05:0.99993938207626343] [3.0308081477414817e-05:0.99998486042022705] [0.000598584592808038:1] [0.000598584592808038:1] [0.00018942551105283201:0.9999697208404541] [0.00010607828880893067:0.99992424249649048] [0.00012123232590965927:0.99998486042022705] [0.00010607828880893067:0.99998486042022705] [0.005493339616805315:0.99995452165603638] [0.005493339616805315:0.99995452165603638] [1.5154040738707408e-05:0.9999697208404541] [0.00019700253324117512:0.99992424249649048] [3.0308081477414817e-05:0.99996209144592285] [3.0308081477414817e-05:0.99894678592681885] [5.3039144404465333e-05:1] [5.3039144404465333e-05:0.99981814622879028] [0.48089075088500977:0.9999697208404541] [0.18235614895820618:0.99998486042022705] [0.18235614895820618:0.99998486042022705] [0.23908530175685883:0.98692965507507324] [0.033104002475738525:1] [0.033104002475738525:0.99998486042022705] [1.5154040738707408e-05:0.99996209144592285] [1.5154040738707408e-05:0.99995452165603638] [0.06867053359746933:0.9999697208404541] [0.0029247298371046782:0.99992424249649048] [0.00023509070160798728:1] [6.0668568039545789e-05:1] [0.051379773765802383:1] [0.0021897589322179556:0.99998486042022705] [3.7967954995110631e-05:1] [4.5561544538941234e-05:1] [0.025871220976114273:0.99996209144592285] [0.00028054957510903478:0.99996966123580933] [0.12356313318014145:0.9999014139175415] [0.03004155121743679:0.99998486042022705] [0.2591899037361145:0.99998486042022705] [0.093354769051074982:1] [0.29674562811851501:0.99989384412765503] [0.080419152975082397:1] [0.39724302291870117:0.9999772310256958] [0.2675153911113739:0.99996966123580933] [0.49605715274810791:0.99991661310195923] [0.48547208309173584:0.99990898370742798] [0.0024097480345517397:0.99984842538833618] [0.068677820265293121:0.99996966123580933]
tree_sizes=876 842 870 852 897 851 872 866 867 887 860 867 865 889 853 876 844 883 870 874 843 905 869 897 879 875 873 884 885 881 866 875 863 905 855 875 883 899 904 903 881 874 906 872 867 906 875 901 907 899 890 909 902 874 890 864 863 876 898 899 884 911 871 907 901 903 912 884 880 888 882 864 879 909 863 887 888 908 898 911 905 889 887 910 901 910 911 899 892 896 870 913 888 897 890 912 898 879 888 895 889 862 899 901 875 887 903 876 895 910 903 887 884 913 891 906 894 864 916 850 913 906 888 884 916 891 911 892 889 886 901 896 903 895 911 887 834 915 911 902 863 897 906 864 903 904 907 892 915 875 916 909 915 914 913 916 840 905 881 909

Tree=0
num_leaves=7
num_cat=0
split_feature=82 13 69 89 14 72
split_gain=163.571 48.5181 41.8751 19.3372 15.4952 12.8705
threshold=0.18839882314205172 0.3638113290071488 0.47689767181873327 0.81455674767494213 0.34404459595680242 0.69391110539436351
decision_type=8 10 10 8 8 10
left_child=1 2 -1 -4 5 -2
right_child=4 -3 3 -5 -6 -7
leaf_value=-3.3506348288934977 -3.364013664587175 -3.3527396223256325 -3.2253070961802166 -3.3506348288934977 -3.3794549622520296 -3.3247122583171906
leaf_weight=5.6159374453127446 19.236876610666517 7.1606475096195927 10.58388225547969 1.381075523793698 66.566531155258417 8.2079086489975435
leaf_count=826 2879 1058 1241 207 10010 1046
internal_value=-3.34965 -3.28127 -3.25855 -3.23473 -3.37115 -3.35054
internal_weight=118.753 24.7415 17.5809 11.965 94.0113 27.4448
internal_count=17267 3332 2274 1448 13935 3925
is_linear=0
shrinkage=1


Tree=1
num_leaves=7
num_cat=0
split_feature=39 13 47 89 14 64
split_gain=142.715 41.5313 26.659 16.1518 14.5889 10.333
threshold=0.18841881304979327 0.3638113290071488 0.38366243243217474 0.81455674767494213 0.25489526987075811 0.3955697119235993
decision_type=8 10 10 8 8 10
left_child=1 2 -1 -4 5 -2
right_child=4 -3 3 -5 -6 -7
leaf_value=0 0.020547307991463013 -0.0037524810605353764 0.10775632506423526 0 -0.029143057112876871 -0.014391098848504872
leaf_weight=4.8188867419958177 10.357834639493378 6.8526448011398307 12.110742600634691 1.8916152920573956 65.343766588252038 15.695459718350319
leaf_count=684 1404 1021 1328 281 10089 2338
internal_value=0 0.06223 0.0821647 0.0985591 -0.0211401 0
internal_weight=117.071 25.6739 18.8212 14.0024 91.3971 26.0533
internal_count=17145 3314 2293 1609 13831 3742
is_linear=0
shrinkage=0.035


Tree=2
num_leaves=7
num_cat=0
split_feature=39 14 47 14 72 50
split_gain=123.705 36.3775 31.0899 15.39 12.184 11.04
threshold=0.18841881304979327 0.34404459595680242 0.59362924098968517 0.34404459595680242 0.69391110539436351 0.4016843736171723
decision_type=8 10 10 8 10 10
left_child=1 2 -1 4 -2 -4
right_child=3 -3 5 -5 -6 -7
leaf_value=0.0050258239946086025 -0.012801533985148749 -0.0014993565621972444 0.1067882758659533 -0.02842413840116657 0.025463927494711318 0
leaf_weight=7.9117101873271229 18.582036708947275 7.9000833402387789 10.280794369056817 63.343392847105861 8.3230778127908689 0.73466860270127732
leaf_count=1065 2821 1151 997 10084 1023 85
internal_value=0 0.0568945 0.0764217 -0.0198732 0.000654885 0.101252
internal_weight=117.076 26.8273 18.9272 90.2485 26.9051 11.0155
internal_count=17226 3298 2147 13928 3844 1082
is_linear=0
shrinkage=0.035


Tree=3
num_leaves=7
num_cat=0
split_feature=39 69 13 13 49 72
split_gain=108.378 32.1878 26.6296 16.0919 12.9003 12.5686
threshold=0.18841881304979327 0.64449757337570202 0.34882998466491705 0.34626489877700811 0.1273772940039635 0.69391110539436351
decision_type=8 10 10 8 10 10
left_child=1 -1 4 5 -3 -2
right_child=3 2 -4 -5 -6 -7
leaf_value=0.0019091952127270044 -0.01258377449808276 0 0 -0.028221780999559201 0.10022051426818172 0.025973082373387291
leaf_weight=12.871521037537606 18.349525643978271 1.3826150898821641 3.3623452275060108 61.775853794068098 10.379469920415429 8.7474664002656919
leaf_count=1768 2821 167 481 10063 900 1057
internal_value=0 0.0518649 0.0767405 -0.0192602 0.0924217 0.00145046
internal_weight=116.869 27.996 15.1244 88.8728 11.7621 27.097
internal_count=17257 3316 1548 13941 1067 3878
is_linear=0
shrinkage=0.035


Tree=4
num_leaves=7
num_cat=0
split_feature=39 62 62 58 14 58
split_gain=111.615 32.1734 22.4675 20.1938 13.108 9.10264
threshold=0.18841881304979327 0.64093637466430675 0.11591325700283052 0.46823713183403021 0.34404459595680242 0.58892393112182628
decision_type=8 10 10 10 8 10
left_child=1 2 -1 -4 5 -2
right_child=4 -3 3 -5 -6 -7
leaf_value=-0.0020751928693895395 0.016163389126371937 -0.0041992375472672521 0.096159258237812059 0.0052407770048748864 -0.027496667962436244 -0.016035791036361498
leaf_weight=3.0247589014470639 14.557064758148046 7.0257333116605869 12.788137021940203 6.1238247291184953 60.18678992241621 12.445884253364055
leaf_count=385 1935 965 1205 746 10059 1934
internal_value=0.000353113 0.0523373 0.0684816 0.0789794 -0.0193107 0
internal_weight=116.152 28.9625 21.9367 18.912 87.1897 27.0029
internal_count=17229 3301 2336 1951 13928 3869
is_linear=0
shrinkage=0.035


Tree=5
num_leaves=7
num_cat=0
split_feature=13 47 50 89 22 63
split_gain=97.9773 52.547 21.388 15.958 8.2037 7.58048
threshold=0.35091389715671545 0.59787994623184215 0.4016843736171723 0.75795775651931774 0.31741990149021154 0.49546892940998083
decision_type=8 10 10 8 10 10
left_child=1 4 3 -3 5 -1
right_child=-2 2 -4 -5 -6 -7
leaf_value=0.031578020460278106 -0.025841423670225561 0.088178788269562394 0 0 -0.014553325298706996 -0.0063541494525381345
leaf_weight=5.8146352912299353 66.276534974109381 15.221352947875863 5.4422113597393027 2.8485271995887151 15.846079377457498 4.6186976092867553
leaf_count=748 11145 1335 691 364 2345 671
internal_value=0.000368347 0.0349119 0.0654064 0.0785879 0 0.0164679
internal_weight=116.068 49.7915 23.5121 18.0699 26.2794 10.4333
internal_count=17299 6154 2390 1699 3764 1419
is_linear=0
shrinkage=0.035


Tree=6
num_leaves=7
num_cat=0
split_feature=39 89 50 72 58 62
split_gain=91.3186 44.6559 14.9868 13.4276 10.5409 8.91362
threshold=0.27480600774288183 0.32218465209007269 0.49066510796546942 0.65526071190834057 0.77081027626991283 0.5789904296398164
decision_type=8 8 10 10 10 10
left_child=1 2 4 -3 -1 -5
right_child=-2 3 -4 5 -6 -7
leaf_value=0.092139389851235612 -0.022689155484683504 -0.011274280956008714 -3.679339805140025e-05 0.039404998777463271 0 -0.0052224380377079429
leaf_weight=10.158825615420934 74.892294568475336 16.819485619198534 1.4582428568974126 8.0472342791035754 0.89522036770358759 3.0273326989263287
leaf_count=840 12490 2325 201 843 122 436
internal_value=0 0.0378075 0.0774021 0.0052914 0.0860994 0.0273795
internal_weight=115.299 40.4063 12.5123 27.8941 11.054 11.0746
internal_count=17257 4767 1163 3604 962 1279
is_linear=0
shrinkage=0.035


Tree=7
num_leaves=7
num_cat=0
split_feature=39 63 57 72 69 49
split_gain=89.5699 25.1947 15.8075 15.7044 13.3657 11.8934
threshold=0.18841881304979327 0.53366470336914074 0.38198791444301611 0.69391110539436351 0.49306702613830572 0.13161284476518634
decision_type=8 10 8 10 10 10
left_child=1 4 3 -2 -1 -6
right_child=2 -3 -4 -5 5 -7
leaf_value=0.0012261202893515922 -0.014879530002991758 0 -0.028673298370286517 0.026913040964494574 0 0.078947436668185808
leaf_weight=5.7885204954072895 19.583665490150455 9.73720435798168 52.685095166787505 10.152676750440149 1.2884168103337277 14.620251034852116
leaf_count=766 3131 1250 9481 1222 150 1142
internal_value=0.000433536 0.0448152 -0.0183798 0.000678703 0.0608785 0.0727148
internal_weight=113.856 31.4344 82.4214 29.7363 21.6972 15.9087
internal_count=17142 3308 13834 4353 2058 1292
is_linear=0
shrinkage=0.035


Tree=8
num_leaves=7
num_cat=0
split_feature=14 58 62 41 72 40
split_gain=91.5585 45.4561 26.4777 20.5697 9.53834 4.72895
threshold=0.35171714425086981 0.46823713183403021 0.64093637466430675 0.46298857033252722 0.56024110317230236 0.20545754581689837
decision_type=8 10 10 10 10 8
left_child=1 2 3 -1 -3 -2
right_child=5 4 -4 -5 -6 -7
leaf_value=0.081712602587941482 0 -0.015423975234394215 -0.0037416636259877834 0 0.019299448819103789 -0.028340752603517875
leaf_weight=19.109246267937131 7.4984983312897375 16.828833521343771 4.6644978490658096 4.1044010296463957 7.5848899818956843 54.733128184918314
leaf_count=1575 1096 2551 639 468 913 9997
internal_value=0.00164064 0.0335574 0.0586825 0.070652 -0.000915647 -0.0251984
internal_weight=114.523 52.2919 27.8781 23.2136 24.4137 62.2316
internal_count=17239 6146 2682 2043 3464 11093
is_linear=0
shrinkage=0.035


Tree=9
num_leaves=7
num_cat=0
split_feature=14 52 62 51 94 83
split_gain=97.3872 42.8116 26.8329 15.3807 8.8869 2.53409
threshold=0.34404459595680242 0.52771672606468212 0.47938293218612676 0.54949688911437999 0.95885398983955394 0.17718862742185595
decision_type=8 10 10 10 10 8
left_child=1 2 3 -1 -3 -2
right_child=5 4 -4 -5 -6 -7
leaf_value=0.080247817049821091 0 -0.013984140716853504 0.00044503419957283354 -0.00073487111604065886 0.022210513896567981 -0.028846965933357983
leaf_weight=19.136342259123928 6.8548714225180438 18.35819146363065 9.7952187149785441 1.6367980032227922 3.8133091554045668 54.45141436252743
leaf_count=1511 986 2750 1139 196 404 10167
internal_value=0.00147056 0.0341169 0.0564833 0.0736121 -0.00178039 -0.0265528
internal_weight=114.046 52.7399 30.5684 20.7731 22.1715 61.3063
internal_count=17153 6000 2846 1707 3154 11153
is_linear=0
shrinkage=0.035


Tree=10
num_leaves=7
num_cat=0
split_feature=14 47 41 88 89 40
split_gain=84.2378 39.3378 22.5976 14.5038 5.89759 5.59383
threshold=0.25489526987075811 0.46932822465896612 0.46298857033252722 0.55990868806839 0.2855046838521958 0.20545754581689837
decision_type=8 10 10 8 10 8
left_child=1 4 3 -3 -1 -2
right_child=5 2 -4 -5 -6 -7
leaf_value=0.013458327336361903 0 0.079611832798499219 0 0.0094587709558663236 -0.015625005695445331 -0.029182649967839334
leaf_weight=4.5062591107562211 8.3581809327006322 15.640121671836825 8.0625412790104729 9.311309324577449 15.380684803239999 52.592557499650866
leaf_count=578 1201 1028 1016 953 2303 10107
internal_value=0.000642683 0.030991 0.0508215 0.0636779 -0.005182 -0.0254757
internal_weight=113.852 52.9009 33.014 24.9514 19.8869 60.9507
internal_count=17186 5878 2997 1981 2881 11308
is_linear=0
shrinkage=0.035


Tree=11
num_leaves=7
num_cat=0
split_feature=14 47 41 4 40 89
split_gain=79.6878 34.8132 22.0007 13.7646 5.65537 5.54892
threshold=0.34404459595680242 0.38366243243217474 0.45946294069290167 0.24107331782579425 0.20545754581689837 0.2855046838521958
decision_type=8 10 10 10 8 10
left_child=1 5 3 -3 -2 -1
right_child=4 2 -4 -5 -6 -7
leaf_value=0.011492751953270297 0 -0.00066805771573086325 0 0.064048334337835813 -0.028316035728811799 -0.01801464789690636
leaf_weight=3.5603870991617468 7.9542183512821785 2.5777116701938239 9.234844593331216 26.875521489419043 50.508671635761857 12.724175708368419
leaf_count=461 1159 308 1198 2046 10000 1982
internal_value=0.00189039 0.0303661 0.0461084 0.0580498 -0.0245276 -0.00774064
internal_weight=113.436 54.9726 38.6881 29.4532 58.4629 16.2846
internal_count=17154 5995 3552 2354 11159 2443
is_linear=0
shrinkage=0.035


Tree=12
num_leaves=7
num_cat=0
split_feature=39 91 62 62 40 87
split_gain=79.2281 25.1064 18.9992 13.8589 8.07136 7.84154
threshold=0.25473992526531225 0.65540930628776561 0.64093637466430675 0.11591325700283052 0.47132550179958349 0.34776774048805242
decision_type=8 8 10 10 8 8
left_child=1 2 3 -1 5 -2
right_child=4 -3 -4 -5 -6 -7
leaf_value=0 0.017666079404332756 0 -0.0057867000743206526 0.066857101652995091 -0.027708340258658433 -0.014249868689340077
leaf_weight=2.9813584177754882 7.4406019640155163 15.256251160521058 3.2204927382990709 22.544881796929985 46.05738953826949 15.593545345123855
leaf_count=320 1068 1961 450 1689 9039 2627
internal_value=0.00196093 0.0355985 0.0512868 0.059716 -0.0202522 -0.000352193
internal_weight=113.095 44.003 28.7467 25.5262 69.0915 23.0341
internal_count=17154 4420 2459 2009 12734 3695
is_linear=0
shrinkage=0.035


Tree=13
num_leaves=7
num_cat=0
split_feature=35 91 62 13 72 68
split_gain=62.1517 32.0284 25.4755 12.7621 4.67329 4.59214
threshold=0.28247097134590154 0.65540930628776561 0.47938293218612676 0.50384953618049633 0.91879707574844371 0.91681948304176342
decision_type=8 8 10 10 10 10
left_child=1 2 3 -1 5 -2
right_child=4 -3 -4 -5 -6 -7
leaf_value=0.067160705563095113 -0.026741848433202011 -0.0084765879917833957 0 -0.001249701864987734 0.0001409089769561019 0.00029259672895534991
leaf_weight=20.069273020606495 55.273103224579245 15.506103854626415 9.7302706362679583 1.788652499206363 6.232712789438664 4.2701633139513424
leaf_count=1335 10520 2104 1193 281 964 770
internal_value=-2.89221e-05 0.0276879 0.0448922 0.0609694 -0.0214358 -0.0242208
internal_weight=112.87 47.0943 31.5882 21.8579 65.776 59.5433
internal_count=17167 4913 2809 1616 12254 11290
is_linear=0
shrinkage=0.035


Tree=14
num_leaves=7
num_cat=0
split_feature=7 47 88 40 89 34
split_gain=60.711 29.1502 11.8861 9.31904 17.4155 8.45403
threshold=0.25350852310657507 0.59787994623184215 0.66739708185195934 0.47132550179958349 0.2855046838521958 0.96915826201438915
decision_type=8 10 8 8 8 10
left_child=1 -1 5 4 -2 -3
right_child=3 2 -4 -5 -6 -7
leaf_value=-0.0014627653174356841 0.026408329474806588 0.064262208266472318 0 -0.028363155634039974 -0.018832918775230145 0
leaf_weight=18.852267562411726 8.5682268124073762 17.734793658368297 5.3272808240726581 41.789261807221919 19.64510338800028 1.2144884238950897
leaf_count=2671 976 1087 565 8640 3155 81
internal_value=0 0.0298991 0.0502063 -0.0191696 -0.000844959 0.0596594
internal_weight=113.131 43.1288 24.2766 70.0026 28.2133 18.9493
internal_count=17175 4404 1733 12771 4131 1168
is_linear=0
shrinkage=0.035


Tree=15
num_leaves=7
num_cat=0
split_feature=35 88 57 52 72 5
split_gain=62.7167 26.1053 11.3056 10.3793 9.98684 4.76705
threshold=0.24749553203582766 0.54753419756889354 0.50952810049057018 0.62375926971435558 0.87629756331443798 0.17688157409429553
decision_type=8 8 10 10 10 10
left_child=1 2 3 -1 -2 -3
right_child=4 5 -4 -5 -6 -7
leaf_value=0.063731159956498751 -0.024444759477738241 0.012692868196418659 -0.00097404306498218593 0 0.005827225528681694 -0.01301729566733415
leaf_weight=18.508772951085128 57.953883855603635 8.1897154082544166 2.7092547747306517 4.7547064716927698 10.12586209643632 11.069532142486421
leaf_count=1028 11406 926 436 472 1532 1477
internal_value=0.000912486 0.0303821 0.0488638 0.0551113 -0.0191129 0
internal_weight=113.312 45.232 25.9727 23.2635 68.0797 19.2592
internal_count=17277 4339 1936 1500 12938 2403
is_linear=0
shrinkage=0.035


Tree=16
num_leaves=7
num_cat=0
split_feature=13 62 88 41 99 40
split_gain=62.8493 25.3347 22.303 16.4443 6.21055 3.09594
threshold=0.36866872012615209 0.47938293218612676 0.55990868806839 0.46654459834098821 0.11943029984831811 0.12726955860853198
decision_type=8 10 8 10 10 8
left_child=1 2 3 -1 -3 -2
right_child=5 4 -4 -5 -6 -7
leaf_value=0.064594617883419039 0 0.011598123094164869 0 0 -0.017091702088608635 -0.027694195462424888
leaf_weight=20.004779908806089 4.4793611601926377 7.0479003065265742 13.468983186874537 6.8903661421500138 13.459240310359744 46.520963061135262
leaf_count=1225 617 637 1657 839 2062 10130
internal_value=0.000745021 0.0238068 0.0378762 0.0526431 -0.00490219 -0.0253862
internal_weight=111.872 60.8713 40.3641 26.8951 20.5071 51.0003
internal_count=17167 6420 3721 2064 2699 10747
is_linear=0
shrinkage=0.035


Tree=17
num_leaves=7
num_cat=0
split_feature=14 69 18 49 64 75
split_gain=56.7918 24.9735 11.5928 9.54933 6.47874 4.6966
threshold=0.35171714425086981 0.57817968726158153 0.46116743981838232 0.13161284476518634 0.3955697119235993 0.46149359643459326
decision_type=8 10 10 10 10 10
left_child=1 4 3 -3 5 -1
right_child=-2 2 -4 -5 -6 -7
leaf_value=-0.0057971939533837105 -0.024339062568206012 -0.00010858465315126062 0 0.053758057939048254 -0.015956815986479449 0.02268407000386664
leaf_weight=4.3600361091084796 51.761520081199706 2.3938643992878523 8.6776082138530892 23.31000689137727 14.031250111293046 7.242220192681998
leaf_count=602 11090 254 858 1460 2189 777
internal_value=0.000145778 0.0224142 0.039037 0.0483486 -0.00230266 0.0113049
internal_weight=111.777 60.015 34.3815 25.7039 25.6335 11.6023
internal_count=17230 6140 2572 1714 3568 1379
is_linear=0
shrinkage=0.035


Tree=18
num_leaves=7
num_cat=0
split_feature=13 62 4 34 40 5
split_gain=53.8123 22.9346 15.8459 15.792 3.70453 3.33105
threshold=0.36866872012615209 0.47938293218612676 0.40599708259105688 0.26035508513450628 0.20545754581689837 0.095533631742000594
decision_type=8 10 10 10 8 10
left_child=1 2 5 -4 -2 -1
right_child=4 -3 3 -5 -6 -7
leaf_value=0.015083953966023637 0 -0.0062187355773046064 -0.00061244940789051221 0.055097870582091903 -0.028320526587889121 -0.0091721785359001953
leaf_weight=3.3959394861012688 6.9538608384318641 20.576822884846479 5.2698174482211497 23.628172414842993 42.100643501151353 9.6831775447353703
leaf_count=344 1025 2718 474 1574 9786 1314
internal_value=0 0.0207148 0.0338499 0.0455856 -0.0249952 0
internal_weight=111.608 62.5539 41.9771 28.898 49.0545 13.0791
internal_count=17235 6424 3706 2048 10811 1658
is_linear=0
shrinkage=0.035


Tree=19
num_leaves=7
num_cat=0
split_feature=39 72 62 9 52 72
split_gain=49.2657 21.0526 15.9768 8.58739 7.4437 6.11011
threshold=0.27480600774288183 0.57600888609886181 0.5789904296398164 0.11637643352150918 0.31087756156921392 0.87629756331443798
decision_type=8 10 10 10 10 10
left_child=1 4 3 -3 -1 -2
right_child=5 2 -4 -5 -6 -7
leaf_value=0.018382951084269978 -0.023473932747750243 0 -0.003882340266432581 0.058250761121673544 -0.012585734784856206 0.0012792036264842243
leaf_weight=7.5319737181998816 50.318189986981452 4.0969388289377155 4.6998053840361527 18.95785925257951 16.430205940734595 9.534334493800996
leaf_count=456 10865 227 652 1270 2111 1564
internal_value=0.000964026 0.0244788 0.041498 0.0510565 0 -0.0190712
internal_weight=111.569 51.7168 27.7546 23.0548 23.9622 59.8525
internal_count=17145 4716 2149 1497 2567 12429
is_linear=0
shrinkage=0.035


Tree=20
num_leaves=7
num_cat=0
split_feature=7 4 72 45 21 51
split_gain=54.905 18.7526 10.5223 9.41223 6.57501 4.93241
threshold=0.20729896426200869 0.45997393131256109 0.9017108976840974 0.084855049848556532 0.091570429503917708 0.53909742832183849
decision_type=8 10 10 10 10 10
left_child=1 -1 -2 -3 -5 -4
right_child=2 3 5 4 -6 -7
leaf_value=0 -0.021820318410046367 0 0.022120558241678339 0 0.053852742011234467 -0.0071942608627790401
leaf_weight=13.812668615486471 59.975852365139872 3.1024685041047659 5.5697153643704933 1.1971945390105272 22.808855367358774 5.0373866716399789
leaf_count=1844 12122 267 539 86 1408 946
internal_value=0.00153653 0.0309273 -0.0162488 0.0445772 0.0503983 0.00826971
internal_weight=111.504 40.9212 70.583 27.1085 24.006 10.6071
internal_count=17212 3605 13607 1761 1494 1485
is_linear=0
shrinkage=0.035


Tree=21
num_leaves=7
num_cat=0
split_feature=40 69 45 1 89 0
split_gain=47.7596 24.9048 9.88263 11.9004 6.90057 4.06133
threshold=0.47132550179958349 0.64449757337570202 0.11567079275846483 0.53926071524620067 0.29040671885013586 0.19387862831354144
decision_type=8 10 10 10 8 10
left_child=1 4 -3 -4 -1 -6
right_child=-2 2 3 -5 5 -7
leaf_value=0.015537271388909334 -0.02771891467140038 -0.0040229731047287318 0.046117004417176241 -0.0013528472047662744 0.00056224144122229752 -0.020563658799194313
leaf_weight=7.3129148627631357 38.293550735572353 3.495745488908141 29.361114188097417 4.7499772999435654 11.643480208236726 16.100877836812288
leaf_count=865 9047 268 1936 696 1578 2756
internal_value=0.000207157 0.0168644 0.0340845 0.0392589 -0.0032895 -0.0120874
internal_weight=110.958 72.6641 37.6068 34.1111 35.0573 27.7444
internal_count=17146 8099 2900 2632 5199 4334
is_linear=0
shrinkage=0.035


Tree=22
num_leaves=7
num_cat=0
split_feature=13 47 81 40 89 23
split_gain=45.7477 19.482 11.8268 9.55841 4.46656 1.97406
threshold=0.3638113290071488 0.38366243243217474 0.59223139286041271 0.46359612047672277 0.27548831701278692 0.97903594374656688
decision_type=8 10 10 10 10 10
left_child=1 4 3 -3 -1 -2
right_child=5 2 -4 -5 -6 -7
leaf_value=0.0084830551542159453 -0.024782680602273743 0.041670758129440849 0 -0.004012894617230079 -0.017934405856340745 0
leaf_weight=3.5350645110011127 44.979683815734461 34.51838746201247 11.848637184128163 2.6117197631392619 12.658037453889845 0.84589251456782122
leaf_count=434 10647 2277 1193 356 2123 195
internal_value=0.000436881 0.0188294 0.0289655 0.0371524 -0.00909917 -0.0236559
internal_weight=110.997 65.1718 48.9787 37.1301 16.1931 45.8256
internal_count=17225 6383 3826 2633 2557 10842
is_linear=0
shrinkage=0.035


Tree=23
num_leaves=7
num_cat=0
split_feature=35 13 74 62 72 40
split_gain=46.6801 20.517 10.9727 8.9305 6.86769 5.22023
threshold=0.24749553203582766 0.36866872012615209 0.46366439759731298 0.64093637466430675 0.71210730075836193 0.47132550179958349
decision_type=8 10 10 10 10 10
left_child=1 2 -1 -4 -2 -6
right_child=4 -3 3 -5 5 -7
leaf_value=0.0041026831769527079 -0.02538177049360427 -0.012142221604183764 0.051177847404543085 -0.00017054448063884536 0.013173413792581936 -0.013539318154532026
leaf_weight=16.195254202000797 41.077015095390379 9.1585187753662449 22.78547014947981 2.4205429414287201 9.4531689900904912 10.361902185948564
leaf_count=1298 9373 1620 1137 280 1075 2398
internal_value=0.000798049 0.0241152 0.033866 0.0458127 -0.0183526 0
internal_weight=111.452 50.5598 41.4013 25.206 60.8921 19.8151
internal_count=17181 4335 2715 1417 12846 3473
is_linear=0
shrinkage=0.035


Tree=24
num_leaves=7
num_cat=0
split_feature=7 47 55 15 72 14
split_gain=44.1015 17.9814 7.19647 7.71754 6.78687 4.74844
threshold=0.25350852310657507 0.46932822465896612 0.080733150243759169 0.14561925828456881 0.82481929659843456 0.44535630941390997
decision_type=8 10 10 10 10 10
left_child=1 -1 -3 -4 -2 -6
right_child=4 2 3 -5 5 -7
leaf_value=-0.0051681501915943756 -0.023927293944242291 -0.0013767106906588554 0 0.046716180765649831 0.015143824762251637 -0.012077884417535375
leaf_weight=14.192942336667327 46.321396585786715 2.7625984654296181 7.5498587577603748 24.499589875806123 7.3432295408565533 7.7537978049367666
leaf_count=2133 10444 333 372 1510 658 1746
internal_value=0.000205792 0.0234111 0.0350777 0.0391782 -0.0181174 0
internal_weight=110.423 49.005 34.812 32.0494 61.4184 15.097
internal_count=17196 4348 2215 1882 12848 2404
is_linear=0
shrinkage=0.035


Tree=25
num_leaves=7
num_cat=0
split_feature=40 89 64 62 72 50
split_gain=35.5431 28.3489 12.6991 11.5258 9.69571 4.94979
threshold=0.47132550179958349 0.31865502893924719 0.50294744968414318 0.47938293218612676 0.8831964135169984 0.17336222529411319
decision_type=8 8 10 10 10 10
left_child=1 2 3 -1 5 -3
right_child=-2 4 -4 -5 -6 -7
leaf_value=0.055752279155643021 -0.025466446301695853 0.00036639200438183799 -0.0011467736341664509 0 0.022404850436715612 -0.019726955243203236
leaf_weight=17.592644489137463 35.182611198863015 20.59579540672712 5.6065685569774351 4.3883385176304719 5.9848648118786505 21.002471571555361
leaf_count=971 9042 2010 690 394 462 3597
internal_value=0 0.0136668 0.0374428 0.0467163 -0.00257856 -0.0102655
internal_weight=110.353 75.1707 27.5876 21.981 47.5831 41.5983
internal_count=17166 8124 2055 1365 6069 5607
is_linear=0
shrinkage=0.035


Tree=26
num_leaves=7
num_cat=0
split_feature=82 58 62 28 64 17
split_gain=39.2666 15.2308 12.4754 7.74092 5.98279 4.88648
threshold=0.27477686107158666 0.46823713183403021 0.64093637466430675 0.91034674644470226 0.33838972449302679 0.49885575473308569
decision_type=8 10 10 10 8 8
left_child=1 2 3 -1 5 -2
right_child=4 -3 -4 -5 -6 -7
leaf_value=0.044220263568649908 0.014356084386841271 -0.002988200131934432 -0.005202991730531896 0 -0.025005727170970736 -0.012359445231492072
leaf_weight=28.192877200199291 7.0181467800866839 17.612556846346706 5.2345390336122355 4.889888701029121 36.306153042241931 10.923917752457781
leaf_count=1493 952 2098 763 367 8910 2580
internal_value=0.0013346 0.0209044 0.0316394 0.0386247 -0.018092 0
internal_weight=110.178 55.9299 38.3173 33.0828 54.2482 17.9421
internal_count=17163 4721 2623 1860 12442 3532
is_linear=0
shrinkage=0.035


Tree=27
num_leaves=7
num_cat=0
split_feature=7 46 41 89 51 55
split_gain=43.085 15.7854 12.2025 9.87414 12.6506 7.25859
threshold=0.25350852310657507 0.14237979054450992 0.41929823160171514 0.19635437428951266 0.54949688911437999 0.080733150243759169
decision_type=8 10 10 8 8 10
left_child=1 -1 5 4 -2 -3
right_child=3 2 -4 -5 -6 -7
leaf_value=-0.0082556564791468647 0.02962956836221484 -0.0014245559049924257 0 -0.024076202688682307 -0.014783033404620092 0.044220411405017881
leaf_weight=9.0920268688350898 5.5955981244333062 1.794472002191468 9.3822472076863033 43.671859670663252 9.7891505083534867 31.54679452907294
leaf_count=1338 574 221 1056 9862 2356 1797
internal_value=0.00250015 0.0243065 0.0324803 -0.0164668 0.00373552 0.0406935
internal_weight=110.872 51.8155 42.7235 59.0566 15.3847 33.3413
internal_count=17204 4412 3074 12792 2930 2018
is_linear=0
shrinkage=0.035


Tree=28
num_leaves=7
num_cat=0
split_feature=39 89 18 64 47 72
split_gain=40.1032 13.8653 9.19431 7.80777 7.75084 6.4541
threshold=0.27480600774288183 0.32218465209007269 0.30340850353240972 0.50294744968414318 0.38366243243217474 0.82481929659843456
decision_type=8 8 10 10 10 10
left_child=1 3 4 -1 -3 -2
right_child=5 2 -4 -5 -6 -7
leaf_value=0.045424432393137627 -0.023094331091859051 -0.0079211982502419669 -0.014039714013250562 0 0.025177597845214728 0.0010004211260530162
leaf_weight=20.051044628024105 40.712605201872066 5.3276651399210122 11.58513753255829 3.1055505052208892 18.551358571043238 12.451190516818313
leaf_count=867 10316 867 1412 288 1323 2159
internal_value=0.00298751 0.0219509 0.00420941 0.0393793 0.0160114 -0.0172001
internal_weight=111.785 58.6208 35.4642 23.1566 23.879 53.1638
internal_count=17232 4757 3602 1155 2190 12475
is_linear=0
shrinkage=0.035


Tree=29
num_leaves=7
num_cat=0
split_feature=13 62 62 64 41 36
split_gain=33.1409 15.1661 12.6076 8.85718 4.07575 2.05993
threshold=0.36866872012615209 0.47938293218612676 0.11591325700283052 0.47789025306701666 0.072013098746538176 0.28012564778327947
decision_type=8 10 10 10 10 8
left_child=1 2 -1 -4 -3 -2
right_child=5 4 3 -5 -6 -7
leaf_value=-0.0057775508173751843 -0.00054514550653126769 0.012765649356145773 0.039669086012156081 0 -0.013265451579077025 -0.026131376907377334
leaf_weight=8.6678584939800185 9.4690013832878304 1.0933908573351825 29.649960132315755 11.064962820615618 19.950593834277242 31.214167144382372
leaf_count=1029 1753 91 1440 1270 2643 9026
internal_value=0 0.0144336 0.0241653 0.0315195 -0.00696166 -0.0223228
internal_weight=111.11 70.4268 49.3828 40.7149 21.044 40.6832
internal_count=17252 6473 3739 2710 2734 10779
is_linear=0
shrinkage=0.035


Tree=30
num_leaves=7
num_cat=0
split_feature=13 62 62 61 95 40
split_gain=37.5068 15.9336 14.1717 9.00181 3.42898 1.89447
threshold=0.36866872012615209 0.47938293218612676 0.1265627592802048 0.19237297028303149 0.91075867414474498 0.15292427688837054
decision_type=8 10 10 10 10 8
left_child=1 2 -1 -4 -3 -2
right_child=5 4 3 -5 -6 -7
leaf_value=-0.0055841736501429052 0 -0.013253112361123462 0 0.040843918546167972 0.0081852787037338774 -0.024432403447869497
leaf_weight=8.5461473765317333 5.0502991443499914 15.612351887160914 7.5486783171072593 33.933201375883073 5.0615444518625727 34.599389193812385
leaf_count=1003 749 2213 816 1857 485 9986
internal_value=0.00215299 0.0172379 0.0269297 0.0345091 -0.00535416 -0.022022
internal_weight=110.352 70.7019 50.028 41.4819 20.6739 39.6497
internal_count=17109 6374 3676 2673 2698 10735
is_linear=0
shrinkage=0.035


Tree=31
num_leaves=7
num_cat=0
split_feature=14 64 87 62 0 72
split_gain=29.5517 17.7259 9.85084 9.376 7.27899 3.50705
threshold=0.35171714425086981 0.47789025306701666 0.56322222948074352 0.51387351751327526 0.13666606694459918 0.57600888609886181
decision_type=8 10 8 10 10 10
left_child=1 2 3 -1 -4 -3
right_child=-2 5 4 -5 -6 -7
leaf_value=0.040644947671627123 -0.020913281507019051 -0.018123598194214711 0.01775374066293264 0 -0.014817814846162528 0.0031641803362321037
leaf_weight=26.811938194558024 40.727304907282814 12.666320074349644 8.3671241260599363 5.8835383579134932 9.1150818676687759 7.4932387415319672
leaf_count=1140 11000 2074 596 598 1074 692
internal_value=7.10835e-05 0.0137867 0.0241594 0.0336294 0 -0.00969563
internal_weight=111.065 70.3372 50.1777 32.6955 17.4822 20.1596
internal_count=17174 6174 3408 1738 1670 2766
is_linear=0
shrinkage=0.035


Tree=32
num_leaves=7
num_cat=0
split_feature=40 88 62 58 95 29
split_gain=29.5154 17.7963 14.9353 5.74538 4.6324 2.10685
threshold=0.47132550179958349 0.54753419756889354 0.47938293218612676 0.77081027626991283 0.95425143837928783 0.87731882929801952
decision_type=8 8 10 10 10 8
left_child=1 2 3 -1 5 -3
right_child=-2 4 -4 -5 -6 -7
leaf_value=0.03703312078600618 -0.024386414762758282 -0.017639962783950133 -0.0055960835078265455 0 0.011110464031189711 0
leaf_weight=34.03092011064291 31.242456240346655 19.241578979650512 10.81142511195503 3.7854423406533888 4.2918954316992304 6.5579109084792497
leaf_count=1939 9092 2983 1439 550 428 772
internal_value=0.000386492 0.0121666 0.0241032 0.0332344 -0.00675571 -0.0132074
internal_weight=109.962 78.7192 48.6278 37.8164 30.0914 25.7995
internal_count=17203 8111 3928 2489 4183 3755
is_linear=0
shrinkage=0.035


Tree=33
num_leaves=7
num_cat=0
split_feature=13 15 88 34 11 68
split_gain=29.0994 14.3377 8.24157 8.21611 3.81908 2.14904
threshold=0.36866872012615209 0.60556668043136608 0.55990868806839 0.26765632629394537 0.23492012917995456 0.93663337826728832
decision_type=8 10 10 10 10 10
left_child=1 2 3 -1 -4 -3
right_child=-2 5 4 -5 -6 -7
leaf_value=-0.00013057038412573447 -0.02144368750701154 -0.013223784129457624 0.012018720334409374 0.03686384822873022 -0.010952250411093835 0.0048042248113989777
leaf_weight=5.6475533780176184 37.782573842443526 16.887333661084998 11.108307931572201 29.081565269269049 7.9925100053660563 1.9588964143767942
leaf_count=361 10797 2305 1137 1509 992 171
internal_value=0.0004363 0.0134604 0.0221121 0.0307211 7.39253e-05 -0.00852112
internal_weight=110.459 72.6762 53.8299 34.7291 19.1008 18.8462
internal_count=17272 6475 3999 1870 2129 2476
is_linear=0
shrinkage=0.035


Tree=34
num_leaves=7
num_cat=0
split_feature=40 89 0 10 62 72
split_gain=34.4562 17.2068 8.53853 8.63611 6.79035 5.93731
threshold=0.47132550179958349 0.32218465209007269 0.21649843454360965 0.39126579463481909 0.47938293218612676 0.95583355426788341
decision_type=8 8 10 10 10 10
left_child=1 4 3 -3 5 -1
right_child=-2 2 -4 -5 -6 -7
leaf_value=0.040520721278057524 -0.025750718690026288 -0.0057609859003354144 -0.013720389409848009 0.025921379244358344 0 0
leaf_weight=25.119229528587315 29.644945823121816 11.73436785885133 22.081640832824633 13.909119663992895 5.5014239251613608 2.7951028645038596
leaf_count=1400 9033 1253 3534 1222 569 150
internal_value=0.00197466 0.0140951 0 0.0119407 0.0306031 0.0362164
internal_weight=110.786 81.1409 47.7251 25.6435 33.4158 27.9143
internal_count=17161 8128 6009 2475 2119 1550
is_linear=0
shrinkage=0.035


Tree=35
num_leaves=7
num_cat=0
split_feature=39 62 34 88 6 89
split_gain=25.881 8.14709 8.20014 6.36597 3.0902 4.08135
threshold=0.27480600774288183 0.64093637466430675 0.34317693114280706 0.54753419756889354 0.058307569473981864 0.19635437428951266
decision_type=8 10 10 8 8 8
left_child=1 2 -1 -4 -2 -6
right_child=4 -3 3 -5 5 -7
leaf_value=-0.0039248300280261827 0.0020076362347063938 -0.0086805507137779382 0.033188854360789305 0.001420256142178288 0 -0.025144464826879046
leaf_weight=9.1643368154764158 2.7717495423275968 8.1698913057334703 28.782672556350008 15.303959180135278 12.347101300489156 33.477139545837417
leaf_count=653 491 1314 1333 1434 2817 9172
internal_value=0 0.0143133 0.0193712 0.0250808 -0.0175753 -0.0198575
internal_weight=110.017 61.4209 53.251 44.0866 48.596 45.8242
internal_count=17214 4734 3420 2767 12480 11989
is_linear=0
shrinkage=0.035


Tree=36
num_leaves=7
num_cat=0
split_feature=7 4 34 63 89 50
split_gain=26.9264 10.182 8.50845 7.57197 6.09226 5.79621
threshold=0.312388226389885 0.19062016904354098 0.32327756285667425 0.62207716703414928 0.20289041846990588 0.59505370259284984
decision_type=8 10 10 10 8 10
left_child=1 -1 -3 -4 5 -2
right_child=4 2 3 -5 -6 -7
leaf_value=-0.010831020059647581 0.01650819140865712 -0.0035679638232543054 0.031756483908965509 -0.00023161337635364417 -0.02450616326685898 -0.013973938106812902
leaf_weight=8.1481852037832123 6.8970626990776491 9.0270389104261977 37.13882654462941 7.2058062641881397 33.60519008198753 7.5711877821013331
leaf_count=1377 768 693 2259 1071 8907 2187
internal_value=0 0.0149134 0.0205987 0.0263146 -0.0176777 0
internal_weight=109.593 61.5199 53.3717 44.3446 48.0734 14.4683
internal_count=17262 5400 4023 3330 11862 2955
is_linear=0
shrinkage=0.035


Tree=37
num_leaves=7
num_cat=0
split_feature=41 89 0 93 13 47
split_gain=24.9482 17.6379 10.5221 7.07691 6.30421 6.24305
threshold=0.46654459834098821 0.31865502893924719 0.21649843454360965 0.66374996304512035 0.61763054132461559 0.51369166374206554
decision_type=8 8 10 10 10 10
left_child=1 3 5 4 -1 -3
right_child=-2 2 -4 -5 -6 -7
leaf_value=0.040294652361887472 -0.021722106218715977 -0.0067110956493456322 -0.018783591660052106 -0.00095545618273046719 -0.0014014607221796826 0.019648569305233874
leaf_weight=21.543430898804225 35.262286215322092 9.4846318403724599 18.829363421536982 4.1659919843077651 1.841374828480183 19.019742044154555
leaf_count=910 9210 1679 3318 276 403 1432
internal_value=0 0.0110652 -0.00163361 0.0298172 0.0358183 0.00989082
internal_weight=110.147 74.8845 47.3337 27.5508 23.3848 28.5044
internal_count=17228 8018 6429 1589 1313 3111
is_linear=0
shrinkage=0.035


Tree=38
num_leaves=7
num_cat=0
split_feature=83 72 57 57 0 89
split_gain=25.0747 15.9393 7.99745 8.88274 6.78552 4.57309
threshold=0.47129066288471227 0.57600888609886181 0.46612693369388586 0.076781734824180617 0.22057151794433597 0.63285541534423839
decision_type=8 10 10 10 10 8
left_child=1 4 3 -3 5 -1
right_child=-2 2 -4 -5 -6 -7
leaf_value=0.019098722038052136 -0.023248858817445126 -0.001564462871273655 -0.0057116378331595 0.034339426477730015 -0.015835257138512231 -0.0072366150526039274
leaf_weight=10.673494242364537 27.777725595282391 6.3043414582498363 4.3899587329942724 34.759490500437096 21.128410168923438 4.8996844799257824
leaf_count=718 9078 451 878 2118 3241 749
internal_value=0.00114839 0.0113107 0.0237624 0.0284009 -0.00442861 0.00894193
internal_weight=109.933 82.1554 45.4538 41.0638 36.7016 15.5732
internal_count=17233 8155 3447 2569 4708 1467
is_linear=0
shrinkage=0.035


Tree=39
num_leaves=7
num_cat=0
split_feature=40 88 62 56 43 94
split_gain=22.4571 14.043 9.19822 6.00146 3.81047 2.09556
threshold=0.47132550179958349 0.55990868806839 0.47938293218612676 0.061680734157562263 0.12151267379522325 0.9826362431049348
decision_type=8 8 10 10 10 10
left_child=1 2 3 -1 -3 -6
right_child=-2 4 -4 -5 5 -7
leaf_value=-5.2314428076547552e-05 -0.022127304379821654 0.0047686309346532934 -0.0021754299893262234 0.031424093622814633 -0.018451808723360927 0.0016714645291659635
leaf_weight=4.9427181172650299 27.420775280799717 11.01575036137365 11.850194073980672 36.959011314203963 16.728928352706138 0.98680445901118119
leaf_count=448 9156 1126 1498 2112 2839 98
internal_value=0.001099 0.0106743 0.020468 0.0272459 -0.00668618 -0.0151181
internal_weight=109.904 82.4834 53.7519 41.9017 28.7315 17.7157
internal_count=17277 8121 4058 2560 4063 2937
is_linear=0
shrinkage=0.035


Tree=40
num_leaves=7
num_cat=0
split_feature=13 72 67 4 0 10
split_gain=22.0688 11.6433 6.14827 6.82901 4.93603 3.87735
threshold=0.36866872012615209 0.65007048845291149 0.89592203497886669 0.42956413328647619 0.22057151794433597 0.37997484207153326
decision_type=8 10 10 10 10 10
left_child=1 4 3 -3 5 -1
right_child=-2 2 -4 -5 -6 -7
leaf_value=-0.004301213474306816 -0.020153373892927127 0 -0.0033375992701257982 0.034654430047700614 -0.011892176438120685 0.01872314092698742
leaf_weight=7.3511135629378286 34.041090391809121 7.74855141644366 4.152744489023461 25.201344004599378 21.56391106150113 10.385527825681491
leaf_count=661 10753 713 278 1116 2796 854
internal_value=0.000144952 0.0108638 0.0231208 0.0277381 -0.0015512 0.00876985
internal_weight=110.444 76.4032 37.1026 32.9499 39.3006 17.7366
internal_count=17171 6418 2107 1829 4311 1515
is_linear=0
shrinkage=0.035


Tree=41
num_leaves=7
num_cat=0
split_feature=13 72 88 5 0 88
split_gain=19.5074 12.7968 5.18325 5.04028 2.97098 3.48718
threshold=0.36866872012615209 0.57600888609886181 0.52605700492858898 0.55731108784675609 0.21319450438022616 0.5755777657032014
decision_type=8 10 10 10 10 8
left_child=1 4 3 -3 5 -1
right_child=-2 2 -4 -5 -6 -7
leaf_value=0.014532198881833366 -0.019911665621639645 0.031974211667761307 0 -0.00022062763819711922 -0.012952153946987467 -0.0085290022202622849
leaf_weight=8.900943524204191 33.426753863226622 25.773506428580735 14.55386799154803 3.2719733358826479 18.865822591586038 5.443895524367691
leaf_count=493 10759 1040 1296 299 2621 729
internal_value=0 0.00938626 0.0206509 0.0276658 -0.00526624 0.00351065
internal_weight=110.237 76.81 43.5993 29.0455 33.2107 14.3448
internal_count=17237 6478 2635 1339 3843 1222
is_linear=0
shrinkage=0.035


Tree=42
num_leaves=7
num_cat=0
split_feature=13 4 86 54 5 17
split_gain=22.607 11.0674 7.27465 4.76732 4.31129 3.85703
threshold=0.36866872012615209 0.40599708259105688 0.44966030120849615 0.22451468557119372 0.11538752913475038 0.30263556540012365
decision_type=8 10 8 10 10 10
left_child=1 4 3 -3 -1 -4
right_child=-2 2 5 -5 -6 -7
leaf_value=0.0068295736106633873 -0.020470595856592874 -0.00056458800374268843 0.011128596465416083 0.032400131135979275 -0.016338758390700557 -0.010340133453599396
leaf_weight=7.8232026635669198 32.673660369822755 2.4227043825667378 16.505665171658624 27.817566390847787 13.964035776909439 8.5023937704972905
leaf_count=833 10718 221 1087 1327 2112 899
internal_value=0.000580011 0.0112116 0.019039 0.0288206 -0.00665719 0.00150196
internal_weight=109.709 77.0356 55.2483 30.2403 21.7872 25.0081
internal_count=17197 6479 3534 1548 2945 1986
is_linear=0
shrinkage=0.035


Tree=43
num_leaves=7
num_cat=0
split_feature=40 89 72 41 38 21
split_gain=25.6741 12.8907 7.09583 5.30655 5.62076 5.23336
threshold=0.47132550179958349 0.32218465209007269 0.57600888609886181 0.46654459834098821 0.16476531326770785 0.18417901545763019
decision_type=8 8 10 10 10 10
left_child=1 3 -3 4 -1 -4
right_child=-2 2 5 -5 -6 -7
leaf_value=-0.0010206306111799845 -0.023451329846311604 -0.012386101511631263 -0.0081069869356171966 0 0.035107989790030873 0.018074130251115608
leaf_weight=2.46655534510501 25.573415325256065 22.923882526578382 5.0674366008024689 7.664564801612868 26.792288537370041 21.081645991420373
leaf_count=170 9093 3658 596 935 1007 1798
internal_value=0.00247291 0.0120805 0 0.0256295 0.0310881 0.0107525
internal_weight=111.57 85.9964 49.073 36.9234 29.2588 26.1491
internal_count=17257 8164 6052 2112 1177 2394
is_linear=0
shrinkage=0.035


Tree=44
num_leaves=7
num_cat=0
split_feature=13 4 9 64 5 22
split_gain=19.4921 11.54 8.56319 8.97161 2.98809 1.83085
threshold=0.36866872012615209 0.40599708259105688 0.13632506132125857 0.47789025306701666 0.083613712340593352 0.043595222756266601
decision_type=8 10 10 10 10 8
left_child=1 4 -3 -4 -1 -2
right_child=5 2 3 -5 -6 -7
leaf_value=0.0044969213945970513 0 -0.0023314857254112796 0.032849476128896063 0 -0.014898984903592562 -0.021199796791110108
leaf_weight=6.1469342620112029 1.9356405395083154 13.212383546866475 31.622463287087157 11.718857346801085 15.599545052042229 29.912779886741191
leaf_count=613 595 676 1554 1303 2313 10176
internal_value=0.00056503 0.0102795 0.0182036 0.0248741 -0.00791662 -0.0192696
internal_weight=110.149 78.3002 56.5537 43.3413 21.7465 31.8484
internal_count=17230 6459 3533 2857 2926 10771
is_linear=0
shrinkage=0.035


Tree=45
num_leaves=7
num_cat=0
split_feature=35 91 58 34 55 55
split_gain=21.3634 7.78497 7.68376 8.211 2.91349 3.2347
threshold=0.37234397232532507 0.65540930628776561 0.5961713194847108 0.34317693114280706 0.15459395200014117 0.080733150243759169
decision_type=8 8 10 10 10 10
left_child=1 2 3 -1 5 -3
right_child=-2 4 -4 -5 -6 -7
leaf_value=-0.0016084460645509097 -0.018369980361971905 -0.0069505662409061111 -0.0050700621327656068 0.029119344471231445 -0.014649281811849584 0.016543940065263624
leaf_weight=8.7067936426028592 35.239333591423929 4.7777903878595698 8.2385545591823739 38.983377474360168 8.9746860859449935 5.6273375581949949
leaf_count=681 10639 717 1004 2194 1342 643
internal_value=0.00120278 0.0118762 0.0180501 0.0231415 -0.0040917 0.00457139
internal_weight=110.548 75.3085 55.9287 47.6902 19.3798 10.4051
internal_count=17220 6581 3879 2875 2702 1360
is_linear=0
shrinkage=0.035


Tree=46
num_leaves=7
num_cat=0
split_feature=14 69 9 5 36 4
split_gain=16.5197 9.70292 6.91504 5.87057 4.32737 3.4317
threshold=0.35171714425086981 0.68737971782684337 0.11246248707175256 0.065957382321357741 0.46605134010314947 0.71549057960510265
decision_type=8 10 10 10 10 10
left_child=1 3 -3 -1 -4 -5
right_child=-2 2 4 5 -6 -7
leaf_value=0.014198124680792351 -0.017998093020770912 -0.0014502035007849798 0.029385039030047334 -0.016767478760675632 0 0.0045536874414234419
leaf_weight=6.8441272357013068 32.831886832136661 9.97533819102682 29.231451343977824 22.683834295021374 3.2419703395571551 4.4283449994400135
leaf_count=599 11074 400 1192 3131 377 421
internal_value=0 0.00911323 0.0191053 -0.00338774 0.0257554 -0.0115457
internal_weight=109.237 76.4051 42.4488 33.9563 32.4734 27.1122
internal_count=17194 6120 1969 4151 1569 3552
is_linear=0
shrinkage=0.035


Tree=47
num_leaves=7
num_cat=0
split_feature=13 72 75 67 0 89
split_gain=19.896 8.96005 5.2065 5.91758 5.16353 3.71486
threshold=0.3638113290071488 0.57600888609886181 0.36662171781063085 0.89156147837638866 0.22057151794433597 0.63285541534423839
decision_type=8 10 10 10 10 10
left_child=1 4 -3 -4 5 -1
right_child=-2 2 3 -5 -6 -7
leaf_value=0.017828593274884879 -0.019686435843015049 -0.0029254064543234506 0.02827305793921259 -0.0014100646811802244 -0.01336937904381133 -0.006008051602838977
leaf_weight=10.873494700063018 30.727303620893508 5.0524861996527752 34.190506543498486 5.277985686203464 17.692058572312817 4.3540452620945862
leaf_count=634 10854 453 1774 322 2479 614
internal_value=0.000708653 0.0105012 0.0196293 0.023629 -0.00198494 0.00903084
internal_weight=108.168 77.4406 44.521 39.4685 32.9196 15.2275
internal_count=17130 6276 2549 2096 3727 1248
is_linear=0
shrinkage=0.035


Tree=48
num_leaves=7
num_cat=0
split_feature=7 89 50 47 15 64
split_gain=16.9528 8.70411 7.23235 6.88654 6.39357 5.13463
threshold=0.27099815011024481 0.2855046838521958 0.59505370259284984 0.38366243243217474 0.14561925828456881 0.13455273211002353
decision_type=8 8 10 10 10 10
left_child=3 2 -2 -1 -5 -6
right_child=1 -3 -4 4 5 -7
leaf_value=-0.0063372677695087056 0.017047715231700629 -0.024339262811489615 -0.014342278964347699 -0.0020903231044808175 -0.0033406251238834658 0.026261718678439735
leaf_weight=11.477610277710481 11.617933446774261 27.08524564630352 7.8740526938345274 10.248898797668515 2.9703488524537525 38.618825659155846
leaf_count=1881 1214 8376 2854 424 155 2266
internal_value=0.000584289 -0.0136903 0.00197406 0.0121791 0.0174554 0.0228909
internal_weight=109.893 46.5772 19.492 63.3157 51.8381 41.5892
internal_count=17170 12444 4068 4726 2845 2421
is_linear=0
shrinkage=0.035


Tree=49
num_leaves=7
num_cat=0
split_feature=79 88 31 52 0 63
split_gain=18.822 9.61679 5.54194 5.72301 2.30257 2.59404
threshold=0.44527876377105718 0.55990868806839 0.81888240575790416 0.85264590382576 0.13666606694459918 0.44769583642482763
decision_type=8 8 10 10 10 10
left_child=1 2 3 -1 5 -3
right_child=-2 4 -4 -5 -6 -7
leaf_value=0.024961788691479574 -0.022563048265726707 -0.0087615731596190419 -0.0013363060112084159 -0.003662505919493594 -0.014196234679160336 0.012452387430047658
leaf_weight=37.563795942347497 27.883821700001135 4.13948383764364 12.138243357418103 4.531122918939217 15.090427148155866 6.6795833774376661
leaf_count=2434 9476 406 851 626 2734 666
internal_value=-0.000874481 0.00743891 0.0154186 0.0207398 -0.00741274 0.00127184
internal_weight=108.026 80.1427 54.2332 42.0949 25.9095 10.8191
internal_count=17193 7717 3911 3060 3806 1072
is_linear=0
shrinkage=0.035


Tree=50
num_leaves=7
num_cat=0
split_feature=41 91 23 64 88 87
split_gain=14.4868 11.486 8.65432 7.20015 2.45079 1.91252
threshold=0.41929823160171514 0.65540930628776561 0.26051422953605657 0.47410173714160925 0.20136634632945064 0.81908720731735241
decision_type=8 8 10 10 10 10
left_child=1 2 4 -4 -1 -3
right_child=-2 5 3 -5 -6 -7
leaf_value=0.0072050878044474017 -0.017108291927906534 -0.016012739474493196 0.030761946009817725 -0.00020287649902290245 -0.011558048552566794 0
leaf_weight=6.0017450000159434 36.758678931044415 13.455527571029963 28.91344774607569 7.7428242180030784 9.9448166489601117 7.272434612736105
leaf_count=272 10056 2425 1469 930 1030 1107
internal_value=-0.000793124 0.00761809 0.0160605 0.0241811 -0.00225599 -0.0104855
internal_weight=110.089 73.3308 52.6028 36.6563 15.9466 20.728
internal_count=17289 7233 3701 2399 1302 3532
is_linear=0
shrinkage=0.035


Tree=51
num_leaves=7
num_cat=0
split_feature=40 89 72 64 87 21
split_gain=15.7555 11.5816 6.0471 5.7217 5.91893 3.31404
threshold=0.47132550179958349 0.35180537402629858 0.57600888609886181 0.47789025306701666 0.084252070635557189 0.20948137342929843
decision_type=8 8 10 10 10 10
left_child=1 3 -3 4 -1 -4
right_child=-2 2 5 -5 -6 -7
leaf_value=-0.00036468157079753977 -0.021053954954396673 -0.015341353122216232 -0.0070907672764450782 -0.0013093130621478835 0.030408761000284199 0.013120068466856464
leaf_weight=5.3104953691363326 22.485888815484941 20.651434083702043 5.707679180661219 7.4226088596042237 28.341146296123043 19.041855286341161
leaf_count=217 9053 3542 642 849 1239 1634
internal_value=0.000395301 0.00783892 -0.00340741 0.0198687 0.0251547 0.00626247
internal_weight=108.961 86.4752 45.401 41.0743 33.6516 24.7495
internal_count=17176 8123 5818 2305 1456 2276
is_linear=0
shrinkage=0.035


Tree=52
num_leaves=7
num_cat=0
split_feature=7 89 50 88 41 86
split_gain=15.742 6.18894 5.84399 5.14679 4.88047 4.49128
threshold=0.25350852310657507 0.19635437428951266 0.57856234908103954 0.66739708185195934 0.34942403435707098 0.88798108696937572
decision_type=8 8 8 8 10 10
left_child=3 2 -2 4 5 -1
right_child=1 -3 -4 -5 -6 -7
leaf_value=0.028232993252216284 0.018190593999221967 -0.020557566288994661 -0.012234764863561136 -0.0033058836222820101 0.00015358127288026883 -0.002493124794377233
leaf_weight=25.582457521464679 7.5095939093735042 33.301121305208653 6.4077057859394708 13.563245128840206 20.507781573571265 1.9685017319861788
leaf_count=1147 676 9876 2254 1762 1312 154
internal_value=6.99805e-05 -0.0134592 0.00243433 0.0115463 0.016548 0.0244939
internal_weight=108.84 47.2184 13.9173 61.622 48.0587 27.551
internal_count=17181 12806 2930 4375 2613 1301
is_linear=0
shrinkage=0.035


Tree=53
num_leaves=7
num_cat=0
split_feature=14 26 25 87 6 22
split_gain=17.0075 9.52137 7.84295 6.34461 6.01593 5.73486
threshold=0.34404459595680242 0.47852823138237005 0.58915311098098766 0.37429861724376684 0.054446667432785041 0.19606104493141177
decision_type=8 8 10 8 10 10
left_child=1 4 5 -4 -1 -3
right_child=-2 2 3 -5 -6 -7
leaf_value=0.013005143457085287 -0.01890129006892138 0 0.014987648033316389 -0.0095807483066676757 -0.014344465599157639 0.038727564850389001
leaf_weight=5.7874117589090046 30.778718451736495 2.8637560328934368 19.774794131051749 14.426747470162807 21.565920413471758 14.472792277345432
leaf_count=481 11174 158 895 1214 2631 642
internal_value=0 0.00896284 0.0171923 0.00352863 -0.00543938 0.0324504
internal_weight=109.67 78.8914 51.5381 34.2015 27.3533 17.3365
internal_count=17195 6021 2909 2109 3112 800
is_linear=0
shrinkage=0.035


Tree=54
num_leaves=7
num_cat=0
split_feature=40 89 71 72 65 52
split_gain=12.7694 11.2278 4.48884 4.08638 3.75856 3.72462
threshold=0.47132550179958349 0.32218465209007269 0.88670837879180919 0.66516387462615978 0.25442877411842352 0.7584521770477296
decision_type=8 8 10 10 10 10
left_child=1 2 5 -3 -5 -1
right_child=-2 3 -4 4 -6 -7
leaf_value=0.027562819780610932 -0.019356506605341765 -0.011945960913399906 -0.00034980818873490515 -0.0074431966659291859 0.014392215381791487 0
leaf_weight=28.464846928371117 21.465286260936409 26.311946085188538 6.5963137540966263 6.9780912171117988 14.260602591559289 4.5113305747508994
leaf_count=1241 9064 4232 363 766 1038 520
internal_value=0.000341411 0.00696623 0.0192579 -0.00361822 0.00534889 0.0237638
internal_weight=108.588 87.1231 39.5725 47.5506 21.2387 32.9762
internal_count=17224 8160 2124 6036 1804 1761
is_linear=0
shrinkage=0.035


Tree=55
num_leaves=7
num_cat=0
split_feature=41 88 38 9 72 0
split_gain=15.2494 8.13171 6.57465 6.4236 3.22321 2.0796
threshold=0.41929823160171514 0.65561023354530346 0.2632740586996079 0.049108089879155166 0.73162952065467846 0.1864978298544884
decision_type=8 8 10 10 10 10
left_child=1 2 5 -4 -2 -1
right_child=4 -3 3 -5 -6 -7
leaf_value=0.0069425201481038571 -0.022783232633030764 -0.0068360863325121262 -0.0041962718270608726 0.02765323225656053 0 -0.010148790510490278
leaf_weight=10.186588755808772 22.873635686119087 19.65725473605562 3.9097463280195361 32.519376067793928 11.558586093015036 8.2230402110144478
leaf_count=716 7585 3409 188 1896 2410 1035
internal_value=0 0.00894667 0.0155896 0.0229132 -0.0168709 0
internal_weight=108.928 74.496 54.8388 36.4291 34.4322 18.4096
internal_count=17239 7244 3835 2084 9995 1751
is_linear=0
shrinkage=0.035


Tree=56
num_leaves=7
num_cat=0
split_feature=78 86 22 17 10 25
split_gain=13.3321 5.85426 4.81618 4.48348 4.21292 2.7727
threshold=0.2474692761898041 0.43708486855030065 0.27524173259735113 0.25597889721393591 0.57473251223564159 0.32056470215320593
decision_type=8 8 8 10 10 10
left_child=1 5 -2 4 -3 -1
right_child=2 3 -4 -5 -6 -7
leaf_value=0 0 -0.0040584090919133604 -0.020994430855449889 -0.013786314568837787 0.01943166118722546 0.021185972982745205
leaf_weight=3.926263204659338 12.86039178422652 10.248970008688049 32.634062937111594 13.425995413097551 8.7581581266131234 25.699267634889111
leaf_count=362 2950 899 9904 1551 609 943
internal_value=-0.00156674 0.00810762 -0.0149838 -0.00108348 0.00737128 0.017656
internal_weight=107.553 62.0587 45.4945 32.4331 19.0071 29.6255
internal_count=17218 4364 12854 3059 1508 1305
is_linear=0
shrinkage=0.035


Tree=57
num_leaves=7
num_cat=0
split_feature=41 88 63 30 72 95
split_gain=11.6769 9.48561 6.06007 5.44043 3.69057 2.76445
threshold=0.41929823160171514 0.54753419756889354 0.53366470336914074 0.69589434564113628 0.73162952065467846 0.95425143837928783
decision_type=8 8 10 10 10 10
left_child=1 2 3 -1 -2 -3
right_child=4 5 -4 -5 -6 -7
leaf_value=0.025348059641180087 -0.021546805549883131 -0.011714338450406708 -0.0043336431510205258 -0.003750556364590396 0 0.0071672923388771594
leaf_weight=36.147429864970036 22.55052705318667 23.429721982800405 7.5095896773273116 3.6877551791258147 11.561513792257754 3.7118307754863045
leaf_count=1664 7593 4033 1039 177 2390 305
internal_value=0 0.00750145 0.016316 0.02138 -0.0151476 -0.00659437
internal_weight=108.598 74.4863 47.3448 39.8352 34.112 27.1416
internal_count=17201 7218 2880 1841 9983 4338
is_linear=0
shrinkage=0.035


Tree=58
num_leaves=7
num_cat=0
split_feature=56 47 23 55 5 31
split_gain=12.9009 10.0053 4.87194 5.10911 2.44153 1.87034
threshold=0.49933321774005895 0.38366243243217474 0.26051422953605657 0.080733150243759169 0.11538752913475038 0.69474250078201305
decision_type=8 10 10 10 10 8
left_child=1 4 5 -4 -1 -3
right_child=-2 2 3 -5 -6 -7
leaf_value=5.8193637184472689e-05 -0.021443166651090102 0.0053759455480797604 -0.0064899314911234345 0.019914270907646161 -0.019057717897575283 -0.010343112667748124
leaf_weight=5.1981825830880579 18.481741697993129 10.187515096040444 3.3937867543427265 51.01350939751137 11.822202420327811 8.6748098980169726
leaf_count=806 8456 623 476 3576 2616 605
internal_value=0 0.00607461 0.0119857 0.0168052 -0.0129693 -0.000826226
internal_weight=108.772 90.29 73.2696 54.4073 17.0204 18.8623
internal_count=17158 8702 5280 4052 3422 1228
is_linear=0
shrinkage=0.035


Tree=59
num_leaves=7
num_cat=0
split_feature=41 89 44 17 38 46
split_gain=12.2933 7.27428 5.69348 4.94311 4.76775 4.75829
threshold=0.41929823160171514 0.32218465209007269 0.14291017502546313 0.30263556540012365 0.16476531326770785 0.14700177311897281
decision_type=8 8 10 10 10 8
left_child=1 2 -1 5 -4 -3
right_child=-2 3 4 -5 -6 -7
leaf_value=-0.0041994340965314948 -0.015322318928983487 -0.0088737935401161407 -0.0018360397581571165 -0.015182576762153453 0.028979507716742053 0.01386616427652723
leaf_weight=4.5658723085653063 32.992022052290849 8.2014166651060822 2.7098468334879753 12.432866426068356 24.017874933313578 22.754637806909159
leaf_count=137 9930 1586 290 2318 987 1840
internal_value=0 0.00810796 0.019098 -0.000535966 0.0246402 0.00590873
internal_weight=107.675 74.6825 31.2936 43.3889 26.7277 30.9561
internal_count=17088 7158 1414 5744 1277 3426
is_linear=0
shrinkage=0.035


Tree=60
num_leaves=7
num_cat=0
split_feature=14 72 31 69 57 45
split_gain=10.3082 6.80801 6.06989 5.07662 4.71611 2.48897
threshold=0.48173743486404424 0.57600888609886181 0.7867751717567445 0.73223567008972179 0.11780751124024393 0.34789888560771948
decision_type=8 10 10 10 10 10
left_child=1 3 4 -1 -3 -5
right_child=-2 2 -4 5 -6 -7
leaf_value=-0.01634853435709531 -0.020490697901718487 0 -0.0025603383425481159 0.01368350926783512 0.024882608826722507 -0.0042985275925233133
leaf_weight=19.160244702012278 19.08153249300085 7.775589211145415 16.42623260023538 9.780295828473756 26.227669565356337 8.0211562678450701
leaf_count=3825 8706 479 1120 345 1885 697
internal_value=-0.00117852 0.00385268 0.0118025 -0.00599623 0.0191569 0.00472568
internal_weight=106.473 87.3912 50.4295 36.9617 34.0033 17.8015
internal_count=17057 8351 3484 4867 2364 1042
is_linear=0
shrinkage=0.035


Tree=61
num_leaves=7
num_cat=0
split_feature=40 89 62 81 85 50
split_gain=9.68103 8.77054 3.69454 4.35381 3.60386 4.19755
threshold=0.47132550179958349 0.32218465209007269 0.46206565201282507 0.66032427549362194 0.31326600909233099 0.18406097590923312
decision_type=8 8 10 10 10 10
left_child=1 2 3 -1 5 -3
right_child=-2 4 -4 -5 -6 -7
leaf_value=0.024601446827086593 -0.019613263502988112 0.012659819411034541 -0.00056905407134200765 -0.00046748012423649738 -0.014229530998614069 -0.0092098468983246185
leaf_weight=25.583593943156306 19.763278395053931 14.930770481703805 8.2612324818037433 5.679394220467656 21.140881945262663 10.76890988613013
leaf_count=1038 9118 1128 632 418 2956 1887
internal_value=-0.00119333 0.00377086 0.0148463 0.0195428 -0.00541972 0.00192704
internal_weight=106.128 86.3648 39.5242 31.263 46.8406 25.6997
internal_count=17177 8059 2088 1456 5971 3015
is_linear=0
shrinkage=0.035


Tree=62
num_leaves=7
num_cat=0
split_feature=83 88 5 34 4 52
split_gain=13.9143 9.50587 5.43182 4.86615 4.2941 3.47363
threshold=0.47129066288471227 0.20136634632945064 0.2227653041481972 0.1686406955122948 0.19062016904354098 0.035210413858294494
decision_type=8 8 10 10 10 10
left_child=1 3 4 -1 -3 -5
right_child=-2 2 -4 5 -6 -7
leaf_value=-0.0030625422218368711 -0.021837168515079865 -0.0084155421055074429 -0.010060041254100345 0 0.01419276589351131 0.03099583247211897
leaf_weight=2.8448251881636706 19.217889357474633 5.4439886936452266 32.52516325598117 2.9576991116628077 26.149620801326819 18.861492964904755
leaf_count=268 9109 925 3935 80 1814 1057
internal_value=0 0.00648152 -0.000501197 0.0219185 0.00805784 0.026884
internal_weight=108.001 88.7828 64.1188 24.664 31.5936 21.8192
internal_count=17188 8079 6674 1405 2739 1137
is_linear=0
shrinkage=0.035


Tree=63
num_leaves=7
num_cat=0
split_feature=57 72 57 67 69 10
split_gain=9.95187 8.2395 4.56518 5.9447 4.13043 2.51197
threshold=0.46612693369388586 0.65007048845291149 0.092303264886140837 0.89156147837638866 0.72411310672760021 0.53122064471244823
decision_type=8 10 10 10 8 10
left_child=1 4 -3 -4 -1 -6
right_child=-2 2 3 -5 5 -7
leaf_value=-0.013897317658619105 -0.019182906493862121 -0.0022117690719786207 0.024534732848738104 -0.0047182629036885632 -0.0048516124623164012 0.01267583345702108
leaf_weight=22.10548714408651 19.065678779152222 8.6806629266357032 31.219260580139235 4.416558861732482 8.6309357662685233 11.695334474788977
leaf_count=4114 9045 593 1834 297 532 710
internal_value=-6.02761e-05 0.00485326 0.0145605 0.0195058 -0.00494565 0.00411166
internal_weight=105.814 86.7482 44.3165 35.6358 42.4318 20.3263
internal_count=17125 8080 2724 2131 5356 1242
is_linear=0
shrinkage=0.035


Tree=64
num_leaves=7
num_cat=0
split_feature=41 89 18 4 68 52
split_gain=11.4617 7.38953 7.28111 5.98207 3.69924 3.19623
threshold=0.46654459834098821 0.29040671885013586 0.32671789824962622 0.45997393131256109 0.90937125682830822 0.026943884789943699
decision_type=8 8 10 10 10 10
left_child=1 5 3 -3 -2 -1
right_child=4 2 -4 -5 -6 -7
leaf_value=-0.00016494292011738664 -0.020942806141601118 -0.0060574316874445373 -0.017059105878683659 0.017237466636226779 0.0016599036779422474 0.023174153097803109
leaf_weight=3.484534659888598 21.511719533125873 14.350773009122348 13.974405884160658 22.398955551325344 5.4207570217549792 26.777003593044356
leaf_count=101 8167 2469 2635 1541 1028 1275
internal_value=0.00100934 0.00801008 0 0.00751094 -0.0155523 0.019642
internal_weight=107.918 80.9857 50.7241 36.7497 26.9325 30.2615
internal_count=17216 8021 6645 4010 9195 1376
is_linear=0
shrinkage=0.035


Tree=65
num_leaves=7
num_cat=0
split_feature=40 89 0 16 38 81
split_gain=10.5414 5.71139 6.696 9.1629 4.2753 4.34097
threshold=0.47132550179958349 0.32218465209007269 0.21649843454360965 0.2912991344928742 0.18445644527673724 0.66032427549362194
decision_type=8 8 10 8 10 10
left_child=1 4 3 -3 -1 -6
right_child=-2 2 -4 -5 5 -7
leaf_value=-0.0048941505964661342 -0.018810496424988467 -0.012178293369892462 -0.015242711742079633 0.019849461797611576 0.023308867052570681 -3.5857856043128228e-05
leaf_weight=4.4935260156635186 18.449620196362957 9.3878043534932676 18.823047708487138 19.237445489154197 30.108347408473492 7.2285481562139458
leaf_count=252 9082 912 3490 1594 1231 598
internal_value=0.000337683 0.0060559 -0.00144208 0.00754657 0.0144805 0.0184224
internal_weight=107.728 89.2787 47.4483 28.6252 41.8304 37.3369
internal_count=17159 8077 5996 2506 2081 1829
is_linear=0
shrinkage=0.035


Tree=66
num_leaves=7
num_cat=0
split_feature=35 72 9 73 64 71
split_gain=10.762 6.15061 4.32753 4.14534 2.96167 2.95362
threshold=0.37234397232532507 0.57600888609886181 0.11637643352150918 0.88161286711692821 0.37500947713851934 0.97320765256881725
decision_type=8 10 10 10 10 10
left_child=1 4 -3 -4 -1 -2
right_child=5 2 3 -5 -6 -7
leaf_value=0.0022195623362371857 -0.020118516791143088 -0.0033927916159024619 0.021943622410283876 -0.00065781093514608036 -0.014673739943554863 0.0029112131131088254
leaf_weight=19.299585706670772 26.60478943807539 8.1035543188918364 32.780472590471618 6.8171507825609288 12.149291491019538 1.6067163456464175
leaf_count=1528 10373 524 1871 634 1977 306
internal_value=-0.000631179 0.00562726 0.0130247 0.017493 -0.00462807 -0.0170037
internal_weight=107.362 79.1501 47.7012 39.5976 31.4489 28.2115
internal_count=17213 6534 3029 2505 3505 10679
is_linear=0
shrinkage=0.035


Tree=67
num_leaves=7
num_cat=0
split_feature=78 86 71 0 58 58
split_gain=9.85641 6.18965 4.80275 4.67437 4.63225 3.91886
threshold=0.50500461459159862 0.43708486855030065 0.90234735608100902 0.17538874596357348 0.4611071646213532 0.39532347023487097
decision_type=8 8 10 10 10 10
left_child=1 2 4 5 -1 -3
right_child=-2 3 -4 -5 -6 -7
leaf_value=0.024556640385331067 -0.01750127995620495 -0.0025644781442067102 -0.0056312084100262954 -0.011567967557355107 0 0.019271864407587356
leaf_weight=29.746097907773219 18.245665688416921 12.783211034373382 4.7012530338251954 23.564682452357374 10.495344020193441 9.015517237596212
leaf_count=1403 8462 847 346 3867 1393 938
internal_value=0.00110724 0.00651926 0.0148066 -0.00169623 0.0188204 0.0074541
internal_weight=108.552 90.3061 44.9427 45.3634 40.2414 21.7987
internal_count=17256 8794 3142 5652 2796 1785
is_linear=0
shrinkage=0.035


Tree=68
num_leaves=7
num_cat=0
split_feature=35 62 77 91 89 53
split_gain=11.4654 3.96467 4.61653 4.15931 2.47492 2.19565
threshold=0.37234397232532507 0.64093637466430675 0.33444969356060034 0.65540930628776561 0.31865502893924719 0.028739638626575473
decision_type=8 10 10 8 10 8
left_child=1 2 4 -4 -1 -2
right_child=5 -3 3 -5 -6 -7
leaf_value=0.0045463152590278916 0.0014453997501746173 -0.0074576412561540737 0.01971610718946042 0 -0.013626791575834541 -0.019013243173680278
leaf_weight=13.007709173834884 1.0618995261611441 9.8405446386896056 40.394336107303388 11.236300663556902 6.4603066198760635 26.387357554864138
leaf_count=587 284 2078 1967 1214 787 10334
internal_value=0 0.00694089 0.0101502 0.0151668 -0.00178535 -0.0165932
internal_weight=108.388 80.9392 71.0987 51.6306 19.468 27.4493
internal_count=17251 6633 4555 3181 1374 10618
is_linear=0
shrinkage=0.035


Tree=69
num_leaves=7
num_cat=0
split_feature=41 89 52 38 72 50
split_gain=7.65725 7.66321 4.27632 4.10286 3.84658 2.85706
threshold=0.46654459834098821 0.32218465209007269 0.022973525337874893 0.16476531326770785 0.8831964135169984 0.17336222529411319
decision_type=8 8 10 10 10 10
left_child=1 2 -1 -4 5 -3
right_child=-2 4 3 -5 -6 -7
leaf_value=-0.005597572238080383 -0.015596028994697503 0 -0.0029460446094819841 0.023103441362997301 0.01013979308384262 -0.017526652028632607
leaf_weight=3.2372595648048437 25.39196030725725 21.688638806692325 3.0151372659020153 28.541393663501367 7.0330986805493003 17.217692607082427
leaf_count=104 9259 1639 320 1192 603 4136
internal_value=-0.00103638 0.00394446 0.0150461 0.0191948 -0.00447493 -0.00951487
internal_weight=106.125 80.7332 34.7938 31.5565 45.9394 38.9063
internal_count=17253 7994 1616 1512 6378 5775
is_linear=0
shrinkage=0.035


Tree=70
num_leaves=7
num_cat=0
split_feature=41 88 38 32 49 68
split_gain=9.14401 7.01934 4.97597 5.11498 2.37105 2.32055
threshold=0.46654459834098821 0.55990868806839 0.2632740586996079 0.33212846517562872 0.24029763042926791 0.93663337826728832
decision_type=8 8 10 10 10 10
left_child=1 2 4 -4 -1 -2
right_child=5 -3 3 -5 -6 -7
leaf_value=0.0078608181148279513 -0.019811188369209001 -0.007119121813741326 -0.0037882915199512011 0.022515916035083947 -0.010672618032469626 0
leaf_weight=6.1416827575303641 21.480286139878448 26.453683115309104 4.8587995058624065 34.34365592978429 10.155354578164404 3.4020263130078083
leaf_count=452 8490 4593 520 1555 902 697
internal_value=-9.92947e-05 0.0052451 0.0121197 0.018054 -0.00123883 -0.0162919
internal_weight=106.835 81.9532 55.4995 39.2025 16.297 24.8823
internal_count=17209 8022 3429 2075 1354 9187
is_linear=0
shrinkage=0.035


Tree=71
num_leaves=7
num_cat=0
split_feature=64 22 87 58 94 89
split_gain=8.14404 6.84801 5.26045 3.66408 3.39652 2.75795
threshold=0.41387200355529791 0.21094390004873279 0.47323784232139593 0.075156465172767653 0.83284932374954235 0.27057869732379919
decision_type=8 10 8 10 10 8
left_child=1 5 3 -3 -2 -1
right_child=4 2 -4 -5 -6 -7
leaf_value=0.00361352015809999 -0.018612870688220817 -0.0014327988287877618 0 0.025630973556167252 0 -0.013581311035221
leaf_weight=10.543521092040466 24.521200693794526 2.2488125315867391 15.773653640761038 24.078316448139958 12.301364351063965 15.046452081995083
leaf_count=590 8742 142 1855 1616 1285 2934
internal_value=-0.000393884 0.00617703 0.014242 0.0219947 -0.012591 -0.00576046
internal_weight=104.513 67.6908 42.1008 26.3271 36.8226 25.59
internal_count=17164 7137 3613 1758 10027 3524
is_linear=0
shrinkage=0.035


Tree=72
num_leaves=7
num_cat=0
split_feature=62 42 42 34 55 24
split_gain=9.45098 6.388 6.37861 4.30774 3.38503 2.24555
threshold=0.47938293218612676 0.49477234482765203 0.19759437441825869 0.26765632629394537 0.15845064818859103 0.91728425025939953
decision_type=8 10 10 10 8 10
left_child=1 2 -1 -4 -2 -3
right_child=4 5 3 -5 -6 -7
leaf_value=-0.0041207026281192115 0 -0.013278284551288967 -0.0021213269480319539 0.021898548574954015 -0.019597690416182055 0.0055025532706320691
leaf_weight=13.967403897084294 8.9839172703213972 15.357740940060467 5.0226286192191756 38.650123150204308 23.702128021628596 1.7221585850929848
leaf_count=1568 1705 3601 330 2438 7327 334
internal_value=0 0.00654943 0.0121636 0.0182194 -0.0140479 -0.00814015
internal_weight=107.406 74.7201 57.6402 43.6728 32.686 17.0799
internal_count=17303 8271 4336 2768 9032 3935
is_linear=0
shrinkage=0.035


Tree=73
num_leaves=7
num_cat=0
split_feature=62 88 34 13 34 41
split_gain=9.60541 5.52662 6.62969 5.23074 3.19012 2.82682
threshold=0.50859233736991893 0.54753419756889354 0.35123972594738012 0.61763054132461559 0.91756084561347973 0.072013098746538176
decision_type=8 8 10 10 10 8
left_child=1 2 -1 -4 -3 -2
right_child=5 4 3 -5 -6 -7
leaf_value=-0.0052752315693142399 0.0030436680713073036 -0.013371029205074856 0.021603012650295295 -0.0058740592910909413 0.0072660179498862847 -0.018112160077664745
leaf_weight=12.213188266148789 2.3567758107092258 15.08559696795419 42.655116805923171 3.3204534056130788 5.1506597716361275 25.330155720585026
leaf_count=1918 740 2825 2225 1284 483 7672
internal_value=0.000270726 0.00697774 0.012331 0.0180694 -0.00568862 -0.0145616
internal_weight=106.112 78.425 58.1888 45.9756 20.2363 27.6869
internal_count=17147 8735 5427 3509 3308 8412
is_linear=0
shrinkage=0.035


Tree=74
num_leaves=7
num_cat=0
split_feature=35 31 88 77 72 76
split_gain=8.35063 5.81537 5.25411 5.89094 3.55304 1.84552
threshold=0.37234397232532507 0.81888240575790416 0.66739708185195934 0.31880313158035284 0.91432660818099987 0.019783600233495239
decision_type=8 10 8 10 10 8
left_child=1 2 3 -1 5 -2
right_child=4 -3 -4 -5 -6 -7
leaf_value=0 0 -0.0077697286065968275 -0.0049572899420628116 0.022465832283973544 0.0028299031749090494 -0.021856465244658299
leaf_weight=14.787897241069002 0.60399922076613322 18.848374990629964 11.432779578492044 34.515645176288672 4.2362379399128249 21.232898216694593
leaf_count=1081 204 1597 1856 1988 880 9546
internal_value=0 0.00563395 0.0109775 0.0157649 -0.0147862 -0.0198057
internal_weight=105.658 79.5847 60.7363 49.3035 26.0731 21.8369
internal_count=17152 6522 4925 3069 10630 9750
is_linear=0
shrinkage=0.035


Tree=75
num_leaves=7
num_cat=0
split_feature=62 63 52 81 7 1
split_gain=7.60402 5.95296 3.54051 3.78556 3.52396 3.30926
threshold=0.47938293218612676 0.36209064722061163 0.3853293657302857 0.60045200586318981 0.33005213737487799 0.10377830266952516
decision_type=8 10 10 10 10 8
left_child=1 4 3 -3 -1 -2
right_child=5 2 -4 -5 -6 -7
leaf_value=0.0036287789878726713 0.00046797417854592052 0.027779095650803533 0 -0.0011022349016066391 -0.012873266593295844 -0.019333740634784696
leaf_weight=30.226446434855461 7.5067365193972391 14.784555645310325 9.4222915355348942 2.2171027819858855 16.813859997782856 23.867987902485766
leaf_count=1802 934 602 1277 186 4334 8092
internal_value=-0.00123935 0.00446851 0.0158246 0.0227654 -0.00232957 -0.0141301
internal_weight=104.839 73.4643 26.4239 17.0017 47.0403 31.3747
internal_count=17227 8201 2065 788 6136 9026
is_linear=0
shrinkage=0.035


Tree=76
num_leaves=7
num_cat=0
split_feature=69 25 10 16 87 6
split_gain=5.68897 5.42036 3.46874 3.89481 3.00928 2.432
threshold=0.49306702613830572 0.57046619057655346 0.44388622045516973 0.68672516942024242 0.37429861724376684 0.054446667432785041
decision_type=10 8 10 10 8 8
left_child=5 2 -2 -4 -3 -1
right_child=1 4 3 -5 -6 -7
leaf_value=0.00078562530221991703 0 0.0021487601985843113 0.025861609672929806 -0.00050316072514027075 -0.013382822096035401 -0.016971482470115172
leaf_weight=4.8365514323813867 14.797458326909689 22.91676175466273 14.934642629348675 4.0950241532409555 17.467737148865126 25.487241169204935
leaf_count=669 1671 2000 1180 755 3180 7804
internal_value=-0.00189643 0.0029172 0.0122941 0.0197761 -0.00458613 -0.0131966
internal_weight=104.535 74.2116 33.8271 19.0297 40.3845 30.3238
internal_count=17259 8786 3606 1935 5180 8473
is_linear=0
shrinkage=0.035


Tree=77
num_leaves=7
num_cat=0
split_feature=56 72 57 45 64 22
split_gain=6.99428 6.38022 4.36183 6.55595 3.84038 2.52944
threshold=0.54967492818832409 0.57600888609886181 0.11780751124024393 0.16248162090778354 0.41387200355529791 0.2343290597200394
decision_type=8 10 10 10 10 10
left_child=1 4 -3 -4 5 -1
right_child=-2 2 3 -5 -6 -7
leaf_value=-0.0064455576702938224 -0.019190082563825959 -0.0026942544608909032 -0.0029896472222906731 0.0223996732513056 -0.017116805154355645 0.011097131173134624
leaf_weight=11.015767889562996 12.717431910103185 14.496289029484613 10.856426701182498 31.482561053824611 14.717318886891006 11.116824994445777
leaf_count=1343 7749 923 1277 1881 3392 657
internal_value=-0.000300962 0.0030549 0.0102168 0.015406 -0.00667277 0.00123038
internal_weight=106.403 93.6852 56.8353 42.339 36.8499 22.1326
internal_count=17222 9473 4081 3158 5392 2000
is_linear=0
shrinkage=0.035


Tree=78
num_leaves=7
num_cat=0
split_feature=62 64 23 91 41 53
split_gain=7.52643 4.25117 6.08814 6.54976 2.40311 2.18611
threshold=0.50859233736991893 0.47789025306701666 0.26821708679199224 0.65540930628776561 0.080352257937192931 0.84716391563415538
decision_type=8 8 10 8 8 10
left_child=1 2 -1 -4 -2 -3
right_child=4 5 3 -5 -6 -7
leaf_value=-0.0028953554047620868 0.0020393914463861982 -0.012564815401752066 0.02310817508571681 -0.004789050032743083 -0.017168622189417063 0.0040311400519754568
leaf_weight=20.119224543333985 2.5914557063952115 12.949055224773476 33.177244975464419 6.7813582288799799 23.837439511436969 6.2807716747047371
leaf_count=1654 813 3227 1911 897 7616 1056
internal_value=0 0.00559715 0.010199 0.0172699 -0.0137241 -0.00562447
internal_weight=105.737 79.3077 60.0778 39.9586 26.4289 19.2298
internal_count=17174 8745 4462 2808 8429 4283
is_linear=0
shrinkage=0.035


Tree=79
num_leaves=7
num_cat=0
split_feature=78 42 50 69 16 89
split_gain=7.67274 4.68963 5.31736 4.00945 3.70866 2.19901
threshold=0.2474692761898041 0.38842622935771948 0.22087392956018451 0.71173980832099926 0.64316785335540783 0.34761609137058264
decision_type=8 10 10 10 10 8
left_child=1 2 4 -2 -1 -5
right_child=3 -3 -4 5 -6 -7
leaf_value=0.02301992186773515 -0.018455581314429377 -0.0046865774314025239 -0.001927919770913898 0.0098957074785910575 -0.0016747703194557241 -0.0088543374941345895
leaf_weight=28.154004727955911 24.913822100614198 20.415929998038337 14.338375407271085 9.5674225172260741 3.3567836931906632 4.4845981417456651
leaf_count=1227 9445 1434 1503 1602 221 1794
internal_value=-0.000107234 0.00645663 0.0123526 -0.011586 0.019254 0.000489716
internal_weight=105.231 66.2651 45.8492 38.9658 31.5108 14.052
internal_count=17226 4385 2951 12841 1448 3396
is_linear=0
shrinkage=0.035


Tree=80
num_leaves=7
num_cat=0
split_feature=35 87 5 57 44 25
split_gain=6.36657 5.1679 6.31905 5.06618 4.84528 3.17125
threshold=0.54168182611465465 0.37429861724376684 0.2227653041481972 0.18624694272875789 0.13153707981109622 0.51049527525901806
decision_type=8 8 10 10 10 10
left_child=1 3 5 -1 -5 -3
right_child=-2 2 -4 4 -6 -7
leaf_value=-0.0017866803396464756 -0.016604621036289683 0.013706597542320932 -0.013884621362543131 -0.0026462004410156359 0.024889109470868385 -0.0049785820140424916
leaf_weight=12.953619240550323 13.428886518930083 20.462856947677214 24.07842413673643 4.2273514163680401 24.160212772316299 7.7673660441068924
leaf_count=686 7818 2132 4018 208 1892 471
internal_value=0.000269903 0.00432247 -0.00221804 0.01268 0.0196656 0.00715231
internal_weight=107.079 93.6498 52.3086 41.3412 28.3876 28.2302
internal_count=17225 9407 6621 2786 2100 2603
is_linear=0
shrinkage=0.035


Tree=81
num_leaves=7
num_cat=0
split_feature=63 63 71 0 44 57
split_gain=6.26886 5.86966 4.63461 3.95289 6.27867 2.82809
threshold=0.53366470336914074 0.36209064722061163 0.50604644417762767 0.22925191372632983 0.22440104186534884 0.11067375168204309
decision_type=8 10 10 10 10 10
left_child=1 3 -3 4 -1 -4
right_child=-2 2 5 -5 -6 -7
leaf_value=-0.006794460144892633 -0.013971931528438191 -0.00055863018062322369 0 -0.010716289399909824 0.022962214544985243 0.026381005685930995
leaf_weight=10.292850136756899 23.551597886835225 11.533152863732537 5.5943386547733125 28.602952050277963 7.1853609826648599 16.900084481108934
leaf_count=628 7988 1496 292 5145 358 1280
internal_value=-0.000195795 0.00415934 0.0139628 -0.00310364 0.00674692 0.0213231
internal_weight=103.66 80.1087 34.0276 46.0812 17.4782 22.4944
internal_count=17187 9199 3068 6131 986 1572
is_linear=0
shrinkage=0.035


Tree=82
num_leaves=7
num_cat=0
split_feature=51 10 15 69 89 47
split_gain=7.58955 4.71915 6.5613 3.8612 2.45903 2.09351
threshold=0.54263213276863109 0.44388622045516973 0.58656147122383129 0.86928880214691173 0.27057869732379919 0.59787994623184215
decision_type=8 10 10 10 8 10
left_child=1 4 3 -3 -1 -4
right_child=-2 2 5 -5 -6 -7
leaf_value=0.0030319039574918031 -0.01921591232399365 0.023923287081300107 -0.013079411119754402 0 -0.010838587911189928 0.0033093648394148301
leaf_weight=17.371391800581478 14.461312777479177 23.949131581583064 8.0890927630243841 7.9170422091847277 23.457194275921211 9.7221530437236634
leaf_count=768 7862 2035 1830 314 3669 706
internal_value=-0.000529467 0.00324145 0.0101137 0.0184396 -0.00433205 -0.00384665
internal_weight=104.967 90.506 49.6774 31.8662 40.8286 17.8112
internal_count=17184 9322 4885 2349 4437 2536
is_linear=0
shrinkage=0.035


Tree=83
num_leaves=7
num_cat=0
split_feature=40 88 23 15 34 62
split_gain=6.27806 4.45415 3.83437 3.88552 3.0223 2.82428
threshold=0.46359612047672277 0.20136634632945064 0.28830589354038244 0.49687035381793981 0.34317693114280706 0.50565624237060558
decision_type=8 8 10 10 10 10
left_child=1 4 -3 -4 -1 -6
right_child=-2 2 3 -5 5 -7
leaf_value=-0.0012002698187208631 -0.01693678829776836 -0.013900374670176931 0.010628733858774197 -0.0062776237639683326 0.022753654420264523 -0.00063579197611952844
leaf_weight=5.7358379223151159 15.721522008185273 14.893602309864944 28.257767184171826 19.987777113448828 17.764285800629299 2.3523589513497418
leaf_count=560 9207 1659 2176 2733 623 211
internal_value=-0.000462729 0.00306326 -0.00152591 0.00279449 0.0135341 0.0187487
internal_weight=104.713 88.9916 63.1391 48.2455 25.8525 20.1166
internal_count=17169 7962 6568 4909 1394 834
is_linear=0
shrinkage=0.035


Tree=84
num_leaves=7
num_cat=0
split_feature=32 42 31 36 69 51
split_gain=8.59473 5.56827 5.35865 4.4616 3.67522 2.46829
threshold=0.46914309263229376 0.49060088396072393 0.7867751717567445 0.44057470560073858 0.77098077535629284 0.40782932937145239
decision_type=10 8 10 10 10 10
left_child=4 2 3 -2 -1 -4
right_child=1 -3 5 -5 -6 -7
leaf_value=-0.019908846856423686 0.022957285606471686 -0.0069672542794779182 -0.0068107950709306248 -0.0034431749264062944 0.00041591287915594948 0.011401661515838182
leaf_weight=18.789147741394121 33.809740933589637 16.079302516533062 18.913564245100137 3.3287670307327053 9.8382088468642888 5.6557475971058002
leaf_count=6893 1912 3905 1847 929 1229 529
internal_value=0.000826278 0.00723255 0.0120607 0.019237 -0.0129254 0
internal_weight=106.414 77.7871 61.7078 37.1385 28.6274 24.5693
internal_count=17244 9122 5217 2841 8122 2376
is_linear=0
shrinkage=0.035


Tree=85
num_leaves=7
num_cat=0
split_feature=40 88 72 56 26 76
split_gain=7.09569 5.14431 3.52982 3.92132 2.50131 2.40048
threshold=0.47132550179958349 0.20136634632945064 0.65007048845291149 0.11107533052563669 0.92556303739547741 0.065200261771678938
decision_type=8 8 10 10 10 10
left_child=1 4 5 -4 -1 -3
right_child=-2 2 3 -5 -6 -7
leaf_value=0.01815368503577186 -0.018946142867103919 0.0030775867922553965 -0.0096770402897853602 0.011153491754460813 -0.00016045485846679394 -0.014129373899673591
leaf_weight=21.469505167915489 14.499380413093602 4.3542141615180325 7.0250482630217439 25.31432950810995 5.2384384298929936 25.937298436532728
leaf_count=1322 9062 306 427 1783 129 4144
internal_value=-0.000972289 0.00272283 -0.0023052 0.0043053 0.0138399 -0.0101587
internal_weight=103.838 89.3388 62.6309 32.3394 26.7079 30.2915
internal_count=17173 8111 6660 2210 1451 4450
is_linear=0
shrinkage=0.035


Tree=86
num_leaves=7
num_cat=0
split_feature=41 91 23 32 76 88
split_gain=6.11712 5.89771 3.76505 6.00595 3.44366 2.38051
threshold=0.41929823160171514 0.65540930628776561 0.26051422953605657 0.46914309263229376 0.048621740192174918 0.20136634632945064
decision_type=8 8 10 10 8 10
left_child=1 2 5 -4 -2 -1
right_child=4 -3 3 -5 -6 -7
leaf_value=0.0076375236166672531 0.0055478001198828956 -0.0089691645989212702 -0.00394380518497879 0.021544405112294222 -0.017145499069945832 -0.010686197606862643
leaf_weight=7.2115343329496708 2.5647247961023849 18.733272063429467 8.4166352557949704 31.598891995963641 25.293490941519849 9.9529886608943325
leaf_count=272 589 3525 851 1508 9423 1047
internal_value=-0.000351412 0.00438482 0.0101292 0.0153261 -0.0128206 -0.00092077
internal_weight=103.772 75.9133 57.1801 40.0155 27.8582 17.1645
internal_count=17215 7203 3678 2359 10012 1319
is_linear=0
shrinkage=0.035


Tree=87
num_leaves=7
num_cat=0
split_feature=56 26 25 6 16 87
split_gain=6.29281 4.27517 7.01407 4.9429 4.2759 3.48015
threshold=0.54967492818832409 0.47852823138237005 0.55413597822189342 0.058307569473981864 0.62773936986923229 0.37429861724376684
decision_type=8 10 10 8 10 8
left_child=1 3 4 -1 -3 -4
right_child=-2 2 5 -5 -6 -7
leaf_value=0.011117356084104616 -0.017841848462201434 0.029518420034138432 0.0079214298919863032 -0.012070984367875447 -4.6782417618242619e-06 -0.0091854195264539137
leaf_weight=7.5479987879516548 11.140046491986139 14.786962596816013 25.244851920520887 26.061901103355922 3.5178008564980692 17.803614191128872
leaf_count=826 7675 764 1399 4228 268 1999
internal_value=0.000123653 0.00396358 0.00932056 -0.00446548 0.023573 0
internal_weight=106.103 94.9631 61.3532 33.6099 18.3048 43.0485
internal_count=17159 9484 4430 5054 1032 3398
is_linear=0
shrinkage=0.035


Tree=88
num_leaves=7
num_cat=0
split_feature=6 69 25 4 34 76
split_gain=6.37474 3.87048 3.19324 3.88978 2.40151 1.64744
threshold=0.49927252531051641 0.49306702613830572 0.23628414422273639 0.82698312401771557 0.85523322224617015 0.036847051233053214
decision_type=8 10 10 10 10 8
left_child=1 4 -3 -4 -1 -2
right_child=5 2 3 -5 -6 -7
leaf_value=-0.012213803618253109 0 -0.0052220776427085907 0.016409354546411372 -0.0018395439874569295 0.0044158434572625794 -0.018107402805467229
leaf_weight=17.072421390679668 2.3135945380199727 7.6267614614916956 40.441044093226083 11.408577650552614 7.0493380585685363 18.353164108702913
leaf_count=3865 425 848 2286 439 1141 8188
internal_value=-0.000449008 0.00363332 0.00848562 0.0118076 -0.00583013 -0.0151992
internal_weight=104.265 83.5981 59.4764 51.8496 24.1218 20.6668
internal_count=17192 8579 3573 2725 5006 8613
is_linear=0
shrinkage=0.035


Tree=89
num_leaves=7
num_cat=0
split_feature=36 72 71 15 88 0
split_gain=7.64722 4.0979 4.32902 3.55695 2.45047 2.00456
threshold=0.44952410459518438 0.71676340699195873 0.91979724168777477 0.14561925828456881 0.60815185308456432 0.22057151794433597
decision_type=8 10 10 10 8 10
left_child=1 4 3 -3 5 -1
right_child=-2 2 -4 -5 -6 -7
leaf_value=0.010128582953031054 -0.016722433645152225 -1.9044718769333229e-05 -0.0043521954675837986 0.022281893073790263 -0.011689957212228095 -0.0030365716004460584
leaf_weight=16.339516711421311 18.350416501460131 5.7487099525751573 6.9363452881807452 24.815920467604883 12.604437990754375 18.978077944251709
leaf_count=792 9373 336 594 1232 2629 2177
internal_value=0 0.00462597 0.0123279 0.0175923 -0.0013637 0.00258795
internal_weight=103.773 85.423 37.501 30.5646 47.922 35.3176
internal_count=17133 7760 2162 1568 5598 2969
is_linear=0
shrinkage=0.035


Tree=90
num_leaves=7
num_cat=0
split_feature=40 89 0 71 71 16
split_gain=4.67005 4.066 3.99513 3.863 3.68101 3.59061
threshold=0.47132550179958349 0.29040671885013586 0.21649843454360965 0.90234735608100902 0.53387686610221874 0.2912991344928742
decision_type=8 8 10 10 10 10
left_child=1 3 5 4 -1 -3
right_child=-2 2 -4 -5 -6 -7
leaf_value=0 -0.015028444716944499 -0.0075220239024127557 -0.013361606630920645 -0.0057610086600358816 0.022567446760644216 0.011464211708334586
leaf_weight=13.559270926984025 13.61957004747819 10.612380692386067 18.97780772135593 5.5006396475946522 19.810338144190609 21.458069754531607
leaf_count=833 9095 965 3689 274 703 1622
internal_value=0 0.00292532 -0.00275632 0.010704 0.0152763 0.00362389
internal_weight=103.538 89.9185 51.0483 38.8702 33.3696 32.0705
internal_count=17181 8086 6276 1810 1536 2587
is_linear=0
shrinkage=0.035


Tree=91
num_leaves=7
num_cat=0
split_feature=10 1 88 55 4 22
split_gain=4.58505 7.04369 5.5232 3.78128 3.13556 2.86035
threshold=0.39898003637790685 0.23725410550832751 0.34347988665103918 0.080733150243759169 0.15229152888059619 0.31741990149021154
decision_type=10 10 8 10 10 10
left_child=2 3 5 -2 -5 -1
right_child=1 -3 -4 4 -6 -7
leaf_value=0.010858530825170154 -0.0029311244406264696 -0.0037293518113245901 -0.01838650436393276 -0.00096423889591144482 0.025286175646882198 -0.0089745708896463525
leaf_weight=14.481045591121076 3.2155382893979576 36.187412082974333 22.695404989237431 1.6643555426271657 20.457409270224161 5.0772766546579069
leaf_count=879 636 8343 4860 259 1069 1142
internal_value=-0.000268721 0.00510748 -0.00870847 0.0171695 0.0218367 0.00269422
internal_weight=103.778 61.5247 42.2537 25.3373 22.1218 19.5583
internal_count=17188 10307 6881 1964 1328 2021
is_linear=0
shrinkage=0.035


Tree=92
num_leaves=7
num_cat=0
split_feature=63 63 71 50 44 42
split_gain=5.86116 4.86955 4.65791 4.11917 4.73023 2.8695
threshold=0.50534558296203624 0.36209064722061163 0.50604644417762767 0.36884178221225744 0.18110972642898562 0.18949456512928012
decision_type=8 10 10 10 10 10
left_child=1 3 -3 4 -1 -4
right_child=-2 2 5 -5 -6 -7
leaf_value=-0.010998237241936009 -0.01353533709721824 -0.0015043965504933042 0 -0.015155775318303741 0.011453779041294855 0.025693283631484952
leaf_weight=8.5694650547811744 24.01001232652925 10.975365932565181 5.4285580235300612 13.565906271978745 24.304007383529097 16.415828119730577
leaf_count=604 8364 1280 424 4161 1375 942
internal_value=-0.000360415 0.00390404 0.0130389 -0.00255477 0.00330943 0.0205496
internal_weight=103.269 79.2591 32.8198 46.4394 32.8735 21.8444
internal_count=17150 8786 2646 6140 1979 1366
is_linear=0
shrinkage=0.035


Tree=93
num_leaves=7
num_cat=0
split_feature=69 5 7 69 29 51
split_gain=5.67677 5.25602 4.80317 5.23206 4.32543 2.40707
threshold=0.69994240999221813 0.065957382321357741 0.47523567080497747 0.84212899208068859 0.90405717492103588 0.40782932937145239
decision_type=10 8 8 10 8 10
left_child=1 -1 3 4 -2 -5
right_child=2 -3 -4 5 -6 -7
leaf_value=0.007146828158801047 0.02668875275174518 -0.014818846799691329 -0.010059968794799475 -0.0055187236141199135 -0.0023769011554384987 0.012752284344412583
leaf_weight=9.5061630532145482 17.549300040875096 38.622537312796339 8.3005198548780736 21.975319149496503 2.6144248021300909 4.5181899482849976
leaf_count=981 924 11025 3020 835 165 248
internal_value=-0.000710275 -0.00914467 0.0060656 0.0109475 0.0214513 0
internal_weight=103.086 48.1287 54.9578 46.6572 20.1637 26.4935
internal_count=17198 12006 5192 2172 1089 1083
is_linear=0
shrinkage=0.035


Tree=94
num_leaves=7
num_cat=0
split_feature=72 0 35 0 26 16
split_gain=6.20533 5.89621 4.18947 3.33908 3.30767 3.25061
threshold=0.87629756331443798 0.22925191372632983 0.11943029984831811 0.042216058820486076 0.48212391138076788 0.29965747892856603
decision_type=10 8 8 10 10 10
left_child=1 3 -3 -1 -5 -2
right_child=5 2 -4 4 -6 -7
leaf_value=-0.0083164361072459361 -0.001255300685209451 0 -0.020246572430371226 -0.00034733502193411966 0.017900124194751562 0.018943413574906157
leaf_weight=10.97220926650334 7.3640575596364242 11.759234380908309 28.1622826034436 14.669468881853392 14.415283715119584 16.419122087070718
leaf_count=645 807 908 10604 2151 764 1346
internal_value=-0.000493211 -0.00566522 -0.0142211 0.00271722 0.00919144 0.0122957
internal_weight=103.762 79.9785 39.9215 40.057 29.0848 23.7832
internal_count=17225 15072 11512 3560 2915 2153
is_linear=0
shrinkage=0.035


Tree=95
num_leaves=7
num_cat=0
split_feature=41 57 46 45 88 76
split_gain=6.52569 3.3627 3.72979 4.38618 3.44989 2.95075
threshold=0.34942403435707098 0.31477594375610357 0.36325751245021826 0.084855049848556532 0.20136634632945064 0.036847051233053214
decision_type=8 10 10 10 10 8
left_child=1 2 3 -1 -4 -2
right_child=5 -3 4 -5 -6 -7
leaf_value=-0.0044807964057917626 0.0050428303898497591 -0.0070339302113638473 0.010164891094432402 0.020887475517002877 -0.011808716394657288 -0.013450593422318292
leaf_weight=3.6524600906996083 4.3476837356574825 8.454555722884832 7.8775483227800605 27.879226490622386 10.548925120849161 40.007389426289592
leaf_count=471 490 3002 173 1805 541 10746
internal_value=-0.000538352 0.00630645 0.0101292 0.0163088 -0.000194708 -0.0101415
internal_weight=102.768 58.4127 49.9582 31.5317 18.4265 44.3551
internal_count=17228 5992 2990 2276 714 11236
is_linear=0
shrinkage=0.035


Tree=96
num_leaves=7
num_cat=0
split_feature=13 62 37 57 43 38
split_gain=5.69189 3.06268 4.27917 3.08572 6.18985 1.50724
threshold=0.36866872012615209 0.47938293218612676 0.1301313787698746 0.11780751124024393 0.091484941542148604 0.30366516113281256
decision_type=8 10 10 10 10 10
left_child=1 3 -3 5 -5 -1
right_child=-2 2 -4 4 -6 -7
leaf_value=0.005093878653809219 -0.014275802392342024 0.0120096608800893 -0.01321055104552918 -0.0076277804538230501 0.018383383157818484 -0.0084618206180120479
leaf_weight=9.2479085272643733 19.196282667282503 3.1130773883778629 17.260129152215086 6.8022632449865332 36.050041858456098 11.915912779513745
leaf_count=539 10831 230 2478 283 2106 802
internal_value=0 0.0039342 -0.00520688 0.00782761 0.0126716 -0.00096579
internal_weight=103.586 84.3893 20.3732 64.0161 42.8523 21.1638
internal_count=17269 6438 2708 3730 2389 1341
is_linear=0
shrinkage=0.035


Tree=97
num_leaves=7
num_cat=0
split_feature=62 64 34 47 53 75
split_gain=4.05847 3.25444 3.99174 4.45293 2.16952 1.58079
threshold=0.5789904296398164 0.47789025306701666 0.34317693114280706 0.86189365386962902 0.87952536344528209 0.89810046553611766
decision_type=8 10 10 10 10 8
left_child=1 2 -1 -4 5 -3
right_child=-2 4 3 -5 -6 -7
leaf_value=-0.0069442033959209951 -0.013230889758805892 -0.016677594830040488 0.015978371176257389 -0.0024750198387644188 0.0036648991044769819 0
leaf_weight=10.611289623542687 15.883320074819492 12.382237089856062 42.26199956383789 14.165576107043305 5.5127970313769756 2.0641555984038868
leaf_count=1195 7222 3660 3256 721 971 199
internal_value=0 0.002885 0.00684984 0.0107989 -0.00670386 -0.0128955
internal_weight=102.881 86.9981 67.0389 56.4276 19.9592 14.4464
internal_count=17224 10002 5172 3977 4830 3859
is_linear=0
shrinkage=0.035


Tree=98
num_leaves=7
num_cat=0
split_feature=64 21 24 32 31 89
split_gain=5.16739 6.24097 4.37166 2.93411 2.98914 2.55272
threshold=0.3955697119235993 0.21702130883932116 0.93980178236961376 0.33212846517562872 0.7867751717567445 0.29040671885013586
decision_type=8 10 10 10 10 8
left_child=1 5 -2 -3 -5 -1
right_child=2 3 -4 4 -6 -7
leaf_value=0.0015153116760093632 -0.016477531645870413 -0.0023805098805234578 0.0071015687417083535 0.021517365749101937 0 -0.014880781552167755
leaf_weight=11.568488862947563 29.682614916237071 6.0219405058305702 4.3471246186527415 22.384787162300199 11.640136832778806 14.033796684467232
leaf_count=636 9570 689 796 1628 881 3008
internal_value=-0.00140262 0.00376379 -0.0114379 0.0119764 0.0157361 -0.00731283
internal_weight=99.6789 65.6492 34.0297 40.0469 34.0249 25.6023
internal_count=17208 6842 10366 3198 2509 3644
is_linear=0
shrinkage=0.035


Tree=99
num_leaves=7
num_cat=0
split_feature=63 46 44 34 55 76
split_gain=5.05838 3.30353 4.07657 3.37414 2.87215 2.73072
threshold=0.50534558296203624 0.36325751245021826 0.23307672888040545 0.48588250577449804 0.14319053292274478 0.023784266784787182
decision_type=8 10 10 10 8 10
left_child=1 2 -1 -4 -2 -3
right_child=4 5 3 -5 -6 -7
leaf_value=-0.00026873504404708492 0 0.0096753098383682758 -0.0011719553482328331 0.023512010697566098 -0.020387964111495439 -0.0087742632039275337
leaf_weight=23.345106274238788 6.2714815908693735 3.2160399943240909 3.3082124721840982 14.348853436647913 16.46628774626879 34.809672629169654
leaf_count=1849 1449 231 466 1176 7010 5094
internal_value=-0.00244137 0.00151314 0.00813822 0.0179176 -0.0147104 -0.00466271
internal_weight=101.766 79.0279 41.0022 17.6571 22.7378 38.0257
internal_count=17275 8816 3491 1642 8459 5325
is_linear=0
shrinkage=0.035


Tree=100
num_leaves=7
num_cat=0
split_feature=41 29 76 85 93 89
split_gain=5.52764 2.88408 3.85602 4.76807 2.20713 2.01328
threshold=0.41929823160171514 0.91308993101120006 0.42175969481468206 0.1793378368020058 0.14582511782646182 0.34761609137058264
decision_type=8 10 10 10 8 8
left_child=1 2 5 -4 -2 -1
right_child=4 -3 3 -5 -6 -7
leaf_value=0.0038318266960571108 0 -0.008016090093313985 -0.0015130515236211283 0.020229300092283273 -0.017516013102413946 -0.010576104887015776
leaf_weight=17.737895191705324 5.2227791452314731 11.32503516494762 11.40584889409365 25.353692609933205 20.293442817695905 11.36477574368473
leaf_count=672 2109 1179 1712 2191 7882 1530
internal_value=-0.00104613 0.00327828 0.00658901 0.0132454 -0.0133541 -0.00144682
internal_weight=102.703 77.1872 65.8622 36.7595 25.5162 29.1027
internal_count=17275 7284 6105 3903 9991 2202
is_linear=0
shrinkage=0.035


Tree=101
num_leaves=7
num_cat=0
split_feature=56 4 55 46 67 89
split_gain=4.35589 3.71806 3.24033 3.77406 1.57376 0.0725306
threshold=0.54967492818832409 0.19062016904354098 0.080733150243759169 0.36325751245021826 0.048561124131083495 0.24228867888450625
decision_type=8 10 10 10 10 10
left_child=1 4 -3 -4 5 -1
right_child=-2 2 3 -5 -6 -7
leaf_value=0.0034157680040275461 -0.016274100079754047 -0.00999725428941565 0.014519147699831668 0 -0.015973527642329555 0
leaf_weight=0.57488588814157882 9.5792586309835297 4.8439456330379462 40.502950661524665 38.752207901503425 8.6005431555677188 0.52064095996320248
leaf_count=25 7691 924 2876 3593 2031 92
internal_value=0 0.0025849 0.00562663 0.00801227 -0.0114476 0.00110954
internal_weight=103.374 93.7952 84.0991 79.2552 9.69607 1.09553
internal_count=17232 9541 7393 6469 2148 117
is_linear=0
shrinkage=0.035


Tree=102
num_leaves=7
num_cat=0
split_feature=89 5 21 63 85 37
split_gain=4.11635 4.25907 3.66569 3.42558 3.77897 2.80234
threshold=0.2855046838521958 0.21840804815292361 0.48637507855892187 0.44769583642482763 0.59332522749900829 0.1947647035121918
decision_type=8 8 10 10 10 10
left_child=2 5 3 4 -1 -2
right_child=1 -3 -4 -5 -6 -7
leaf_value=0.023647695592818506 0.012978827395011003 -0.014861243706529945 -0.0046004615947554785 -0.0011848402762716303 -0.0018167636007031058 -0.0040998991901111601
leaf_weight=19.572358451085172 9.8148654766264354 26.395938238711096 12.096973765699657 7.7881518627400501 3.3753011473454526 22.187943752971478
leaf_count=815 943 8770 3176 565 368 2545
internal_value=0 -0.0060802 0.00713505 0.0131054 0.0187044 0.00137362
internal_weight=101.232 58.3987 42.8328 30.7358 22.9477 32.0028
internal_count=17182 12258 4924 1748 1183 3488
is_linear=0
shrinkage=0.035


Tree=103
num_leaves=7
num_cat=0
split_feature=72 94 53 67 57 53
split_gain=5.84557 4.09736 3.54789 3.8035 3.83062 3.07802
threshold=0.65007048845291149 0.97394677996635448 0.31690888106822973 0.90473791956901561 0.089980907738208785 0.97876161336898815
decision_type=10 10 10 10 10 10
left_child=1 5 -2 4 -4 -1
right_child=2 -3 3 -5 -6 -7
leaf_value=-0.01571364349877508 -0.0010427117463966643 0.0069119820092682265 -0.0026227670471021822 -0.0029185397269168912 0.023558000180043621 0.0058933973930430867
leaf_weight=38.669797929935157 23.896072914765682 7.8051495708641587 2.6046168344328242 5.4508965527056708 22.299339858756866 1.5642096785595629
leaf_count=10530 2927 390 215 592 2284 278
internal_value=0 -0.00825748 0.0073246 0.0141239 0.0192523 -0.012947
internal_weight=102.29 48.0392 54.2509 30.3549 24.904 40.234
internal_count=17216 11198 6018 3091 2499 10808
is_linear=0
shrinkage=0.035


Tree=104
num_leaves=7
num_cat=0
split_feature=62 38 42 91 41 40
split_gain=4.64485 3.9657 4.41337 3.95158 3.4725 2.30574
threshold=0.47938293218612676 0.20487575232982638 0.49477234482765203 0.65540930628776561 0.080352257937192931 0.10042132809758188
decision_type=8 10 10 8 8 8
left_child=1 -1 3 -3 -2 -6
right_child=4 2 -4 -5 5 -7
leaf_value=-0.0081888473718639727 0.0066030776682915937 0.017762944548552775 -0.0044316193575765434 -0.002954295649855933 0 -0.020596825412868783
leaf_weight=13.35712129116291 2.9706927440129247 38.333108571707271 14.035857240320182 6.9227274561999357 7.7275696938158971 17.412475270277355
leaf_count=1742 878 1889 3557 973 800 7324
internal_value=0 0.00432594 0.00856379 0.0136403 -0.0107599 -0.0154944
internal_weight=100.76 72.6488 59.2917 45.2558 28.1107 25.14
internal_count=17163 8161 6419 2862 9002 8124
is_linear=0
shrinkage=0.035


Tree=105
num_leaves=7
num_cat=0
split_feature=62 62 43 86 4 15
split_gain=5.05652 4.25556 4.05887 3.51923 3.03792 4.80472
threshold=0.47938293218612676 0.373153105378151 0.17510115355253222 0.43708486855030065 0.60411173105239879 0.18295141309499743
decision_type=8 10 8 8 10 10
left_child=1 4 -2 -3 -1 -6
right_child=2 3 -4 -5 5 -7
leaf_value=-0.010188682407280207 0.00059095983367557904 0.021874678794234929 -0.020588048474323665 0 -0.0098465908572540842 0.013435042187306182
leaf_weight=21.458609200257342 11.795249090995641 14.295514274388553 15.409512789919971 10.054685267619787 8.1422103972872737 20.224151223199442
leaf_count=4052 1769 874 7291 968 642 1681
internal_value=-0.000403684 0.00390754 -0.0118665 0.0140185 -0.00138171 0.00461269
internal_weight=101.38 74.1752 27.2048 24.3502 49.825 28.3664
internal_count=17277 8217 9060 1842 6375 2323
is_linear=0
shrinkage=0.035


Tree=106
num_leaves=7
num_cat=0
split_feature=40 88 74 32 52 34
split_gain=5.27224 3.48372 3.70908 4.41417 2.82234 3.12855
threshold=0.47132550179958349 0.20136634632945064 0.72112777829170238 0.57469460368156444 0.046466078609228141 0.1686406955122948
decision_type=8 8 10 10 10 10
left_child=1 4 3 -3 -1 -6
right_child=-2 2 -4 -5 5 -7
leaf_value=-0.0025081819430969273 -0.016716620207491612 -0.0083361247161745783 -0.012942559864076502 0.010489646913013715 -0.0029632681800072455 0.020867696148556297
leaf_weight=4.5932425631908727 11.827833903022109 14.509384420234708 15.776545733911915 32.636315827025101 1.8858392065740215 20.112113559735008
leaf_count=132 9062 2297 1773 2585 240 1068
internal_value=0 0.00306773 -0.000974445 0.00337505 0.0121636 0.0168292
internal_weight=101.341 89.5134 62.9222 47.1457 26.5912 21.998
internal_count=17157 8095 6655 4882 1440 1308
is_linear=0
shrinkage=0.035


Tree=107
num_leaves=7
num_cat=0
split_feature=57 26 25 16 87 5
split_gain=4.58078 3.62303 4.74869 3.49923 2.79501 2.73317
threshold=0.46612693369388586 0.47852823138237005 0.57046619057655346 0.62773936986923229 0.37429861724376684 0.065957382321357741
decision_type=8 10 10 10 8 8
left_child=1 5 3 -3 -4 -1
right_child=-2 2 4 -5 -6 -7
leaf_value=0.006708960821762964 -0.014075463846609404 0.02572375942912845 0.0076131536279545548 0 -0.0083233280583587341 -0.010313398796433313
leaf_weight=8.0208070790395158 12.576363157771992 15.378986167605037 22.962044077401515 4.2128733934368929 15.518653035396708 22.579225653491449
leaf_count=706 9018 660 1276 290 1699 3529
internal_value=0.000415994 0.00400909 0.00901224 0.0201326 0 -0.00402572
internal_weight=101.249 88.6726 58.0726 19.5919 38.4807 30.6
internal_count=17178 8160 3925 950 2975 4235
is_linear=0
shrinkage=0.035


Tree=108
num_leaves=7
num_cat=0
split_feature=5 87 45 4 64 52
split_gain=5.49519 5.85035 3.77035 3.78794 3.50131 3.07977
threshold=0.2227653041481972 0.2982014417648316 0.084855049848556532 0.19062016904354098 0.26604811847209936 0.022973525337874893
decision_type=8 8 10 10 10 10
left_child=2 4 -1 -4 5 -2
right_child=1 -3 3 -5 -6 -7
leaf_value=-0.0064797937110334857 -0.0038453424506050774 -0.016094634244303518 -0.0041011369688614 0.018027952806297445 -0.0070871887598746627 0.017821236022249505
leaf_weight=6.5415292556281193 3.5812940152827712 30.753571070439648 4.661572278419043 28.979720854142215 12.721719454799311 14.437709969410205
leaf_count=1099 127 8672 906 1782 3831 853
internal_value=0 -0.00673076 0.00862373 0.013502 0.00267096 0.0116389
internal_weight=101.677 61.4943 40.1828 33.6413 30.7407 18.019
internal_count=17270 13483 3787 2688 4811 980
is_linear=0
shrinkage=0.035


Tree=109
num_leaves=7
num_cat=0
split_feature=62 4 43 34 34 46
split_gain=3.69968 3.95698 5.48412 3.61685 3.59906 2.48367
threshold=0.47938293218612676 0.52080112695693981 0.1022329479455948 0.26035508513450628 0.8399639129638673 0.24319204688072207
decision_type=8 10 10 10 10 10
left_child=1 5 -3 -4 -2 -1
right_child=4 2 3 -5 -6 -7
leaf_value=0.0022432911109575662 -0.018757556487914866 -0.00689146991506338 -0.0025722366873846521 0.018727565613225389 0.0015075471692363304 -0.01385518590533312
leaf_weight=10.764671649027152 16.923797802417543 12.208587026223539 5.3403385432320638 31.279731022950727 9.4217127460869943 15.385990594921166
leaf_count=1466 7525 448 1059 2143 1416 3093
internal_value=-0.00147392 0.00211028 0.00804229 0.0145405 -0.0113187 -0.00671796
internal_weight=101.325 74.9793 48.8287 36.6201 26.3455 26.1507
internal_count=17150 8209 3650 3202 8941 4559
is_linear=0
shrinkage=0.035


Tree=110
num_leaves=7
num_cat=0
split_feature=35 88 77 31 77 53
split_gain=4.40469 3.32883 3.73559 3.3395 2.43438 1.61362
threshold=0.37234397232532507 0.65561023354530346 0.33444969356060034 0.81888240575790416 0.020700419321656231 0.036650046706199653
decision_type=8 8 10 10 10 8
left_child=1 2 4 -4 -1 -2
right_child=5 -3 3 -5 -6 -7
leaf_value=0.0095102403965795154 0.001367852525193292 -0.0071398202398279308 0.01690553173979506 -0.00015123428544026025 -0.0096925858407153499 -0.015011127938542514
leaf_weight=2.578741296776573 1.0691384944366316 15.823211737209929 35.571987949078903 11.902418591605963 16.190791729430202 19.449620581581257
leaf_count=81 360 2654 1911 653 1242 10300
internal_value=0 0.00360441 0.00737074 0.0122777 -0.00303946 -0.0121725
internal_weight=102.586 82.0672 66.2439 47.4744 18.7695 20.5188
internal_count=17201 6541 3887 2564 1323 10660
is_linear=0
shrinkage=0.035


Tree=111
num_leaves=7
num_cat=0
split_feature=87 5 21 23 77 72
split_gain=3.38022 6.33419 3.36767 3.5711 2.23609 1.64022
threshold=0.37429861724376684 0.17688157409429553 0.39335727691650396 0.26051422953605657 0.94845351576805126 0.8831964135169984
decision_type=8 8 8 10 10 10
left_child=2 5 3 -1 -5 -2
right_child=1 -3 -4 4 -6 -7
leaf_value=-0.00030155313049139436 0 -0.016146943420928237 -0.0054258431811222817 0.021499566195359879 -0.00044396909661886222 0.014807634159511869
leaf_weight=13.149147420306688 20.145474751188889 30.758470465079881 14.088706595939582 17.700544084887955 1.2054359165485937 3.9971102175768456
leaf_count=1005 2316 8189 4420 980 68 176
internal_value=-0.00105259 -0.00686818 0.0048895 0.0109121 0.0184332 0.0043965
internal_weight=101.045 54.9011 46.1438 32.0551 18.906 24.1426
internal_count=17154 10681 6473 2053 1048 2492
is_linear=0
shrinkage=0.035


Tree=112
num_leaves=7
num_cat=0
split_feature=64 21 26 93 95 89
split_gain=4.6268 3.4477 3.30408 3.36553 2.25788 2.18969
threshold=0.50294744968414318 0.20948137342929843 0.49038374423980718 0.66374996304512035 0.92346304655075084 0.2651269286870957
decision_type=8 10 10 8 10 8
left_child=1 5 -3 -4 -2 -1
right_child=4 2 3 -5 -6 -7
leaf_value=0.0010710482527465702 -0.018919443723113469 -0.0022202179497906246 0.018276829231566354 -0.00073966406624795299 0 -0.014125839402875158
leaf_weight=10.576873387792149 17.194731364725161 20.897652417654172 23.620607723772991 9.1447505471296591 4.102346164349 14.335915653500704
leaf_count=527 7988 2987 1483 683 496 3038
internal_value=-0.00254954 0.00116045 0.00642336 0.0125779 -0.0146087 -0.0073867
internal_weight=99.8729 78.5758 53.663 32.7654 21.2971 24.9128
internal_count=17202 8718 5153 2166 8484 3565
is_linear=0
shrinkage=0.035


Tree=113
num_leaves=7
num_cat=0
split_feature=72 95 76 63 81 45
split_gain=3.91152 3.79149 3.9042 3.48572 3.45713 3.53331
threshold=0.75060996413230907 0.90523490309715282 0.023784266784787182 0.36209064722061163 0.60045200586318981 0.092576034367084517
decision_type=10 10 8 10 8 10
left_child=1 2 -1 -2 5 -5
right_child=3 -3 -4 4 -6 -7
leaf_value=0.006569051550671637 -0.0024747678163129518 0.0031789175416366854 -0.01636770250520897 -0.0018044721956739619 -0.0046533590279969088 0.023745702328249321
leaf_weight=3.207536351401358 19.0669533481705 20.048788313346449 35.102345044841059 2.7389795160270358 2.5137811456806949 17.465841513010673
leaf_count=325 1844 1405 11239 404 734 1290
internal_value=-0.000677627 -0.00659595 -0.0125106 0.00626522 0.0140437 0.0188913
internal_weight=100.144 58.3587 38.3099 41.7856 22.7186 20.2048
internal_count=17241 12969 11564 4272 2428 1694
is_linear=0
shrinkage=0.035


Tree=114
num_leaves=7
num_cat=0
split_feature=78 31 11 86 72 76
split_gain=2.56982 3.48635 3.0124 3.13215 2.48816 2.38257
threshold=0.37230446934700018 0.46333469450473791 0.15481495112180713 0.28932243585586553 0.91432660818099987 0.42175969481468206
decision_type=8 10 10 8 10 10
left_child=1 5 -3 -4 -2 -1
right_child=4 2 3 -5 -6 -7
leaf_value=0 -0.01603013910017018 0.006185962612765156 0.00094231605187176438 -0.015860885150878072 0.0026265541081754345 0.017667025553745889
leaf_weight=17.419560899143111 15.922140937298538 13.657399225630796 13.703809099621138 21.649314317619428 4.1672291871509506 12.978987419104667
leaf_count=1337 9831 954 577 2394 869 1355
internal_value=-0.0012702 0.00125814 -0.00369828 -0.00916457 -0.0106452 0.00972208
internal_weight=99.4984 79.4091 49.0105 35.3531 20.0894 30.3985
internal_count=17317 6617 3925 2971 10700 2692
is_linear=0
shrinkage=0.035


Tree=115
num_leaves=7
num_cat=0
split_feature=56 31 88 76 72 31
split_gain=3.24243 3.3601 3.20079 2.23763 2.0523 1.60998
threshold=0.54967492818832409 0.7867751717567445 0.62165993452072155 0.42175969481468206 0.9017108976840974 0.60703298449516307
decision_type=8 8 8 10 10 10
left_child=1 2 3 -1 -3 -4
right_child=-2 4 5 -5 -6 -7
leaf_value=0.001180290255030296 -0.014870283976731529 -0.011835624560286671 -0.011327793254754755 0.017603095391200582 0.0033042126601407519 0.0035047617828802562
leaf_weight=29.255199098319281 8.3709476902731677 19.600285581720531 9.3638686498161388 21.526692069484852 6.4057145668193689 5.3145164125598958
leaf_count=2149 7692 2410 2051 1800 282 782
internal_value=-3.52818e-05 0.0018814 0.00634633 0.0104834 -0.00666256 -0.00430058
internal_weight=99.8372 91.4663 65.4603 50.7819 26.006 14.6784
internal_count=17166 9474 6782 3949 2692 2833
is_linear=0
shrinkage=0.035


Tree=116
num_leaves=7
num_cat=0
split_feature=26 25 5 21 85 65
split_gain=3.43233 5.65205 5.18501 2.99112 2.95783 3.04141
threshold=0.48212391138076788 0.55413597822189342 0.065957382321357741 0.26523521542549139 0.31326600909233099 0.74729877710342418
decision_type=10 10 8 10 8 10
left_child=2 3 -1 -2 -3 -6
right_child=1 4 -4 -5 5 -7
leaf_value=0.0071102180495385458 0 0.0068079027847121974 -0.01571611720710717 0.022644449133088201 -0.013867812766789498 0.0049195223497658864
leaf_weight=9.3082085021305812 5.2600732512073618 14.426275466801597 26.944261397700757 14.121988266124388 24.704356605769139 5.7168268342502406
leaf_count=949 380 1272 7375 1123 3687 2426
internal_value=-0.000400475 0.00384439 -0.00844299 0.0167467 -0.00242929 -0.00868161
internal_weight=100.482 64.2295 36.2525 19.3821 44.8475 30.4212
internal_count=17212 8888 8324 1503 7385 6113
is_linear=0
shrinkage=0.035


Tree=117
num_leaves=7
num_cat=0
split_feature=72 45 46 95 37 76
split_gain=3.75711 3.94851 3.81216 3.24704 2.34649 2.2784
threshold=0.70956522226333629 0.092576034367084517 0.40377184748649603 0.90523490309715282 0.39154708385467535 0.011850459966808559
decision_type=10 10 10 10 10 8
left_child=3 -2 4 5 -3 -1
right_child=1 2 -4 -5 -6 -7
leaf_value=0.0037326164020333803 -0.0099980525089766355 0.022634440735993955 0 0.0032114611924586507 0 -0.014558895768215641
leaf_weight=1.8004470905289043 4.5688185777398749 18.719540229707494 17.70134510617936 18.591278477746528 4.6085504452348678 31.612436798168346
leaf_count=156 631 906 2985 1363 439 10656
internal_value=0 0.00691649 0.0111948 -0.00582852 0.0185796 -0.0117749
internal_weight=97.6024 45.5983 41.0294 52.0042 23.3281 33.4129
internal_count=17136 4961 4330 12175 1345 10812
is_linear=0
shrinkage=0.035


Tree=118
num_leaves=7
num_cat=0
split_feature=17 36 55 66 66 4
split_gain=2.79451 3.32761 2.95998 2.88579 2.63452 2.43186
threshold=0.2192037254571915 0.15971022844314578 0.080733150243759169 0.47217717766761785 0.027686432003974918 0.19062016904354098
decision_type=8 8 10 10 8 10
left_child=2 -2 -1 -4 -3 -5
right_child=1 4 3 5 -6 -7
leaf_value=-0.0076329554633700813 0.0022405718330506673 0.0055152660132533615 -0.00013536123586197399 -0.00095204030744257479 -0.014141804790506736 0.020921127431913732
leaf_weight=4.9808956302003926 28.536851082113571 1.5723717848886725 10.630128652963323 1.6990811636787864 36.055396993469913 16.84505662356969
leaf_count=1193 1755 292 817 500 11466 1222
internal_value=-0.000733171 -0.00516911 0.00596483 0.0108417 -0.0113468 0.0172563
internal_weight=100.32 66.1646 34.1552 29.1743 37.6278 18.5441
internal_count=17245 13513 3732 2539 11758 1722
is_linear=0
shrinkage=0.035


Tree=119
num_leaves=7
num_cat=0
split_feature=89 72 50 23 61 43
split_gain=4.1221 4.31821 2.53984 2.70862 4.39093 2.10293
threshold=0.29040671885013586 0.8831964135169984 0.59505370259284984 0.32677851617336279 0.45405295491218572 0.12533149868249896
decision_type=8 10 10 10 10 8
left_child=2 5 3 -1 -5 -2
right_child=1 -3 -4 4 -6 -7
leaf_value=0 0 0.008391136247863416 -0.0069265077987093948 0 0.029130011209112176 -0.015348032748188857
leaf_weight=16.216717377363238 15.078172471083233 9.1106239964719844 3.7682811896083868 15.549257712496912 8.1066506276838464 31.424724614014849
leaf_count=818 1715 969 2875 846 473 9497
internal_value=-2.25466e-05 -0.00642482 0.00685091 0.0101895 0.0161812 -0.0110963
internal_weight=99.2544 55.6135 43.6409 39.8726 23.6559 46.5029
internal_count=17193 12181 5012 2137 1319 11212
is_linear=0
shrinkage=0.035


Tree=120
num_leaves=7
num_cat=0
split_feature=69 69 46 29 34 87
split_gain=4.09424 4.365 4.68611 4.40602 3.78837 3.23953
threshold=0.69994240999221813 0.84212899208068859 0.39911197125911718 0.89418324828147899 0.78174349665641796 0.16053123027086261
decision_type=10 8 10 10 10 8
left_child=4 2 3 -2 5 -1
right_child=1 -3 -4 -5 -6 -7
leaf_value=0.0010011697792795828 0.030105350532549754 -0.0020620392029873876 -0.0011341633483246941 -0.0015735207026900042 0.0014513549344335659 -0.020455564826023644
leaf_weight=5.1023322057444629 11.845114770228976 31.102822036657017 8.2364409035071713 2.3150428188964716 19.944840765092522 20.335908632259816
leaf_count=1665 479 2779 1801 156 2709 7609
internal_value=-0.000409652 0.00527919 0.0150608 0.0238587 -0.00788548 -0.0153719
internal_weight=98.8825 53.4994 22.3966 14.1602 45.3831 25.4382
internal_count=17198 5215 2436 635 11983 9274
is_linear=0
shrinkage=0.035


Tree=121
num_leaves=7
num_cat=0
split_feature=31 31 72 0 36 93
split_gain=3.28736 3.44249 2.90726 2.72527 2.46773 2.2441
threshold=0.30030918121337896 0.17431269586086276 0.8831964135169984 0.22925191372632983 0.46605134010314947 0.68938991427421581
decision_type=8 10 10 8 10 8
left_child=1 -1 3 5 -3 -2
right_child=2 4 -4 -5 -6 -7
leaf_value=-0.0014240613652460122 0.0058329687455381633 0.022335890673314297 0.0045044927045558916 -0.016001822315308906 -0.00068512892652291353 -0.0095176787879936754
leaf_weight=13.394689170818312 18.653228103532459 11.28301589831244 19.084755624120589 23.058475826692302 1.6341048592585128 12.336257661227135
leaf_count=3009 1756 852 1667 7415 1310 1252
internal_value=-0.000180933 0.00841213 -0.00444427 -0.00862363 0.0177655 0
internal_weight=99.4445 26.3118 73.1327 54.048 12.9171 30.9895
internal_count=17261 5171 12090 10423 2162 3008
is_linear=0
shrinkage=0.035


Tree=122
num_leaves=7
num_cat=0
split_feature=62 43 57 14 34 52
split_gain=2.98494 3.18777 4.48413 4.447 2.41531 1.25338
threshold=0.47938293218612676 0.1022329479455948 0.11780751124024393 0.59509032964706432 0.8399639129638673 0.13174165040254596
decision_type=8 10 10 10 10 8
left_child=1 -1 -3 -4 5 -2
right_child=4 2 3 -5 -6 -7
leaf_value=-0.0063543079125690811 0 -0.0033312493814087458 0.018044258001994738 -0.0063818840466001413 0.0019652870405179488 -0.017346537161722402
leaf_weight=13.87596386647783 2.9687761982204455 17.59803705336526 37.788509384554345 3.5506767774932078 9.1894105988321808 13.327849923283791
leaf_count=678 979 1732 3148 2661 1422 6575
internal_value=0.000565313 0.00458743 0.00839938 0.0141876 -0.00770865 -0.0141754
internal_weight=98.2992 72.8132 58.9372 41.3392 25.486 16.2966
internal_count=17195 8219 7541 5809 8976 7554
is_linear=0
shrinkage=0.035


Tree=123
num_leaves=7
num_cat=0
split_feature=15 23 26 47 72 64
split_gain=3.18852 5.22754 2.69383 3.27702 2.14408 2.04449
threshold=0.60556668043136608 0.26821708679199224 0.12602679431438449 0.84243586659431469 0.80118656158447277 0.11885314434766771
decision_type=8 10 10 10 10 8
left_child=1 5 -3 -4 -2 -1
right_child=4 2 3 -5 -6 -7
leaf_value=0.0011356323507329166 -0.015575445022711335 -0.0050301222959489621 0.016986866200571701 0 0.00066078239800950172 -0.013443545495987547
leaf_weight=10.350293883413544 14.127744992903901 3.9506404346902846 36.817678634135518 12.44994907628279 6.8760626150760791 14.807882231252732
leaf_count=1398 5783 1038 4034 1050 983 2902
internal_value=0 0.00366127 0.0098341 0.012479 -0.00973388 -0.00703536
internal_weight=99.3803 78.3764 53.2183 49.2676 21.0038 25.1582
internal_count=17188 10422 6122 5084 6766 4300
is_linear=0
shrinkage=0.035


Tree=124
num_leaves=7
num_cat=0
split_feature=10 15 0 34 77 72
split_gain=3.74053 3.09031 2.57434 3.03015 2.16267 1.87522
threshold=0.50160649418830883 0.58656147122383129 0.062130581587553031 0.34317693114280706 0.17737046629190448 0.93567109107971203
decision_type=10 10 10 10 10 10
left_child=5 2 -2 -4 -3 -1
right_child=1 4 3 -5 -6 -7
leaf_value=-0.010634571678629096 -0.0016438302425435276 0.0070470666743554441 -0.0006475980639268587 0.020486716949534557 -0.010151013703538809 0.0020046448981458332
leaf_weight=39.711835270689335 6.073627601494084 4.2973364919889745 4.6971726011252057 20.024626336817164 14.876566720486151 8.5029175202362222
leaf_count=7809 237 1254 1072 1708 4357 778
internal_value=-0.000726073 0.00504086 0.0112842 0.0156901 -0.00342462 -0.00750359
internal_weight=98.1841 49.9693 30.7954 24.7218 19.1739 48.2148
internal_count=17215 8628 3017 2780 5611 8587
is_linear=0
shrinkage=0.035


Tree=125
num_leaves=7
num_cat=0
split_feature=5 88 42 45 7 77
split_gain=3.10868 4.36907 2.63798 2.49762 2.1094 1.65241
threshold=0.2227653041481972 0.34347988665103918 0.28084918856620794 0.084855049848556532 0.25350852310657507 0.15707921236753467
decision_type=8 8 10 10 10 10
left_child=2 -2 3 -1 -5 -4
right_child=1 -3 5 4 -6 -7
leaf_value=-0.0028493744087445343 0 -0.017218802458760517 0.0062733783301817106 0.019175613532931297 -0.00017844165304754461 -0.0094455792854318491
leaf_weight=4.0843834253610138 34.428404660022352 22.374831300694495 2.1259559774771359 16.859790442278612 2.3439254151890045 14.383401521190534
leaf_count=767 5690 7734 203 1103 465 1282
internal_value=-0.0023572 -0.00750869 0.00392328 0.0107205 0.0155257 -0.0038924
internal_weight=96.6007 56.8032 39.7975 23.2881 19.2037 16.5094
internal_count=17244 13424 3820 2335 1568 1485
is_linear=0
shrinkage=0.035


Tree=126
num_leaves=7
num_cat=0
split_feature=5 89 45 16 58 62
split_gain=4.30704 4.04173 2.94252 2.47198 2.26626 2.55222
threshold=0.21840804815292361 0.27902172505855566 0.084855049848556532 0.2095950394868851 0.16314840316772464 0.2604676634073258
decision_type=8 8 10 10 10 8
left_child=2 4 -1 -4 5 -2
right_child=1 -3 3 -5 -6 -7
leaf_value=-0.005835817196719285 -0.0031746331839039659 -0.01539833321278195 -0.0028613486292189106 0.014992666778267549 -0.0052329967699647796 0.016460848118712217
leaf_weight=6.2153684326331122 4.1087249481934096 23.832817842427175 3.6696576401591292 30.783552809793036 18.666610498563386 10.693161592818797
leaf_count=1089 321 8855 311 2342 3763 529
internal_value=-3.15614e-06 -0.00632383 0.00739943 0.0116735 0.000596073 0.00950643
internal_weight=97.9699 57.3013 40.6686 34.4532 33.4685 14.8019
internal_count=17210 13468 3742 2653 4613 850
is_linear=0
shrinkage=0.035


Tree=127
num_leaves=7
num_cat=0
split_feature=25 26 5 21 16 65
split_gain=3.95158 3.71986 4.21519 3.17602 3.11162 3.01546
threshold=0.58915311098098766 0.47852823138237005 0.065957382321357741 0.26523521542549139 0.62773936986923229 0.74729877710342418
decision_type=8 10 10 10 10 10
left_child=1 2 -1 -3 -5 -2
right_child=5 3 -4 4 -6 -7
leaf_value=0.010534034992928563 -0.013632906190027503 -0.0015094708817829682 -0.010153503297330562 0.025372001415758468 0 0.0045419844351358768
leaf_weight=9.4113715573330392 33.258950675663073 6.0951515704509829 26.027239965624176 11.851323711336592 4.7807683442370026 5.7627864899113765
leaf_count=930 4606 481 7165 826 689 2431
internal_value=-0.00152914 0.00353842 -0.00252273 0.0128943 0.0190801 -0.00951622
internal_weight=97.1876 58.1659 35.4386 22.7272 16.6321 39.0217
internal_count=17128 10091 8095 1996 1515 7037
is_linear=0
shrinkage=0.035


Tree=128
num_leaves=7
num_cat=0
split_feature=62 62 54 31 41 86
split_gain=2.72518 4.17936 3.97384 2.97349 3.31792 2.66085
threshold=0.45458334684371954 0.37460032105445867 0.16729303449392322 0.29677411913871771 0.3755622804164887 0.43708486855030065
decision_type=8 10 8 10 10 8
left_child=1 3 -2 4 -1 -3
right_child=2 5 -4 -5 -6 -7
leaf_value=0.016118870216175835 0.0042235783599354733 0.021083062633202136 -0.016112434410883236 -0.0078292104552890734 -0.0062947696077633643 0
leaf_weight=10.524315850459969 10.017475612054115 11.653175613959322 20.242925677739549 35.015393583511468 4.3563001059228545 6.7785856539849183
leaf_count=479 1842 704 7407 4328 1648 723
internal_value=-0.000581441 0.00277735 -0.00853269 -0.002003 0.00735605 0.0143939
internal_weight=98.5882 68.3278 30.2604 49.896 14.8806 18.4318
internal_count=17131 7882 9249 6455 2127 1427
is_linear=0
shrinkage=0.035


Tree=129
num_leaves=7
num_cat=0
split_feature=69 4 23 15 35 5
split_gain=2.70396 3.1125 2.66526 2.67888 2.60847 2.10644
threshold=0.49306702613830572 0.82698312401771557 0.26821708679199224 0.60556668043136608 0.11943029984831811 0.048551119863986976
decision_type=10 8 10 10 8 8
left_child=4 2 -2 -4 -1 -6
right_child=1 -3 3 -5 5 -7
leaf_value=0.0020820764602208232 -0.0037685325020986094 -0.007915428410034309 0.014994275994177049 -9.1298222146873398e-05 0 -0.019773298454234398
leaf_weight=6.6957130178343531 12.441001638770102 16.88923313410487 31.149216278863605 12.247904596501028 3.2688967511639957 14.649494787794536
leaf_count=814 1451 2652 2259 2429 453 7202
internal_value=-0.00108284 0.001903 0.00631493 0.0103637 -0.0098176 -0.01556
internal_weight=97.3415 72.7274 55.8381 43.3971 24.6141 17.9184
internal_count=17260 8791 6139 4688 8469 7655
is_linear=0
shrinkage=0.035


Tree=130
num_leaves=7
num_cat=0
split_feature=56 72 31 47 0 0
split_gain=2.79985 2.66849 2.90991 2.61096 2.23403 2.37514
threshold=0.54967492818832409 0.55003863573074352 0.7867751717567445 0.94394519925117504 0.21649843454360965 0.062130581587553031
decision_type=8 10 10 10 8 10
left_child=1 4 3 -3 5 -1
right_child=-2 2 -4 -5 -6 -7
leaf_value=-0.0070615347670585039 -0.013663588502145038 0.014433728162178559 -0.0020390971024594447 -0.0040661920559039982 -0.011836294612041429 0.011328339576658464
leaf_weight=5.8510454769129892 7.4665281915804362 37.81874860462267 19.025445623439737 2.9564068385516284 15.800720443017779 10.361384694464503
leaf_count=457 7739 2879 1340 186 3540 1184
internal_value=0 0.00233093 0.00673559 0.0115691 -0.00428654 0.00238284
internal_weight=99.2803 91.8138 59.8006 40.7752 32.0132 16.2124
internal_count=17325 9586 4405 3065 5181 1641
is_linear=0
shrinkage=0.035


Tree=131
num_leaves=7
num_cat=0
split_feature=41 31 47 64 47 32
split_gain=2.75226 3.09626 3.20924 2.89054 2.84514 2.53108
threshold=0.41929823160171514 0.30030918121337896 0.86189365386962902 0.47789025306701666 0.71117156744003307 0.33212846517562872
decision_type=8 10 10 10 10 10
left_child=1 5 3 -3 -2 -1
right_child=4 2 -4 -5 -6 -7
leaf_value=0 -0.017602354392695661 0.007616030140685761 -0.013408525987907155 -0.0088481380535159661 0.00080371790201990377 0.019113043946504205
leaf_weight=6.5977134726126705 12.107344635063784 38.067626412666868 11.817902153998146 8.5179559262469393 9.8030056412098912 12.401584949519018
leaf_count=822 7072 3169 831 1737 2870 711
internal_value=-4.99641e-05 0.00268453 -0.000919072 0.00278827 -0.00959962 0.0126965
internal_weight=99.3131 77.4028 58.4035 46.5856 21.9104 18.9993
internal_count=17212 7270 5737 4906 9942 1533
is_linear=0
shrinkage=0.035


Tree=132
num_leaves=7
num_cat=0
split_feature=87 21 87 66 26 34
split_gain=3.47958 4.44758 3.37458 2.7793 2.60773 2.55442
threshold=0.37429861724376684 0.38120624423027044 0.09857905283570291 0.47217717766761785 0.92556303739547741 0.59578368067741405
decision_type=8 8 10 10 10 10
left_child=1 2 -1 -2 -4 -5
right_child=3 -3 4 5 -6 -7
leaf_value=-0.0029730276644755211 -0.014858900473651017 -0.0069362690586821114 0.020717540536841651 -0.010942202767133641 -0.00023953255023856571 0.0060976540413001084
leaf_weight=6.1229140455834594 21.42803699785145 14.390927137166726 21.989143205748409 8.6442110970092489 3.1281885803327887 22.561704501946224
leaf_count=284 4914 4474 1571 3043 134 2818
internal_value=-0.00109819 0.0049195 0.0120195 -0.00714184 0.0170948 0
internal_weight=98.2651 45.6312 31.2402 52.634 25.1173 31.2059
internal_count=17238 6463 1989 10775 1705 5861
is_linear=0
shrinkage=0.035


Tree=133
num_leaves=7
num_cat=0
split_feature=89 7 10 50 93 52
split_gain=3.59235 3.60577 2.23251 2.18088 2.71178 3.36188
threshold=0.29040671885013586 0.26770558953285223 0.55869406461715709 0.59505370259284984 0.66374996304512035 0.022973525337874893
decision_type=8 8 10 10 10 10
left_child=3 2 -2 4 5 -1
right_child=1 -3 -4 -5 -6 -7
leaf_value=-0.0041723885708531295 -0.0068328283123503461 -0.017400844177313055 0.0070247714911006722 -0.0061621762874835909 -0.00446531837078729 0.017081791208310146
leaf_weight=3.7100824749795711 20.120884181174915 13.705604951450367 20.814599507953972 3.4659874892677172 4.5262607352342448 31.303490912599955
leaf_count=125 2131 8468 1630 2911 270 1726
internal_value=0 -0.00586556 0 0.00663504 0.00970936 0.013252
internal_weight=97.6469 54.6411 40.9355 43.0058 39.5398 35.0136
internal_count=17261 12229 3761 5032 2121 1851
is_linear=0
shrinkage=0.035


Tree=134
num_leaves=7
num_cat=0
split_feature=94 77 87 3 87 26
split_gain=2.55533 2.46035 2.31597 3.33429 2.83263 2.33409
threshold=0.92179489135742199 0.51212322711944591 0.30373282730579382 0.098216179758310332 0.20894498378038409 0.43458063900470739
decision_type=10 10 8 8 10 10
left_child=2 -2 4 -4 -1 -6
right_child=1 -3 3 -5 5 -7
leaf_value=-0.0052379411080018378 -0.0021599909983355146 0.013314643846796991 0.0025901717008346313 -0.01465665057185982 -0.0012038170096105979 0.020141334940964456
leaf_weight=14.83157182208379 13.723049224412536 14.997982200526165 10.551067096123004 33.382942688651383 2.5204053611378168 6.2067792788438965
leaf_count=3353 743 632 1436 9459 635 909
internal_value=-0.00139433 0.00563133 -0.00535941 -0.00974284 0.00154912 0.0132108
internal_weight=96.2138 28.721 67.4928 43.934 23.5588 8.72718
internal_count=17167 1375 15792 10895 4897 1544
is_linear=0
shrinkage=0.035


Tree=135
num_leaves=7
num_cat=0
split_feature=51 51 31 58 25 57
split_gain=3.83501 4.01578 4.50584 2.95954 2.22635 1.80797
threshold=0.54263213276863109 0.40782932937145239 0.7867751717567445 0.46823713183403021 0.20923888683319095 0.092303264886140837
decision_type=8 10 8 10 10 10
left_child=1 2 3 -1 -3 -6
right_child=-2 4 -4 -5 5 -7
leaf_value=0.0086953706693281719 -0.016177869694655296 -0.0016987481123741895 -0.013949813284518416 -0.0059665100348841819 0 0.021866694768764752
leaf_weight=35.68524239162798 9.1350141185976081 1.81216859634151 18.829671694897115 16.446084315219196 2.4225869107176541 12.581201503460759
leaf_count=2018 7830 481 2239 2817 282 1556
internal_value=-0.000646243 0.00163828 -0.00177641 0.00301842 0.0140908 0.0182077
internal_weight=96.912 87.777 70.961 52.1313 16.816 15.0038
internal_count=17223 9393 7074 4835 2319 1838
is_linear=0
shrinkage=0.035


Tree=136
num_leaves=7
num_cat=0
split_feature=5 86 17 55 16 88
split_gain=2.73427 4.23411 3.56595 2.47447 2.78967 2.49862
threshold=0.2227653041481972 0.35505065321922308 0.2192037254571915 0.080733150243759169 0.3674259632825852 0.41294622421264654
decision_type=8 8 8 10 10 10
left_child=3 -2 -3 -1 -5 -6
right_child=1 2 -4 4 5 -7
leaf_value=-0.0068952526364427719 0.0021245218140252642 0 -0.021327910957472 0 0 0.02226754685327155
leaf_weight=4.6503742874483569 32.118113225878915 8.5004676731186937 16.313945432484616 15.121388977742752 7.4661375823197913 13.320196884218602
leaf_count=1107 5523 964 6959 1355 352 982
internal_value=0 -0.0050955 -0.0142802 0.00585313 0.00965535 0.0161527
internal_weight=97.4906 56.9325 24.8144 40.5581 35.9077 20.7863
internal_count=17242 13446 7923 3796 2689 1334
is_linear=0
shrinkage=0.035


Tree=137
num_leaves=7
num_cat=0
split_feature=89 71 36 12 26 25
split_gain=3.61505 2.87296 2.62226 2.44252 3.32388 3.06987
threshold=0.29040671885013586 0.90234735608100902 0.46605134010314947 0.30124124884605413 0.55837196111679088 0.52666637301445018
decision_type=8 10 10 8 10 10
left_child=1 2 -1 4 -2 -6
right_child=3 -3 -4 -5 5 -7
leaf_value=0.013314313295914815 -0.0093150295276688503 -0.0069852357683517826 -0.0045755303798298529 -0.016637826849664861 0.018419671321158879 -0.0015148932531761933
leaf_weight=33.30288897495484 21.235220724658575 7.0063004042603998 3.8143882699368978 13.367793278477619 7.4933329224586513 11.390162269177379
leaf_count=1594 3671 844 2577 7436 326 730
internal_value=-0.000812352 0.00548773 0.00982689 -0.00690123 -0.000339138 0.00757
internal_weight=97.6101 44.1236 37.1173 53.4865 40.1187 18.8835
internal_count=17178 5015 4171 12163 4727 1056
is_linear=0
shrinkage=0.035


Tree=138
num_leaves=7
num_cat=0
split_feature=13 10 89 3 34 22
split_gain=3.31062 2.25681 2.12253 2.02116 2.19745 2.12182
threshold=0.35091389715671545 0.39898003637790685 0.35180537402629858 0.34620048105716711 0.59182429313659679 0.73276802897453319
decision_type=8 10 8 10 10 10
left_child=1 2 -1 4 -3 -5
right_child=-2 3 -4 5 -6 -7
leaf_value=0.0013301661948528366 -0.01256825629611966 -0.00029556259470038895 -0.012992315625657429 -0.0074511399876232513 0.015394601340963482 0.010451379259986876
leaf_weight=18.314999384572733 16.773717454401776 6.8689086185186197 11.356015038094482 16.364055591402579 23.519074209674727 3.4415070958202696
leaf_count=651 11082 793 1593 1070 1461 571
internal_value=-0.0010414 0.00170595 -0.00435285 0.00629569 0.0111579 -0.000340236
internal_weight=96.6383 79.8646 29.671 50.1935 30.388 19.8056
internal_count=17221 6139 2244 3895 2254 1641
is_linear=0
shrinkage=0.035


Tree=139
num_leaves=7
num_cat=0
split_feature=62 74 74 57 24 29
split_gain=2.34174 2.87832 2.7956 2.11994 2.08841 1.6421
threshold=0.64093637466430675 0.72112777829170238 0.46366439759731298 0.31477594375610357 0.7076210379600526 0.75046604871749889
decision_type=8 10 10 10 10 10
left_child=1 2 5 -4 -3 -1
right_child=-2 4 3 -5 -6 -7
leaf_value=0.0046099689265759148 -0.010587067169763178 -0.010702294927200186 0.016598175123427174 -0.0011592647290792678 0.0042239585706049078 -0.0088991442278798238
leaf_weight=21.545745850715324 10.83347680402221 18.796294392785061 26.4702894979273 2.7364602577581527 8.0272025004378502 9.4717970186029543
leaf_count=3624 7190 2175 1300 1275 720 1035
internal_value=0.000160024 0.00282842 0.00715168 0.0136319 -0.00478366 0
internal_weight=97.8813 87.0478 60.2243 29.2067 26.8235 31.0175
internal_count=17319 10129 7234 2575 2895 4659
is_linear=0
shrinkage=0.035


Tree=140
num_leaves=7
num_cat=0
split_feature=1 2 4 89 46 37
split_gain=1.91213 3.23536 3.92644 2.25285 2.09567 1.90723
threshold=0.23725410550832751 0.19791761785745624 0.81635144352912914 0.2651269286870957 0.18803133815526965 0.21138384193181994
decision_type=8 10 10 8 10 10
left_child=1 5 4 -2 -3 -1
right_child=3 2 -4 -5 -6 -7
leaf_value=0.0043363144146204612 0 0 -0.003590714792423197 -0.013867287340928802 0.026411918469507818 -0.0089549954528667184
leaf_weight=11.376680949353611 29.076139367301948 1.0514147688518258 4.0886182040558188 20.749445777881192 7.705238230235409 21.646424505976029
leaf_count=1062 4347 192 220 8849 295 2309
internal_value=-0.00241174 0.00181095 0.013385 -0.00691971 0.0223744 -0.0031436
internal_weight=95.694 45.8684 12.8453 49.8256 8.75665 33.0231
internal_count=17274 4078 707 13196 487 3371
is_linear=0
shrinkage=0.035


Tree=141
num_leaves=7
num_cat=0
split_feature=72 36 66 95 74 74
split_gain=3.48454 4.40861 3.84593 2.48415 2.19613 4.06598
threshold=0.65007048845291149 0.014413021970540287 0.95588660240173351 0.97561493515968334 0.72112777829170238 0.55567973852157604
decision_type=10 8 10 10 10 10
left_child=1 -1 3 -3 5 -2
right_child=4 2 -4 -5 -6 -7
leaf_value=0.01067432202094718 -0.0005362700483642908 -0.019124555977190583 0.0073872848669230082 0 -0.0031303783083438111 0.019027009665643763
leaf_weight=3.3791001377976491 18.575434916478116 33.123946469568182 2.1297407798119812 4.1037994874059214 20.656253407680197 14.562745379080296
leaf_count=145 2477 10075 685 282 2193 1374
internal_value=-0.00155457 -0.00858051 -0.0128662 -0.0162874 0.00356578 0.00881298
internal_weight=96.531 42.7366 39.3575 37.2277 53.7944 33.1382
internal_count=17231 11187 11042 10357 6044 3851
is_linear=0
shrinkage=0.035


Tree=142
num_leaves=7
num_cat=0
split_feature=34 76 10 55 47 46
split_gain=2.71281 2.72406 2.28427 2.53123 2.38337 1.88935
threshold=0.31174789369106298 0.019783600233495239 0.44388622045516973 0.080733150243759169 0.37969964742660528 0.34520904719829565
decision_type=10 8 8 10 10 10
left_child=1 -1 5 -4 -5 -2
right_child=2 -3 3 4 -6 -7
leaf_value=0.0041964607224317654 0.0026105569659398836 -0.017163181153277515 -0.0064030689084093326 -0.0023471048424442056 0.014007824854139843 -0.0099544890987718019
leaf_weight=2.4300782394711833 21.716490254504606 11.525137165357592 3.3551294853095888 5.076844849943881 36.603259823052213 15.875026420049833
leaf_count=229 2990 5132 766 1738 3443 2869
internal_value=0 -0.0108787 0.00282816 0.00785128 0.0109018 -0.00235981
internal_weight=96.582 13.9552 82.6268 45.0352 41.6801 37.5915
internal_count=17167 5361 11806 5947 5181 5859
is_linear=0
shrinkage=0.035


Tree=143
num_leaves=7
num_cat=0
split_feature=72 43 46 37 53 22
split_gain=3.16658 2.49152 2.8425 2.82253 2.20715 3.10584
threshold=0.65007048845291149 0.091484941542148604 0.37505494058132177 0.39154708385467535 0.89080756902694713 0.28294080495834356
decision_type=10 10 10 10 10 8
left_child=4 -2 3 -3 5 -1
right_child=1 2 -4 -5 -6 -7
leaf_value=0 -0.0039925998102410872 0.021881426137731971 0 -6.7721556870916293e-05 0.0041624138480079748 -0.017351809967356243
leaf_weight=15.248959245567674 12.586402881017419 16.126474120246716 21.31772359268507 3.7051116279035332 7.6641320398193775 19.327661752933636
leaf_count=2883 1008 916 3613 505 1587 6674
internal_value=0 0.00553029 0.009687 0.0170536 -0.00629506 -0.0101927
internal_weight=95.9765 53.7357 41.1493 19.8316 42.2408 34.5766
internal_count=17186 6042 5034 1421 11144 9557
is_linear=0
shrinkage=0.035


Tree=144
num_leaves=7
num_cat=0
split_feature=51 51 94 2 42 42
split_gain=3.05104 3.12241 3.34441 2.90424 2.89598 2.78302
threshold=0.54949688911437999 0.40782932937145239 0.92179489135742199 0.13513534516096118 0.37648926675319677 0.3087198287248612
decision_type=8 10 10 10 10 10
left_child=1 2 3 -1 -4 -3
right_child=-2 5 4 -5 -6 -7
leaf_value=0.0023729961557918612 -0.012976965221792008 -0.00027415106304642847 0.014801562483694323 -0.012557005957427042 -0.0026737123234462034 0.020273871473394722
leaf_weight=17.025611912540626 8.3357203244231624 5.3455384219123543 17.415016319311693 26.023847548349295 9.9528367571765539 12.047543218301142
leaf_count=1956 7797 636 676 3823 583 1810
internal_value=0.000442876 0.00324194 0 -0.00617738 0.00779468 0.0137944
internal_weight=96.1461 87.8104 70.4173 43.0495 27.3679 17.3931
internal_count=17281 9484 7038 5779 1259 2446
is_linear=0
shrinkage=0.035


Tree=145
num_leaves=7
num_cat=0
split_feature=4 25 38 31 13 53
split_gain=2.47714 2.50976 2.80592 2.31408 3.04495 1.45822
threshold=0.19062016904354098 0.79348155856132518 0.30366516113281256 0.81888240575790416 0.61763054132461559 0.50834989547729503
decision_type=10 10 8 10 10 10
left_child=-1 3 -3 4 -2 -5
right_child=1 2 -4 5 -6 -7
leaf_value=-0.012652642235403763 0.011796222249474211 0.0049326348599040915 -0.014595361476571114 -0.0099882242918099204 -0.0069460899401920127 0.0038014506927448906
leaf_weight=9.1599681201914773 48.292455701855943 5.3866120302991503 12.595779735216636 10.379871626792012 3.778083624871214 5.979799522785469
leaf_count=3275 5037 533 2946 1232 3628 559
internal_value=0 0.00174464 -0.0070075 0.00522422 0.00881841 -0.0031995
internal_weight=95.5726 86.4126 17.9824 68.4302 52.0705 16.3597
internal_count=17210 13935 3479 10456 8665 1791
is_linear=0
shrinkage=0.035


Tree=146
num_leaves=7
num_cat=0
split_feature=69 41 76 46 86 2
split_gain=3.71158 3.29391 2.07903 1.96266 2.2605 2.22279
threshold=0.70772022008895885 0.19404595345258716 0.944301337003708 0.40377184748649603 0.68097722530365001 0.062320025637745864
decision_type=10 8 10 10 8 10
left_child=1 -1 -3 4 5 -2
right_child=3 2 -4 -5 -6 -7
leaf_value=0.0016839177396267913 -0.0011795089614199917 -0.01763265128455804 0.00081919832847135237 -0.0021476729348076889 -0.0022181871466043419 0.018374749482060315
leaf_weight=12.19672094422276 2.2708655330352547 28.883526284975236 2.0578817840432739 28.970055359270191 5.7985376056749365 15.867165108968036
leaf_count=2288 105 9124 702 4108 403 478
internal_value=-0.00280335 -0.00983816 -0.0151411 0.00260943 0.00910652 0.0143063
internal_weight=96.0448 43.1381 30.9414 52.9066 23.9366 18.138
internal_count=17208 12114 9826 5094 986 583
is_linear=0
shrinkage=0.035


Tree=147
num_leaves=7
num_cat=0
split_feature=79 34 88 47 34 71
split_gain=2.44063 2.30161 2.72786 2.59008 2.29892 1.92289
threshold=0.44527876377105718 0.32327756285667425 0.54753419756889354 0.79178348183631908 0.84776151180267345 0.97320765256881725
decision_type=8 10 8 10 10 10
left_child=1 -1 3 -3 -4 -2
right_child=5 2 4 -5 -6 -7
leaf_value=-0.0059740145790496682 -0.013803105561594772 0.015888924134343518 -0.011189712046587006 0 0.0055209651842208175 0.0040447204552730822
leaf_weight=12.159701369237153 12.829926909063941 31.027721110731363 10.371718468901237 17.959259559109341 11.310075953922931 1.2739180746721093
leaf_count=1845 9224 1999 2144 609 1132 263
internal_value=0.000906125 0.00379935 0.00658487 0.0108268 -0.0015654 -0.00893543
internal_weight=96.9323 82.8285 70.6688 48.987 21.6818 14.1038
internal_count=17216 7729 5884 2608 3276 9487
is_linear=0
shrinkage=0.035


Tree=148
num_leaves=7
num_cat=0
split_feature=64 74 87 23 91 95
split_gain=2.25973 2.42782 2.4264 2.37726 2.72503 1.83894
threshold=0.47410173714160925 0.70583355426788341 0.78493979573249828 0.26051422953605657 0.6336098611354829 0.41155107319355017
decision_type=8 10 10 10 8 8
left_child=1 3 -2 -1 -5 -3
right_child=2 5 -4 4 -6 -7
leaf_value=-0.0023238512187494808 -0.014335760129459897 0.0052740394078763259 0.0034628321854381803 0.016358294506573261 -8.4743431155832945e-05 -0.0094948756910656802
leaf_weight=12.28589495262713 17.16797118991963 4.8793353492219493 4.6137315654195836 25.113819061836693 9.9454537026467715 20.531129730312387
leaf_count=1851 7387 1402 1653 1655 1659 1647
internal_value=-0.000264028 0.00229148 -0.00888541 0.00701097 0.0113254 -0.00450378
internal_weight=94.5373 72.7556 21.7817 47.3452 35.0593 25.4105
internal_count=17254 8214 9040 5165 3314 3049
is_linear=0
shrinkage=0.035


Tree=149
num_leaves=7
num_cat=0
split_feature=88 77 34 58 31 81
split_gain=2.70551 2.85861 4.08082 2.16598 1.74795 1.80978
threshold=0.20136634632945064 0.020700419321656231 0.75495970249176036 0.11648911237716676 0.22509169578552249 0.66032427549362194
decision_type=8 8 10 8 10 10
left_child=4 -2 3 -3 -1 -6
right_child=1 2 -4 -5 5 -7
leaf_value=-0.0038930983989186167 0.011054784425813145 0 0 -0.019666334590206141 0.014067512184747515 -0.0009296519151506061
leaf_weight=5.5259295583819066 1.8127882597618725 4.8334619398228851 35.402614780003205 23.970001707464689 18.794313864316795 4.7573286085680584
leaf_count=1319 189 1159 3804 7787 1614 1355
internal_value=-0.00157561 -0.005706 -0.00807868 -0.0162443 0.00559399 0.0099066
internal_weight=95.0964 66.0189 64.2061 28.8035 29.0776 23.5516
internal_count=17227 12939 12750 8946 4288 2969
is_linear=0
shrinkage=0.035


Tree=150
num_leaves=7
num_cat=0
split_feature=36 67 10 24 42 37
split_gain=2.90277 1.7789 2.39084 2.35533 2.26012 1.49758
threshold=0.48192688822746282 0.42934808135032659 0.12446576356887819 0.74349820613861095 0.46273782849311834 0.088287718594074263
decision_type=8 10 10 10 10 10
left_child=1 2 -1 5 -4 -3
right_child=-2 3 4 -5 -6 -7
leaf_value=-0.0043157822121876526 -0.014601639135893374 0.0017329315059228922 0.015899386543127853 0.0028562628959309827 -0.0011776447430491177 -0.012303623927312957
leaf_weight=7.5034971823333754 10.805887740862088 2.2849993006675531 19.524513897078581 24.881311520148301 4.9846144647162864 25.246925673331134
leaf_count=940 8900 149 1671 2008 946 2603
internal_value=-0.00209714 6.06443e-05 0.00625857 -0.00318336 0.0113762 -0.00953324
internal_weight=95.2317 84.4259 32.0126 52.4132 24.5091 27.5319
internal_count=17217 8317 3557 4760 2617 2752
is_linear=0
shrinkage=0.035


Tree=151
num_leaves=7
num_cat=0
split_feature=5 88 34 0 16 55
split_gain=2.70294 3.17492 2.69404 2.58314 3.1633 2.72293
threshold=0.55731108784675609 0.20136634632945064 0.26035508513450628 0.23747386038303378 0.3674259632825852 0.55521371960639965
decision_type=8 8 10 10 10 10
left_child=1 2 -1 4 -3 -5
right_child=-2 3 -4 5 -6 -7
leaf_value=-0.0040053334371613755 -0.013263025129432716 -0.0061485578515144022 0.015820605227493349 -0.015301550909645053 0.0098304711966063739 0.0055985706360437808
leaf_weight=2.9560764511988991 9.4958093994064239 17.755039582028985 19.853202535014134 18.692477966833398 24.423104926972883 1.6477909111417819
leaf_count=293 7575 1925 1109 3981 1964 316
internal_value=-0.000285149 0.00160968 0.0111743 -0.0020072 0.0021499 -0.0106535
internal_weight=94.8235 85.3277 22.8093 62.5184 42.1781 20.3403
internal_count=17163 9588 1402 8186 3889 4297
is_linear=0
shrinkage=0.035


Tree=152
num_leaves=7
num_cat=0
split_feature=34 4 47 85 40 76
split_gain=2.45023 2.88988 4.12659 3.44714 1.99802 1.63311
threshold=0.31174789369106298 0.19062016904354098 0.79178348183631908 0.18437998741865161 0.08304158598184587 0.019783600233495239
decision_type=10 10 10 10 10 8
left_child=5 -2 3 -3 -4 -1
right_child=1 2 4 -5 -6 -7
leaf_value=0.0021781163160219984 -0.0088788954463875861 -0.00029372806605096097 0.0065000535366812372 0.017114462435619815 -0.0083765561658473882 -0.013781475267863092
leaf_weight=2.0915856164938278 8.0810852746944857 11.75359168613795 7.5891442490974468 35.549584226711886 20.197015317127807 11.360997953102924
leaf_count=217 2801 1565 214 5085 2248 5138
internal_value=0.00107087 0.00391442 0.0066454 0.0124229 -0.00230155 -0.00896593
internal_weight=96.623 83.1704 75.0893 47.3032 27.7862 13.4526
internal_count=17268 11913 9112 6650 2462 5355
is_linear=0
shrinkage=0.035


Tree=153
num_leaves=7
num_cat=0
split_feature=89 55 55 50 87 16
split_gain=2.77056 4.25246 3.4396 2.74136 2.71679 2.27385
threshold=0.29040671885013586 0.16246646642684939 0.080733150243759169 0.19607435166835788 0.28113721311092382 0.39082628488540655
decision_type=8 8 10 10 8 10
left_child=5 2 -2 -4 -3 -1
right_child=1 4 3 -5 -6 -7
leaf_value=0.011033397988345631 -0.0080172151308315828 0.00060535265734021186 0.020990434725810851 -0.0016603537309283433 -0.016932277495325519 -0.0018451294539164442
leaf_weight=22.221419045032235 5.1697298884100773 6.8598407710378515 8.4701896832557377 2.8166821433405849 28.572092553018592 21.448921937029809
leaf_count=1571 1361 1348 606 805 8025 3435
internal_value=-0.00105228 -0.00648006 0.00479103 0.0142717 -0.012842 0.00438565
internal_weight=95.5589 51.8885 16.4566 11.2869 35.4319 43.6703
internal_count=17151 12145 2772 1411 9373 5006
is_linear=0
shrinkage=0.035


Tree=154
num_leaves=7
num_cat=0
split_feature=26 6 25 53 22 16
split_gain=2.44825 5.2146 5.17596 4.10753 3.00858 3.84946
threshold=0.47852823138237005 0.058307569473981864 0.55413597822189342 0.36207549273967748 0.23037343472242358 0.62773936986923229
decision_type=10 8 10 10 10 10
left_child=1 -1 4 -4 -2 -6
right_child=2 -3 3 -5 5 -7
leaf_value=0.0094086488442054368 -0.00051247356227395065 -0.014048613154572344 0.0068214065625074229 -0.011357448440504179 0.027622491720821905 -0.00011732815525203205
leaf_weight=8.4269583189743553 4.2126551909896106 25.154320986184757 20.357061469287146 22.233807167591294 12.891273478278892 3.4978136887366409
leaf_count=872 335 7347 2841 4598 756 497
internal_value=3.15035e-05 -0.00622195 0.00441784 -0.00192612 0.0162389 0.021453
internal_weight=96.7739 33.5813 63.1926 42.5909 20.6017 16.3891
internal_count=17246 8219 9027 7439 1588 1253
is_linear=0
shrinkage=0.035


Tree=155
num_leaves=7
num_cat=0
split_feature=93 73 35 72 31 29
split_gain=2.68865 3.62099 2.88473 2.72376 2.63909 2.59436
threshold=0.60228306055068981 0.82009500265121471 0.48864462971687322 0.89114093780517589 0.23347655683755877 0.90405717492103588
decision_type=8 10 10 10 8 10
left_child=1 2 5 4 -2 -1
right_child=3 -3 -4 -5 -6 -7
leaf_value=0.015455986015815904 0.00070616036751601019 -0.0082673329048928035 -0.0057810966489615047 0.0052412519561885031 -0.016326424392946414 -0.002024607727172209
leaf_weight=35.762441794737242 7.7854828994022709 11.057176530797731 4.4412516099691848 6.7784681086195624 23.405319711746415 4.9686102766136164
leaf_count=3305 1354 2013 4777 540 4934 318
internal_value=-3.39787e-05 0.00409717 0.00889958 -0.00694229 -0.0114591 0.012264
internal_weight=94.1988 56.2295 45.1723 37.9693 31.1908 40.7311
internal_count=17241 10413 8400 6828 6288 3623
is_linear=0
shrinkage=0.035


Tree=156
num_leaves=7
num_cat=0
split_feature=35 31 40 81 31 71
split_gain=2.69894 2.03585 2.9545 2.70549 2.16124 1.91237
threshold=0.55390861630439769 0.30030918121337896 0.27232426404953008 0.49988625943660742 0.17431269586086276 0.81106701493263256
decision_type=8 10 10 10 10 10
left_child=1 4 -3 -4 -1 -6
right_child=-2 2 3 -5 5 -7
leaf_value=0 -0.013002157884325679 -0.0053363612147277091 0 0.019330493879275545 0.021309042645823787 0
leaf_weight=11.971488240960754 6.8962343343882813 45.612414682138478 13.867323684826262 6.4694538110052227 10.239457570016382 1.1354362260317419
leaf_count=1549 7660 3356 2274 1387 934 125
internal_value=0.000311554 0.0028639 0 0.00859336 0.0102478 0.0175087
internal_weight=96.1918 89.2956 65.9492 20.3368 23.3464 11.3749
internal_count=17285 9625 7017 3661 2608 1059
is_linear=0
shrinkage=0.035


Tree=157
num_leaves=7
num_cat=0
split_feature=53 16 67 55 91 10
split_gain=2.35221 3.86676 1.88434 4.19566 2.74673 1.82629
threshold=0.87952536344528209 0.62370797991752636 0.61860308051109325 0.16246646642684939 0.70366764068603527 0.71264889836311351
decision_type=10 8 10 10 8 10
left_child=1 2 4 -4 -1 -2
right_child=5 -3 3 -5 -6 -7
leaf_value=0.0090900045396909469 -0.0018583242336015617 -0.015050257833470769 0.0069677701754884431 -0.015352677888796023 -0.0084853637353260892 0.01587898796257619
leaf_weight=40.216536318272119 1.8423858130699944 15.29378465155605 9.2443621671118326 13.89605137350736 4.3162343205185598 9.8029144385654927
leaf_count=5199 510 5132 1257 1529 2074 1570
internal_value=0 -0.00255922 0.000862558 -0.00525068 0.00535439 0.0107864
internal_weight=94.6123 82.967 67.6732 23.1404 44.5328 11.6453
internal_count=17271 15191 10059 2786 7273 2080
is_linear=0
shrinkage=0.035


Tree=158
num_leaves=7
num_cat=0
split_feature=62 10 22 55 34 91
split_gain=2.3151 2.61623 2.5997 2.58465 1.84246 2.01513
threshold=0.47938293218612676 0.54411053657531749 0.27524173259735113 0.15845064818859103 0.26035508513450628 0.57314002513885509
decision_type=8 10 10 8 10 8
left_child=1 2 -1 -2 -3 -6
right_child=3 4 -4 -5 5 -7
leaf_value=0.0049783098572416468 0.0028408796314329469 -0.0013844830697117075 -0.0097651973540872055 -0.014355336542669243 0.016849231812891333 0
leaf_weight=20.086657118605217 8.1321537432086206 4.8463014569133511 19.32432561472524 15.485523618175646 23.070957831019772 6.3692392810189622
leaf_count=1502 1699 1174 2887 7325 1811 872
internal_value=0 0.00355451 -0.00157144 -0.00755315 0.00987072 0.0130257
internal_weight=97.3152 73.6975 39.411 23.6177 34.2865 29.4402
internal_count=17270 8246 4389 9024 3857 2683
is_linear=0
shrinkage=0.035


Tree=159
num_leaves=7
num_cat=0
split_feature=13 87 33 4 47 75
split_gain=2.40206 3.03409 2.32388 2.14911 3.10052 1.83563
threshold=0.36866872012615209 0.37429861724376684 0.65368586778640758 0.52080112695693981 0.94394519925117504 0.91512224078178417
decision_type=8 8 8 10 10 10
left_child=1 3 5 -1 -5 -3
right_child=-2 2 -4 4 -6 -7
leaf_value=-0.00086854672713116278 -0.010933068402788062 -0.015401287063988925 0.0022523433104741884 0.016944198513848215 -0.0042707366594845371 0.00074414931966534101
leaf_weight=10.539734232239423 13.949068295187315 15.468185862817338 22.905463087721728 25.512253364664506 2.9447524014976798 3.6525657493621102
leaf_count=1036 10811 1824 2348 887 95 251
internal_value=-0.00017613 0.00190214 -0.00356132 0.00851109 0.0128534 -0.0110716
internal_weight=94.972 81.023 42.0262 38.9967 28.457 19.1208
internal_count=17252 6441 4423 2018 982 2075
is_linear=0
shrinkage=0.035


end of trees

feature_importances:
cop_fill_depth_max_cityrank=49
lc_grass_shrub_500m_frac_cityrank=45
cop_focal_min_3000m_mean_cityrank=42
lc_grass_shrub_200m_frac_cityrank=33
fab_twi_max_cityrank=29
fab_dist_water_major_m_mean_cityrank=27
fab_hand_major_m_min_cityrank=25
fab_focal_min_1000m_mean_cityrank=24
fab_elevation_min_cityrank=22
fab_elevation_range_cityrank=22
cop_elevation_range_cityrank=22
cop_rel_elev_3000m_min_cityrank=22
fab_focal_mean_300m_mean_cityrank=21
fab_flow_accumulation_log_mean_cityrank=21
lc_tree_500m_frac_cityrank=20
cop_slope_max_cityrank=19
cop_focal_mean_1000m_max_cityrank=17
cop_focal_min_1000m_max_cityrank=17
fab_focal_min_1000m_max_cityrank=16
fab_rel_elev_300m_mean_cityrank=14
fab_rel_elev_1000m_mean_cityrank=14
cop_focal_min_300m_mean_cityrank=14
cop_twi_mean_cityrank=14
fab_slope_mean_cityrank=13
fab_slope_max_cityrank=13
fab_dist_water_any_m_min_cityrank=13
cop_rel_elev_300m_min_cityrank=13
cop_rel_elev_1000m_min_cityrank=13
cop_focal_min_3000m_max_cityrank=13
cop_elevation_max_cityrank=12
fab_focal_min_300m_mean_cityrank=11
fab_rel_elev_3000m_mean_cityrank=11
fab_elevation_percentile_1km_mean_cityrank=11
cop_fill_depth_mean_cityrank=11
lc_cropland_500m_frac_cityrank=11
fab_rel_elev_1000m_min_cityrank=10
fab_rel_elev_3000m_min_cityrank=10
fab_dist_water_major_m_min_cityrank=10
fab_hand_major_m_mean_cityrank=10
cop_elevation_mean_cityrank=10
cop_focal_min_300m_max_cityrank=10
cop_rel_elev_300m_mean_cityrank=10
fab_dist_water_any_m_mean_cityrank=9
fab_hand_any_m_mean_cityrank=9
cop_twi_max_cityrank=9
lc_tree_200m_frac_cityrank=9
cop_focal_min_1000m_mean_cityrank=8
lc_water_500m_frac_cityrank=8
cop_elevation_min_cityrank=7
cop_elevation_percentile_1km_max_cityrank=7
cop_flow_accumulation_log_mean_cityrank=7
cop_hand_any_m_mean_cityrank=7
fab_focal_mean_300m_max_cityrank=6
fab_focal_mean_3000m_mean_cityrank=6
fab_fill_depth_max_cityrank=6
fab_flow_accumulation_log_max_cityrank=6
fab_hand_any_m_min_cityrank=6
lc_bare_500m_frac_cityrank=6
lc_water_200m_frac_cityrank=6
fab_rel_elev_300m_min_cityrank=5
cop_elevation_p10_cityrank=5
cop_hand_major_m_mean_cityrank=5
fab_elevation_p10_cityrank=4
fab_elevation_percentile_1km_max_cityrank=4
cop_focal_mean_300m_max_cityrank=4
cop_elevation_percentile_1km_mean_cityrank=4
cop_slope_mean_cityrank=4
cop_flow_accumulation_log_max_cityrank=4
cop_dist_water_any_m_min_cityrank=4
fab_elevation_mean_cityrank=3
fab_focal_mean_3000m_max_cityrank=3
cop_rel_elev_3000m_mean_cityrank=3
cop_dist_water_major_m_mean_cityrank=3
fab_elevation_max_cityrank=2
fab_focal_mean_1000m_mean_cityrank=2
cop_focal_mean_1000m_mean_cityrank=2
cop_focal_mean_3000m_max_cityrank=2
cop_fill_share_gt_0_2m_cityrank=2
cop_dist_water_any_m_mean_cityrank=2
cop_dist_water_major_m_min_cityrank=2
fab_focal_mean_1000m_max_cityrank=1
fab_fill_depth_mean_cityrank=1
fab_fill_share_gt_0_2m_cityrank=1
fab_twi_mean_cityrank=1
fab_dist_any_water_min_cityrank=1

parameters:
[boosting: gbdt]
[objective: binary]
[metric: binary_logloss]
[tree_learner: serial]
[device_type: cpu]
[data_sample_strategy: bagging]
[data: ]
[valid: ]
[num_iterations: 160]
[learning_rate: 0.035]
[num_leaves: 7]
[num_threads: 2]
[seed: 41073]
[deterministic: 1]
[force_col_wise: 1]
[force_row_wise: 0]
[histogram_pool_size: -1]
[max_depth: 4]
[min_data_in_leaf: 30]
[min_sum_hessian_in_leaf: 0.001]
[bagging_fraction: 0.85]
[pos_bagging_fraction: 1]
[neg_bagging_fraction: 1]
[bagging_freq: 1]
[bagging_seed: 26519]
[bagging_by_query: 0]
[feature_fraction: 0.8]
[feature_fraction_bynode: 1]
[feature_fraction_seed: 6506]
[extra_trees: 0]
[extra_seed: 10277]
[early_stopping_round: 0]
[early_stopping_min_delta: 0]
[first_metric_only: 0]
[max_delta_step: 0]
[lambda_l1: 1.5]
[lambda_l2: 8]
[linear_lambda: 0]
[min_gain_to_split: 0]
[drop_rate: 0.1]
[max_drop: 50]
[skip_drop: 0.5]
[xgboost_dart_mode: 0]
[uniform_drop: 0]
[drop_seed: 15296]
[top_rate: 0.2]
[other_rate: 0.1]
[min_data_per_group: 100]
[max_cat_threshold: 32]
[cat_l2: 10]
[cat_smooth: 10]
[max_cat_to_onehot: 4]
[top_k: 20]
[monotone_constraints: ]
[monotone_constraints_method: basic]
[monotone_penalty: 0]
[feature_contri: ]
[forcedsplits_filename: ]
[refit_decay_rate: 0.9]
[cegb_tradeoff: 1]
[cegb_penalty_split: 0]
[cegb_penalty_feature_lazy: ]
[cegb_penalty_feature_coupled: ]
[path_smooth: 0]
[interaction_constraints: ]
[verbosity: -1]
[saved_feature_importance_type: 0]
[use_quantized_grad: 0]
[num_grad_quant_bins: 4]
[quant_train_renew_leaf: 0]
[stochastic_rounding: 1]
[linear_tree: 0]
[max_bin: 255]
[max_bin_by_feature: ]
[min_data_in_bin: 3]
[bin_construct_sample_cnt: 200000]
[data_random_seed: 3093]
[is_enable_sparse: 1]
[enable_bundle: 1]
[use_missing: 1]
[zero_as_missing: 0]
[feature_pre_filter: 1]
[pre_partition: 0]
[two_round: 0]
[header: 0]
[label_column: ]
[weight_column: ]
[group_column: ]
[ignore_column: ]
[categorical_feature: ]
[forcedbins_filename: ]
[precise_float_parser: 0]
[parser_config_file: ]
[objective_seed: 1898]
[num_class: 1]
[is_unbalance: 0]
[scale_pos_weight: 1]
[sigmoid: 1]
[boost_from_average: 1]
[reg_sqrt: 0]
[alpha: 0.9]
[fair_c: 1]
[poisson_max_delta_step: 0.7]
[tweedie_variance_power: 1.5]
[lambdarank_truncation_level: 30]
[lambdarank_norm: 1]
[label_gain: ]
[lambdarank_position_bias_regularization: 0]
[eval_at: ]
[multi_error_top_k: 1]
[auc_mu_weights: ]
[num_machines: 1]
[local_listen_port: 12400]
[time_out: 120]
[machine_list_filename: ]
[machines: ]
[gpu_platform_id: -1]
[gpu_device_id: -1]
[gpu_device_id_list: ]
[gpu_use_dp: 0]
[num_gpu: 1]

end of parameters

pandas_categorical:[]
