tree
version=v4
num_class=1
num_tree_per_iteration=1
label_index=0
max_feature_idx=99
objective=binary sigmoid:1
feature_names=fab_elevation_min_cityrank fab_elevation_p10_cityrank fab_elevation_mean_cityrank fab_elevation_max_cityrank fab_elevation_range_cityrank fab_focal_mean_300m_mean_cityrank fab_focal_mean_300m_max_cityrank fab_focal_min_300m_mean_cityrank fab_focal_min_300m_max_cityrank fab_rel_elev_300m_min_cityrank fab_rel_elev_300m_mean_cityrank fab_focal_mean_1000m_mean_cityrank fab_focal_mean_1000m_max_cityrank fab_focal_min_1000m_mean_cityrank fab_focal_min_1000m_max_cityrank fab_rel_elev_1000m_min_cityrank fab_rel_elev_1000m_mean_cityrank fab_focal_mean_3000m_mean_cityrank fab_focal_mean_3000m_max_cityrank fab_focal_min_3000m_mean_cityrank fab_focal_min_3000m_max_cityrank fab_rel_elev_3000m_min_cityrank fab_rel_elev_3000m_mean_cityrank fab_elevation_percentile_1km_mean_cityrank fab_elevation_percentile_1km_max_cityrank fab_slope_mean_cityrank fab_slope_max_cityrank fab_fill_depth_min_cityrank fab_fill_depth_mean_cityrank fab_fill_depth_max_cityrank fab_fill_share_gt_0_2m_cityrank fab_flow_accumulation_log_mean_cityrank fab_flow_accumulation_log_max_cityrank fab_twi_mean_cityrank fab_twi_max_cityrank fab_dist_water_any_m_min_cityrank fab_dist_water_any_m_mean_cityrank fab_hand_any_m_min_cityrank fab_hand_any_m_mean_cityrank fab_dist_water_major_m_min_cityrank fab_dist_water_major_m_mean_cityrank fab_hand_major_m_min_cityrank fab_hand_major_m_mean_cityrank cop_elevation_min_cityrank cop_elevation_p10_cityrank cop_elevation_mean_cityrank cop_elevation_max_cityrank cop_elevation_range_cityrank cop_focal_mean_300m_mean_cityrank cop_focal_mean_300m_max_cityrank cop_focal_min_300m_mean_cityrank cop_focal_min_300m_max_cityrank cop_rel_elev_300m_min_cityrank cop_rel_elev_300m_mean_cityrank cop_focal_mean_1000m_mean_cityrank cop_focal_mean_1000m_max_cityrank cop_focal_min_1000m_mean_cityrank cop_focal_min_1000m_max_cityrank cop_rel_elev_1000m_min_cityrank cop_rel_elev_1000m_mean_cityrank cop_focal_mean_3000m_mean_cityrank cop_focal_mean_3000m_max_cityrank cop_focal_min_3000m_mean_cityrank cop_focal_min_3000m_max_cityrank cop_rel_elev_3000m_min_cityrank cop_rel_elev_3000m_mean_cityrank cop_elevation_percentile_1km_mean_cityrank cop_elevation_percentile_1km_max_cityrank cop_slope_mean_cityrank cop_slope_max_cityrank cop_fill_depth_min_cityrank cop_fill_depth_mean_cityrank cop_fill_depth_max_cityrank cop_fill_share_gt_0_2m_cityrank cop_flow_accumulation_log_mean_cityrank cop_flow_accumulation_log_max_cityrank cop_twi_mean_cityrank cop_twi_max_cityrank cop_dist_water_any_m_min_cityrank cop_dist_water_any_m_mean_cityrank cop_hand_any_m_min_cityrank cop_hand_any_m_mean_cityrank cop_dist_water_major_m_min_cityrank cop_dist_water_major_m_mean_cityrank cop_hand_major_m_min_cityrank cop_hand_major_m_mean_cityrank lc_tree_200m_frac_cityrank lc_tree_500m_frac_cityrank lc_grass_shrub_200m_frac_cityrank lc_grass_shrub_500m_frac_cityrank lc_cropland_200m_frac_cityrank lc_cropland_500m_frac_cityrank lc_bare_200m_frac_cityrank lc_bare_500m_frac_cityrank lc_water_200m_frac_cityrank lc_water_500m_frac_cityrank lc_wetland_mangrove_200m_frac_cityrank lc_wetland_mangrove_500m_frac_cityrank fab_elev_min_cityrank fab_dist_any_water_min_cityrank
feature_infos=[6.0622594901360571e-05:0.99995452165603638] [0.0012730744201689959:0.99996966123580933] [5.3044768719701096e-05:0.99998486042022705] [5.3044768719701096e-05:0.99998486042022705] [0.00093965022824704647:0.99996966123580933] [1.5155648725340143e-05:0.99995452165603638] [1.5155648725340143e-05:0.99998486042022705] [3.0311297450680286e-05:0.99993938207626343] [3.0311297450680286e-05:0.99990904331207275] [4.5466946176020429e-05:0.99995452165603638] [3.0311297450680286e-05:0.99998486042022705] [1.5155648725340143e-05:0.99993938207626343] [3.0311297450680286e-05:0.99998486042022705] [0.00058349245227873325:0.99998486042022705] [0.00058349245227873325:0.99996966123580933] [3.0311297450680286e-05:0.99992424249649048] [3.0311297450680286e-05:0.99996966123580933] [1.5155648725340143e-05:1] [1.5155648725340143e-05:1] [0.0055545452050864697:0.99998486042022705] [0.0055545452050864697:0.99999243021011353] [1.5155648725340143e-05:0.99992424249649048] [3.0311297450680286e-05:0.99993938207626343] [1.5155648725340143e-05:0.9931647777557373] [1.5155648725340143e-05:0.97487950325012207] [6.0622594901360571e-05:0.99995452165603638] [6.0622594901360571e-05:0.99998486042022705] [0.47469764947891235:0.99993938207626343] [0.37207874655723572:0.99990904331207275] [0.37207874655723572:0.99990904331207275] [0.46386894583702087:0.99353611469268799] [0.013700705952942371:0.99995452165603638] [0.013700705952942371:0.99996966123580933] [6.0622594901360571e-05:0.99995452165603638] [0.00015155647997744381:0.99992424249649048] [0.068677820265293121:0.99993938207626343] [0.0029250402003526688:0.99992424249649048] [8.3437000284902751e-05:0.99990898370742798] [1.5170363440120127e-05:0.99990898370742798] [0.051385227590799332:0.99995452165603638] [0.0021899912972003222:0.99993938207626343] [1.5196644199022558e-05:0.9998784065246582] [1.5196644199022558e-05:0.99989360570907593] [0.00012123232590965927:0.99995452165603638] [9.092424443224445e-05:0.99993938207626343] [8.3347222243901342e-05:0.99995452165603638] [6.8193185143172741e-05:0.99993938207626343] [0.00090166542213410139:0.99995452165603638] [1.5154040738707408e-05:0.99995452165603638] [1.5154040738707408e-05:0.99998486042022705] [3.0308081477414817e-05:0.99993938207626343] [3.7885103665757924e-05:0.99986362457275391] [1.5154040738707408e-05:0.99983328580856323] [0.00016669444448780268:0.99987876415252686] [1.5154040738707408e-05:0.99993938207626343] [3.0308081477414817e-05:0.99998486042022705] [0.000598584592808038:1] [0.000598584592808038:0.99998486042022705] [0.00012123232590965927:0.99992424249649048] [0.00016669444448780268:0.99998486042022705] [1.5154040738707408e-05:0.99998486042022705] [3.0308081477414817e-05:0.99998486042022705] [0.005493339616805315:1] [0.005493339616805315:0.99995452165603638] [1.5154040738707408e-05:0.99992424249649048] [0.00012123232590965927:0.99998486042022705] [3.0308081477414817e-05:0.99996209144592285] [3.0308081477414817e-05:0.99894678592681885] [5.3039144404465333e-05:1] [5.3039144404465333e-05:0.99998486042022705] [0.48089075088500977:0.99998486042022705] [0.18235614895820618:0.99993938207626343] [0.18235614895820618:0.99996209144592285] [0.23908530175685883:0.98692965507507324] [0.033104002475738525:0.99998486042022705] [0.033104002475738525:0.99998486042022705] [1.5154040738707408e-05:0.99996209144592285] [1.5154040738707408e-05:1] [0.06867053359746933:0.99993938207626343] [0.0029247298371046782:0.99992424249649048] [0.00014408785500563681:0.99990898370742798] [6.0668568039545789e-05:0.99990898370742798] [0.051379773765802383:0.99995452165603638] [0.0021897589322179556:0.99993938207626343] [3.7967954995110631e-05:0.99996960163116455] [3.0374363632290624e-05:0.99993926286697388] [0.025871220976114273:0.99982559680938721] [0.00028054957510903478:0.99989384412765503] [0.12356313318014145:1] [0.03004155121743679:1] [0.2591899037361145:0.99998486042022705] [0.093354769051074982:1] [0.29674562811851501:0.99993932247161865] [0.080419152975082397:0.99995452165603638] [0.39724302291870117:0.99984836578369141] [0.2675153911113739:0.99993932247161865] [0.49605715274810791:0.99996966123580933] [0.48547208309173584:0.99995452165603638] [6.0622594901360571e-05:0.99995452165603638] [0.068677820265293121:0.99993938207626343]
tree_sizes=876 857 857 894 896 846 851 865 890 865 878 861 842 864 852 834 862 844 877 888 891 833 840 899 882 858 865 885 900 845 893 869 865 910 903 905 875 876 903 880 912 860 887 890 896 899 877 881 884 911 867 874 911 908 897 868 911 911 889 857 872 897 891 883 895 869 911 909 909 894 872 912 886 899 911 909 876 883 894 860 860 878 895 893 884 880 864 909 908 890 888 894 877 866 894 895 878 885 889 891 859 864 908 903 884 872 866 868 886 909 896 890 899 911 899 870 899 902 894 887 882 875 911 902 902 890 904 883 873 889 880 882 897 902 915 890 895 902 910 889 910 902 895 882 910 875 915 896 891 907 880 894 907 890 892 858 915 914 906 915

Tree=0
num_leaves=7
num_cat=0
split_feature=82 69 14 89 14 72
split_gain=152.616 51.3592 36.4396 19.754 15.423 8.81644
threshold=0.18839882314205172 0.49105153977870947 0.2549369484186173 0.81497755646705639 0.2549369484186173 0.69422933459281932
decision_type=8 10 10 8 8 10
left_child=1 -1 3 -3 5 -2
right_child=4 2 -4 -5 -6 -7
leaf_value=-3.3100635447988052 -3.3215816901419521 -3.1869993794965468 -3.3097209178449423 -3.3097209178449423 -3.3394526065488606 -3.2890947916319107
leaf_weight=9.3288877727463859 18.936554263345901 9.7844530642032623 5.3443919802084556 1.0743179786950356 71.081773149780929 8.4789527030661684
leaf_count=1336 2705 1091 742 158 10226 1039
internal_value=-3.3108 -3.24601 -3.21904 -3.19606 -3.33161 -3.30972
internal_weight=124.029 25.5321 16.2032 10.8588 98.4973 27.4155
internal_count=17297 3327 1991 1249 13970 3744
is_linear=0
shrinkage=1


Tree=1
num_leaves=7
num_cat=0
split_feature=39 13 4 76 14 72
split_gain=138.302 45.9138 44.1562 24.8493 14.0527 6.68357
threshold=0.18841881304979327 0.37370041012763983 0.45942075550556188 0.71039113402366649 0.34132415056228643 0.69422933459281932
decision_type=8 10 10 10 8 10
left_child=1 2 -1 -4 5 -2
right_child=4 -3 3 -5 -6 -7
leaf_value=0 -0.010424508530286333 -0.0065158400722603316 0.12151020057881377 0 -0.028554266799965297 0.017773302942999177
leaf_weight=6.8843101877719226 18.805099634919319 7.0433399644680312 9.9128157994709891 2.5561215500347307 68.421257422305644 8.6970929922535998
leaf_count=936 2725 1008 1004 343 10105 1052
internal_value=-0.000339605 0.0601241 0.0811086 0.106929 -0.0208309 0
internal_weight=122.32 26.3966 19.3532 12.4689 95.9235 27.5022
internal_count=17173 3291 2283 1347 13882 3777
is_linear=0
shrinkage=0.035


Tree=2
num_leaves=7
num_cat=0
split_feature=39 69 14 14 72 45
split_gain=134.651 41.3864 26.78 18.9512 12.949 10.3842
threshold=0.18841881304979327 0.64610010385513317 0.34357854723930364 0.34132415056228643 0.69422933459281932 0.082771368324756636
decision_type=8 10 10 8 10 10
left_child=1 -1 5 4 -2 -3
right_child=3 2 -4 -5 -6 -7
leaf_value=0.0032033930540557036 -0.011627353167848976 0 0 -0.0288412447784318 0.02715406619897474 0.11095574429514882
leaf_weight=13.074979999102654 18.703125124797229 1.0396863035857666 3.6874586357735089 66.971319116652012 8.983226818032561 9.9968154770322126
leaf_count=1785 2737 124 501 10163 1052 896
internal_value=0.000429109 0.0592216 0.0880154 -0.0195951 0.00275111 0.10474
internal_weight=122.457 27.7989 14.724 94.6577 27.6864 11.0365
internal_count=17258 3306 1521 13952 3789 1020
is_linear=0
shrinkage=0.035


Tree=3
num_leaves=7
num_cat=0
split_feature=39 62 47 4 13 72
split_gain=128.212 42.019 34.2452 17.9667 11.4076 6.81842
threshold=0.27480600774288183 0.64096668362617504 0.3064753264188767 0.19771301001310351 0.34691278636455541 0.69422933459281932
decision_type=8 10 10 10 8 10
left_child=1 2 -1 -4 5 -2
right_child=4 -3 3 -5 -6 -7
leaf_value=-0.00026516868342857478 -0.012826649394818056 -0.0070005848305831385 -0.00084633345463247728 0.08744450669380785 -0.029745838751325845 0.017450446926107664
leaf_weight=6.3729898738674846 14.102747418917717 9.6654404550790769 1.6697558294981742 21.320936883799732 61.542466748505831 7.4872883404605082
leaf_count=908 2091 1361 237 2238 9601 852
internal_value=0.0010483 0.0482848 0.0654903 0.0807749 -0.0228441 0
internal_weight=122.162 39.0291 29.3637 22.9907 83.1325 21.59
internal_count=17288 4744 3383 2475 12544 2943
is_linear=0
shrinkage=0.035


Tree=4
num_leaves=7
num_cat=0
split_feature=39 88 14 86 62 69
split_gain=117.718 36.9912 17.9572 15.9712 12.3216 11.3395
threshold=0.18841881304979327 0.54349276423454296 0.34132415056228643 0.86798626184463512 0.45461365580558782 0.49105153977870947
decision_type=8 8 8 8 10 10
left_child=1 3 4 5 -2 -1
right_child=2 -3 -4 -5 -6 -7
leaf_value=0.0010799255534157952 0.019523916908148985 0.0024463454025576616 -0.029416794005986124 -0.00027698624743478101 -0.017494466527787814 0.097352282969865783
leaf_weight=3.0415224763564774 15.695115880109372 14.334063693881033 63.617088139522821 1.5115344356745488 12.115172382444142 11.28322997689247
leaf_count=402 2000 1809 10175 199 1772 903
internal_value=0 0.0522314 -0.0200752 0.0791464 0.00162571 0.0869748
internal_weight=121.598 30.1704 91.4274 15.8363 27.8103 14.3248
internal_count=17260 3313 13947 1504 3772 1305
is_linear=0
shrinkage=0.035


Tree=5
num_leaves=7
num_cat=0
split_feature=39 47 13 50 13 72
split_gain=98.6516 36.5673 31.504 9.98891 6.9129 5.76714
threshold=0.27480600774288183 0.59480366110801708 0.34963323175907141 0.40120323002338415 0.34691278636455541 0.69422933459281932
decision_type=8 10 10 10 8 10
left_child=1 -1 3 -3 5 -2
right_child=4 2 -4 -5 -6 -7
leaf_value=0 -0.014357046856922471 0.086604528840363668 0 0 -0.028822414580251188 0.013101916645786624
leaf_weight=19.505853662732989 14.058863306883724 14.654297492001211 6.1818120577372602 1.3745431439019729 58.099083301611245 7.4285345976240924
leaf_count=2610 2114 1193 822 139 9588 849
internal_value=-0.000350683 0.0386561 0.0627842 0.0810065 -0.0230594 -0.00210452
internal_weight=121.303 41.7165 22.2107 16.0288 79.5865 21.4874
internal_count=17315 4764 2154 1332 12551 2963
is_linear=0
shrinkage=0.035


Tree=6
num_leaves=7
num_cat=0
split_feature=13 52 42 62 72 95
split_gain=83.3288 39.5977 21.2719 13.7425 7.59696 3.55452
threshold=0.37370041012763983 0.40959098935127264 0.49468877911567694 0.64096668362617504 0.65160861611366283 0.92896789312362682
decision_type=8 10 10 10 10 10
left_child=1 2 3 -1 5 -3
right_child=-2 4 -4 -5 -6 -7
leaf_value=0.078275967089855597 -0.02767071028570095 -0.016212267078250801 0 0 0.020907598008971524 0.0051170316371871175
leaf_weight=14.477752800099557 65.637013707309961 19.491390347480781 7.259386980906128 2.0182883185334495 5.9228338422253719 5.3185598175041369
leaf_count=1260 10826 2782 820 264 680 651
internal_value=-0.00221423 0.0272274 0.0546471 0.07025 0 -0.00990694
internal_weight=120.125 54.4882 23.7554 16.496 30.7328 24.81
internal_count=17283 6457 2344 1524 4113 3433
is_linear=0
shrinkage=0.035


Tree=7
num_leaves=7
num_cat=0
split_feature=39 88 57 86 52 72
split_gain=113.507 26.8087 14.2757 13.3236 11.3763 8.86805
threshold=0.18841881304979327 0.54349276423454296 0.38198791444301611 0.87085998058319103 0.8480125665664674 0.69422933459281932
decision_type=8 8 8 10 10 10
left_child=1 3 5 4 -1 -2
right_child=2 -3 -4 -5 -6 -7
leaf_value=0.085966116086735933 -0.01291873537397 0.0056473451550655002 -0.029540477547192679 -7.56833270853981e-05 0 0.017897946488052815
leaf_weight=14.17720482172445 20.217571089975539 15.09775752853602 55.111319583840668 1.4561933712102462 1.9849939183332015 11.211126124486325
leaf_count=1052 3075 1826 9548 187 217 1267
internal_value=0.000751932 0.0499365 -0.019939 0.0722247 0.07878 0
internal_weight=119.256 32.7161 86.54 17.6184 16.1622 31.4287
internal_count=17172 3282 13890 1456 1269 4342
is_linear=0
shrinkage=0.035


Tree=8
num_leaves=7
num_cat=0
split_feature=13 47 50 88 23 62
split_gain=92.5003 48.6094 28.9016 13.8182 6.91919 5.79086
threshold=0.34963323175907141 0.59480366110801708 0.40120323002338415 0.55990868806839 0.38684035837650305 0.49726848304271704
decision_type=8 10 10 10 10 8
left_child=1 4 3 -3 5 -1
right_child=-2 2 -4 -5 -6 -7
leaf_value=0.028682173909069224 -0.026669024363632183 0.087496999763016725 -0.0017035382139028979 0.0079804897880206456 -0.013252413426348966 -0.0058986248900346821
leaf_weight=4.8011838565580556 65.491946163121611 14.446797451004391 5.9269570335745803 6.7856480339542022 18.982062571216375 3.2773694652132699
leaf_count=548 11233 977 699 689 2656 478
internal_value=0 0.0313222 0.0585419 0.073019 -0.00162383 0.0154333
internal_weight=119.712 54.22 27.1594 21.2324 27.0606 8.07855
internal_count=17280 6047 2365 1666 3682 1026
is_linear=0
shrinkage=0.035


Tree=9
num_leaves=7
num_cat=0
split_feature=13 64 62 62 95 83
split_gain=87.3001 40.8728 27.6463 21.2921 8.5794 8.53774
threshold=0.34963323175907141 0.39907030761241918 0.50853171944618236 0.11591325700283052 0.85950911045074474 0.20663291960954669
decision_type=8 10 10 10 10 8
left_child=1 2 3 -1 -3 -2
right_child=5 4 -4 -5 -6 -7
leaf_value=0 0.0020376326468551642 -0.014821152091221314 0 0.0831250238755286 0.017317372082988086 -0.028943525009048968
leaf_weight=3.1544698933139506 8.2490062490105611 16.056786919012669 9.0450300010852498 17.314213357400149 9.4244928280822915 55.089711806736887
leaf_count=370 1157 2210 1085 1292 1067 9983
internal_value=0.00181263 0.0320966 0.0553592 0.0723045 -6.87809e-05 -0.0243967
internal_weight=118.334 54.995 29.5137 20.4687 25.4813 63.3387
internal_count=17164 6024 2747 1662 3277 11140
is_linear=0
shrinkage=0.035


Tree=10
num_leaves=7
num_cat=0
split_feature=13 69 36 45 58 40
split_gain=79.7169 36.2666 18.2268 13.173 6.76509 5.55453
threshold=0.34963323175907141 0.57842215895652782 0.46454335749149328 0.11414781212806703 0.55648669600486766 0.17642690241336825
decision_type=8 10 10 10 10 8
left_child=1 4 3 -3 -1 -2
right_child=5 2 -4 -5 -6 -7
leaf_value=0.011492516192183817 0 -0.0001163509353644864 -0.0014692387096508165 0.065947824086802234 -0.016386230602337019 -0.028951971643232609
leaf_weight=13.035242572426798 6.8471207451075307 2.3905935627408388 4.8431882029399267 22.846496291924268 12.74729558592662 55.353737119585276
leaf_count=1607 951 226 610 1695 1872 10271
internal_value=0 0.028357 0.0501357 0.0595886 -0.00135342 -0.0256814
internal_weight=118.064 55.8628 30.0803 25.2371 25.7825 62.2009
internal_count=17232 6010 2531 1921 3479 11222
is_linear=0
shrinkage=0.035


Tree=11
num_leaves=7
num_cat=0
split_feature=39 89 41 18 47 38
split_gain=83.6882 32.9908 12.9561 10.9555 11.7339 8.34164
threshold=0.27480600774288183 0.35180537402629858 0.46498692035675054 0.30165423452854162 0.38623861968517309 0.17394338548183444
decision_type=8 8 10 10 10 10
left_child=1 2 5 4 -3 -1
right_child=-2 3 -4 -5 -6 -7
leaf_value=0 -0.021170869232357392 -0.008841039731662656 0 -0.014131993619058751 0.03360394313356526 0.078552586138534899
leaf_weight=0.89392733620479958 71.294305122457445 5.7586289742030266 2.5700419987551859 10.477479522582142 13.782747095450757 13.424550396390257
leaf_count=94 12438 837 280 1350 1305 866
internal_value=0.00151019 0.0350011 0.065295 0.00642371 0.0202548 0.0739291
internal_weight=118.202 46.9074 16.8885 30.0189 19.5414 14.3185
internal_count=17170 4732 1240 3492 2142 960
is_linear=0
shrinkage=0.035


Tree=12
num_leaves=7
num_cat=0
split_feature=39 91 52 5 8 40
split_gain=77.1586 23.4431 15.0686 11.7595 10.7565 5.15283
threshold=0.18841881304979327 0.65452218055725109 0.59711468219757091 0.067586615681648268 0.54003366827964794 0.47266678512096411
decision_type=8 8 10 8 10 8
left_child=1 2 4 -2 -1 -5
right_child=3 -3 -4 5 -6 -7
leaf_value=0.071245494197609491 0.015114666684315752 0 0 -0.0054391519949001646 0 -0.02847279531455571
leaf_weight=17.07542187394575 4.7958920230157664 12.296382587868719 5.9703089487738898 29.243210617918521 1.3559483811259259 46.742433007340878
leaf_count=1032 674 1489 587 4405 160 8852
internal_value=0.000870775 0.0386952 0.054331 -0.0176595 0.0657039 -0.0215959
internal_weight=117.48 36.6981 24.4017 80.7815 18.4314 75.9856
internal_count=17199 3268 1779 13931 1192 13257
is_linear=0
shrinkage=0.035


Tree=13
num_leaves=7
num_cat=0
split_feature=13 47 41 32 83 91
split_gain=80.0405 39.1742 25.3784 17.5853 6.21837 2.31539
threshold=0.34963323175907141 0.38270016014575964 0.46498692035675054 0.33212846517562872 0.20663291960954669 0.27770617604255682
decision_type=8 10 10 10 8 10
left_child=1 5 3 -3 -2 -1
right_child=4 2 -4 -5 -6 -7
leaf_value=0.003261567810024978 0 -0.00083924155885310801 0 0.06612114716313057 -0.02766193336879243 -0.015311078310447148
leaf_weight=3.3033189196139601 8.509955636225639 3.5422104271128765 10.339717484544961 28.825053766835481 50.142898557242006 13.334665954113005
leaf_count=421 1161 347 1220 2106 9979 1955
internal_value=0.00344657 0.0305064 0.0462311 0.0587785 -0.0235202 -0.00963107
internal_weight=117.998 59.345 42.707 32.3673 58.6529 16.638
internal_count=17189 6049 3673 2453 11140 2376
is_linear=0
shrinkage=0.035


Tree=14
num_leaves=7
num_cat=0
split_feature=39 62 58 40 89 7
split_gain=75.2427 22.6424 16.4609 12.1837 14.1386 9.98169
threshold=0.18841881304979327 0.64096668362617504 0.55237236618995678 0.47266678512096411 0.25921642780303961 0.41542389988899237
decision_type=8 10 10 8 8 10
left_child=1 2 5 4 -2 -1
right_child=3 -3 -4 -5 -6 -7
leaf_value=0.064529843365448439 0.025973149310243891 -0.0073096570655607589 0 -0.028260783640438259 -0.01399830353269318 0
leaf_weight=21.751783329527829 8.1751480707898718 7.377510846592485 7.4240336036309591 45.461404977366328 24.70149934431538 3.0132439429871729
leaf_count=1316 1030 949 754 9023 3849 283
internal_value=0.00120479 0.0368472 0.0477145 -0.0179354 0 0.0583777
internal_weight=117.905 39.5666 32.1891 78.3381 32.8766 24.765
internal_count=17204 3302 2353 13902 4879 1599
is_linear=0
shrinkage=0.035


Tree=15
num_leaves=7
num_cat=0
split_feature=7 47 89 50 39 57
split_gain=62.6333 26.155 8.77924 13.2359 8.43491 6.99006
threshold=0.31405913829803472 0.59875887632370006 0.20289041846990588 0.59741017222404491 0.35959807038307195 0.054099924862384803
decision_type=8 10 8 10 10 10
left_child=1 -1 3 -2 5 -3
right_child=2 4 -4 -5 -6 -7
leaf_value=0 0.025661494382960934 0 -0.027384530441742556 -0.018466970000649178 0 0.054573443205672048
leaf_weight=24.420180359855294 6.5415962045080986 1.2667399742640615 47.39795199688524 11.465104089118539 2.9103888883255413 24.566252087708563
leaf_count=3373 772 107 8895 2214 417 1539
internal_value=0.000967984 0.0274406 -0.0204803 0 0.0461023 0.051124
internal_weight=118.568 53.1636 65.4047 18.0067 28.7434 25.833
internal_count=17317 5436 11881 2986 2063 1646
is_linear=0
shrinkage=0.035


Tree=16
num_leaves=7
num_cat=0
split_feature=13 69 42 4 64 89
split_gain=63.4168 31.6625 20.3743 11.831 6.35074 3.6491
threshold=0.34963323175907141 0.57842215895652782 0.50682330131530773 0.38058863580226904 0.34048478305339819 0.32340921461582189
decision_type=8 10 10 10 10 8
left_child=1 4 3 -3 5 -1
right_child=-2 2 -4 -5 -6 -7
leaf_value=0.025211426816495588 -0.024535532002812919 0 0 0.062585805935503613 -0.015491383936543908 -0.0010684095877317671
leaf_weight=2.6648323447443554 55.598661782685667 3.9637190997600582 9.9295455892570299 21.907975363079458 16.84005887247622 6.6598799377679834
leaf_count=232 11155 390 978 1163 2407 870
internal_value=0.000380425 0.0237357 0.0421173 0.0550521 -0.00385175 0.0115854
internal_weight=117.565 61.966 35.8012 25.8717 26.1648 9.32471
internal_count=17195 6040 2531 1553 3509 1102
is_linear=0
shrinkage=0.035


Tree=17
num_leaves=7
num_cat=0
split_feature=14 47 58 38 89 40
split_gain=59.7155 25.1766 14.6071 13.1092 5.8494 2.99605
threshold=0.34357854723930364 0.38270016014575964 0.59925895929336559 0.58440032601356517 0.28429529070854193 0.17642690241336825
decision_type=8 10 10 10 10 8
left_child=1 4 3 -3 -1 -2
right_child=5 2 -4 -5 -6 -7
leaf_value=0.010820155783035157 0 0.051055828230419799 0 0 -0.019527230487025555 -0.02671079582149866
leaf_weight=3.7103448100388077 7.2664346001110962 30.160616956185549 9.647363147698341 5.6433638883754602 12.47046064538881 48.254617921542376
leaf_count=456 994 1899 1135 510 1907 10346
internal_value=0.000191233 0.0229547 0.0350114 0.0436379 -0.00911978 -0.0239598
internal_weight=117.153 61.6321 45.4513 35.804 16.1808 55.5211
internal_count=17247 5907 3544 2409 2363 11340
is_linear=0
shrinkage=0.035


Tree=18
num_leaves=7
num_cat=0
split_feature=39 52 62 40 7 62
split_gain=58.9995 14.7072 14.7198 9.99142 8.61151 7.7277
threshold=0.18841881304979327 0.5734061896800996 0.64096668362617504 0.47266678512096411 0.41542389988899237 0.45461365580558782
decision_type=8 10 10 8 10 10
left_child=1 2 4 5 -1 -2
right_child=3 -3 -4 -5 -6 -7
leaf_value=0.053942921746062078 0.010292349922305785 -0.0001613250106148163 -0.0037379401196227912 -0.028395498161685882 0 -0.017448398860904327
leaf_weight=23.075054049491889 18.835958990734071 11.900285259354858 4.616361209191381 42.150201342068613 2.7520795236341646 14.001208338420836
leaf_count=1158 2526 1294 568 9080 260 2377
internal_value=0 0.0295644 0.0401652 -0.0184573 0.0485927 -0.00135124
internal_weight=117.331 42.3438 30.4435 74.9874 25.8271 32.8372
internal_count=17263 3280 1986 13983 1418 4903
is_linear=0
shrinkage=0.035


Tree=19
num_leaves=7
num_cat=0
split_feature=39 62 62 64 14 87
split_gain=50.6784 19.7833 13.136 10.5953 5.82498 3.75382
threshold=0.27480600774288183 0.57896772027015697 0.11591325700283052 0.51391139626503002 0.34132415056228643 0.34776774048805242
decision_type=8 10 10 10 8 10
left_child=1 2 -1 -4 5 -2
right_child=4 -3 3 -5 -6 -7
leaf_value=-0.0040616487192249055 0.010164111902798376 -0.010183659934057745 0.047912517938851505 0 -0.026081391000259156 -0.011787910940508385
leaf_weight=5.7228138251230112 8.3921896750107425 10.367879221681504 29.805296417791396 7.2343194116838268 41.389191371388733 13.123715601861475
leaf_count=576 1017 1416 1891 779 9593 1914
internal_value=0.000422686 0.0241363 0.0337851 0.040481 -0.0193291 -0.00101276
internal_weight=116.035 53.1303 42.7624 37.0396 62.9051 21.5159
internal_count=17186 4662 3246 2670 12524 2931
is_linear=0
shrinkage=0.035


Tree=20
num_leaves=7
num_cat=0
split_feature=82 62 7 14 91 72
split_gain=59.15 14.5818 9.54267 9.4115 9.0371 7.58768
threshold=0.18839882314205172 0.64096668362617504 0.41542389988899237 0.34132415056228643 0.65452218055725109 0.69422933459281932
decision_type=8 10 10 8 8 10
left_child=1 2 4 5 -1 -2
right_child=3 -3 -4 -5 -6 -7
leaf_value=0.051451284401507411 -0.013362646696697728 -0.0050968233653824408 -0.0013742074123682007 -0.026452042277833925 0.0014885610305789504 0.015618999222955676
leaf_weight=25.38514167862013 17.687394614797089 7.4025145359337321 3.7186637981794766 43.357392554637045 8.2450070851482433 11.29945546761155
leaf_count=1197 2749 966 367 10132 764 1060
internal_value=0.00113482 0.0302321 0.0380558 -0.017429 0.0431031 0
internal_weight=117.096 44.7513 37.3488 72.3442 33.6301 28.9869
internal_count=17235 3294 2328 13941 1961 3809
is_linear=0
shrinkage=0.035


Tree=21
num_leaves=7
num_cat=0
split_feature=39 88 14 34 69 62
split_gain=49.709 14.3511 10.6106 9.41886 8.29532 6.93998
threshold=0.18841881304979327 0.54349276423454296 0.34132415056228643 0.25994209945201879 0.49105153977870947 0.45461365580558782
decision_type=8 8 8 10 10 10
left_child=1 3 5 -1 -5 -2
right_child=2 -3 -4 4 -6 -7
leaf_value=0 0.012685190592051875 0 -0.02557251425021068 0 0.054104497292944767 -0.015047313923550718
leaf_weight=5.0375836053863194 17.469147972762588 17.23931825067848 42.441838531754911 3.8686725352890816 19.474289402831346 11.446581048890947
leaf_count=290 1992 1771 10159 427 780 1767
internal_value=0.00138721 0.0277012 -0.0158707 0.0401771 0.0473473 0
internal_weight=116.977 45.6199 71.3576 28.3805 23.343 28.9157
internal_count=17186 3268 13918 1497 1207 3759
is_linear=0
shrinkage=0.035


Tree=22
num_leaves=7
num_cat=0
split_feature=13 63 88 34 35 40
split_gain=46.5608 24.7722 18.4607 11.0053 3.6366 2.68362
threshold=0.36415234208107 0.46502825617790228 0.54349276423454296 0.31210784614086157 0.11943029984831811 0.15269315987825396
decision_type=8 10 10 10 10 8
left_child=1 2 3 -1 -3 -2
right_child=5 4 -4 -5 -6 -7
leaf_value=0 0 0.0051725284784173734 0 0.05346174669644066 -0.015569392763721174 -0.025532061063017024
leaf_weight=6.0675491653382805 5.8331886492669573 8.3133113142102975 14.528981944778932 24.395426105940714 15.08062046417035 42.180924895685166
leaf_count=497 776 619 1573 1482 2138 10155
internal_value=0.000956322 0.0190518 0.0326514 0.0453517 -0.00708641 -0.0229197
internal_weight=116.4 68.3859 44.992 30.463 23.3939 48.0141
internal_count=17240 6309 3552 1979 2757 10931
is_linear=0
shrinkage=0.035


Tree=23
num_leaves=7
num_cat=0
split_feature=13 88 41 34 72 86
split_gain=52.5798 30.94 21.5895 13.5697 3.92526 2.12944
threshold=0.36833150684833532 0.55990868806839 0.46498692035675054 0.2676487416028977 0.74397248029708873 0.94825756549835216
decision_type=8 10 10 10 10 10
left_child=1 2 3 -1 5 -3
right_child=-2 4 -4 -5 -6 -7
leaf_value=-0.0003373093008824394 -0.024420155200096823 -0.01882260357514929 -0.00062052107924001805 0.0547877492384653 0.0063805686179235471 0.0015306790605018258
leaf_weight=4.1154764241073272 46.276350313099101 17.256634597200907 12.262162347557021 29.056570868939161 6.4153471128083757 1.04794645262882
leaf_count=252 10839 2324 1516 1614 544 120
internal_value=0.00171647 0.0203638 0.0357184 0.0479369 -0.00808584 -0.0155504
internal_weight=116.43 70.1541 45.4342 33.172 24.7199 18.3046
internal_count=17209 6370 3382 1866 2988 2444
is_linear=0
shrinkage=0.035


Tree=24
num_leaves=7
num_cat=0
split_feature=39 89 57 62 72 14
split_gain=46.7463 20.7995 7.636 8.60491 6.62753 5.84728
threshold=0.27480600774288183 0.35180537402629858 0.054099924862384803 0.47939430177211767 0.57739168405532848 0.34132415056228643
decision_type=8 8 10 10 10 8
left_child=1 2 -1 -4 -3 -2
right_child=5 4 3 -5 -6 -7
leaf_value=-0.0012954136099921829 -0.0010447633489900766 -0.010481485961906688 0.055405807895571833 0 0.014671829919932447 -0.026539856345579104
leaf_weight=1.7281266581267143 21.501414557918906 16.866077694110572 17.556905198842291 4.8758226414211085 17.41747654043138 36.624149767681956
leaf_count=164 2873 1958 743 351 1534 9610
internal_value=0.001322 0.0223468 0.0426772 0.0472398 0.00141396 -0.0191702
internal_weight=116.57 58.4444 24.1609 22.4327 34.2836 58.1256
internal_count=17233 4750 1258 1094 3492 12483
is_linear=0
shrinkage=0.035


Tree=25
num_leaves=7
num_cat=0
split_feature=40 89 62 24 42 55
split_gain=38.4956 27.6885 11.8068 9.29943 9.28114 6.08127
threshold=0.47266678512096411 0.35180537402629858 0.47939430177211767 0.66821256279945385 0.56828615069389354 0.079967875033617034
decision_type=8 8 10 10 10 10
left_child=1 2 4 -3 -1 -5
right_child=-2 3 -4 5 -6 -7
leaf_value=0.049745787218873849 -0.026503035512044196 -0.016148441539828085 0 -0.0095741681738045325 0 0.019740770364217439
leaf_weight=22.437243247404698 36.111898892791942 25.554840500932187 6.9135068384930483 4.7607650286518064 3.7393882288597515 16.438745028572157
leaf_count=1277 9004 3515 696 665 387 1624
internal_value=0 0.0135685 0.0347044 -0.00331649 0.0432576 0.0105401
internal_weight=115.956 79.8445 33.0901 46.7544 26.1766 21.1995
internal_count=17168 8164 2360 5804 1664 2289
is_linear=0
shrinkage=0.035


Tree=26
num_leaves=7
num_cat=0
split_feature=82 91 62 56 35 72
split_gain=42.8631 18.0204 13.5021 7.52225 5.12114 4.2804
threshold=0.27477686107158666 0.65452218055725109 0.50594794750213634 0.05040233954787255 0.19154845178127292 0.90240040421485912
decision_type=8 8 10 10 8 10
left_child=1 2 3 -1 -2 -6
right_child=4 -3 -4 -5 5 -7
leaf_value=0 0.0049162085122034412 -0.005326164050293531 -0.0016054213445855026 0.04448179430719177 -0.025092848863517737 0
leaf_weight=3.6069998960010698 3.7239533371757707 17.381774500245228 8.5706714163534325 30.863216476049274 46.179859678260982 6.8216574178077272
leaf_count=283 662 2091 833 1538 10665 1147
internal_value=0.00127187 0.0208794 0.031667 0.0399201 -0.0188018 -0.021755
internal_weight=117.148 60.4227 43.0409 34.4702 56.7255 53.0015
internal_count=17219 4745 2654 1821 12474 11812
is_linear=0
shrinkage=0.035


Tree=27
num_leaves=7
num_cat=0
split_feature=83 89 81 62 72 37
split_gain=29.2167 24.246 11.5982 10.8307 9.08577 3.89409
threshold=0.47263179719448095 0.35180537402629858 0.66111296415328991 0.47939430177211767 0.88288199901580822 0.16780696809291842
decision_type=8 8 10 10 10 10
left_child=1 2 3 -1 5 -3
right_child=-2 4 -4 -5 -6 -7
leaf_value=0.047051336481986762 -0.02458132394236871 0.0037044617979417045 -0.0023097069184164474 0 0.020204792877181209 -0.016511525639796052
leaf_weight=21.669997373828668 34.883998301578686 7.4021047230344257 6.8635403111111364 4.9556595096364608 5.3093653104733667 34.475922990357503
leaf_count=1175 9053 890 682 466 429 4543
internal_value=-0.000519123 0.0105722 0.0303784 0.0389077 -0.00489918 -0.0118647
internal_weight=115.561 80.6766 33.4892 26.6257 47.1874 41.878
internal_count=17238 8185 2323 1641 5862 5433
is_linear=0
shrinkage=0.035


Tree=28
num_leaves=7
num_cat=0
split_feature=39 88 34 86 72 51
split_gain=32.3123 12.1496 8.52626 7.75993 7.65612 5.20463
threshold=0.18841881304979327 0.65561023354530346 0.3430746346712113 0.88798108696937572 0.71632394194602977 0.55006137490272533
decision_type=8 8 10 10 10 10
left_child=1 2 -1 -4 -2 -6
right_child=4 -3 3 -5 5 -7
leaf_value=-0.0005810201666037446 -0.023257235983385496 -0.0056606419054273886 0.03908704143580493 -0.0032405298392368396 0.012242366718658543 -0.013702084335928439
leaf_weight=6.8734361771494141 43.76762055978179 12.040260450448839 28.028784549795095 2.2835515961050978 13.358388259541245 8.9087500805035216
leaf_count=433 10107 1370 1270 232 1693 2147
internal_value=-0.000213594 0.0191408 0.0279135 0.0345172 -0.0158598 0
internal_weight=115.261 49.226 37.1858 30.3123 66.0348 22.2671
internal_count=17252 3305 1935 1502 13947 3840
is_linear=0
shrinkage=0.035


Tree=29
num_leaves=7
num_cat=0
split_feature=13 62 52 41 40 34
split_gain=34.3215 18.8009 11.4514 8.83124 3.91961 3.1552
threshold=0.36833150684833532 0.47939430177211767 0.5734061896800996 0.46498692035675054 0.15269315987825396 0.84819346666336071
decision_type=8 10 10 10 8 10
left_child=1 2 3 -1 -2 -3
right_child=4 5 -4 -5 -6 -7
leaf_value=0.04041299361751502 0 -0.016046042600818287 0 0 -0.025733759012630461 0.0039532735366178502
leaf_weight=30.494176569627598 5.8727351552806786 15.320572427241133 15.345477746799586 5.7216804861091068 36.535836718743667 6.3663946236483744
leaf_count=1447 768 2080 1730 536 10122 604
internal_value=0.000156399 0.0146154 0.0252662 0.0343103 -0.0221319 -0.0089234
internal_weight=115.657 73.2483 51.5613 36.2159 42.4086 21.687
internal_count=17287 6397 3713 1983 10890 2684
is_linear=0
shrinkage=0.035


Tree=30
num_leaves=7
num_cat=0
split_feature=7 88 41 89 51 86
split_gain=36.8044 13.2108 11.9359 7.71151 9.52156 7.44269
threshold=0.31405913829803472 0.66739708185195934 0.4189183115959168 0.23798944801092151 0.55006137490272533 0.88798108696937572
decision_type=8 8 8 8 10 10
left_child=1 2 5 4 -2 -1
right_child=3 -3 -4 -5 -6 -7
leaf_value=0.039007408277175387 0.021446016362846626 -0.0046655531084997676 -0.0017363475181954124 -0.026492822012952298 -0.016001979470484665 -0.0028655530788126186
leaf_weight=33.858807455515489 6.8629176698159453 15.870693190256132 9.725713625084607 35.082505244296044 10.854656122857703 2.1635700063779941
leaf_count=1861 715 2238 1074 8342 2689 218
internal_value=0.001039 0.018731 0.0273108 -0.0184924 0 0.0352362
internal_weight=114.419 61.6188 45.7481 52.8001 17.7176 36.0224
internal_count=17137 5391 3153 11746 3404 2079
is_linear=0
shrinkage=0.035


Tree=31
num_leaves=7
num_cat=0
split_feature=35 62 91 30 72 95
split_gain=33.2483 15.1334 10.0479 7.68283 5.21314 2.44489
threshold=0.28247097134590154 0.47939430177211767 0.60397395491600048 0.95134657621383678 0.90240040421485912 0.85712823271751415
decision_type=8 10 8 10 10 10
left_child=1 2 3 -1 5 -2
right_child=4 -3 -4 -5 -6 -7
leaf_value=0.040166520913816735 -0.023863312486357421 -0.0048567940146464908 0 -0.0029828763951447864 0.0028538668631100765 0
leaf_weight=30.378548061940819 40.734311984386295 18.954960689647123 10.802302274154497 2.0899371614214024 6.972584025701507 5.6977373135741791
leaf_count=1386 10269 2359 1072 132 1146 820
internal_value=0.00109742 0.0178538 0.0280318 0.0360512 -0.0173541 -0.0213267
internal_weight=115.63 62.2257 43.2708 32.4685 53.4046 46.432
internal_count=17184 4949 2590 1518 12235 11089
is_linear=0
shrinkage=0.035


Tree=32
num_leaves=7
num_cat=0
split_feature=40 58 62 9 47 72
split_gain=30.5647 18.5585 14.7205 9.89963 2.99161 1.92206
threshold=0.47266678512096411 0.52516329288482677 0.64096668362617504 0.10568412393331529 0.70559486746788036 0.990911364555359
decision_type=8 10 10 10 10 10
left_child=1 2 3 -1 -3 -2
right_child=5 4 -4 -5 -6 -7
leaf_value=0 -0.025127122976740239 -0.01434719372257264 -0.0090507862310466938 0.036320809931789308 0.0045242767365118418 0
leaf_weight=8.6203519140835834 30.701633804244924 20.093024723464627 8.4041786666493845 41.188890997320414 6.0901505234651259 0.9007942988537242
leaf_count=417 8923 3075 1400 2756 548 118
internal_value=0.00176277 0.0130546 0.0233413 0.0302111 -0.00839034 -0.0236126
internal_weight=115.999 84.3966 58.2134 49.8092 26.1832 31.6024
internal_count=17237 8196 4573 3173 3623 9041
is_linear=0
shrinkage=0.035


Tree=33
num_leaves=7
num_cat=0
split_feature=7 47 89 50 34 49
split_gain=31.9572 15.2451 10.1285 9.54081 8.83852 6.31366
threshold=0.25197403132915502 0.38270016014575964 0.20289041846990588 0.59741017222404491 0.25994209945201879 0.093727745115757002
decision_type=8 10 8 10 10 10
left_child=1 -1 3 -2 -3 -6
right_child=2 4 -4 -5 5 -7
leaf_value=-0.010079292357846449 0.022917037607897144 -0.0023840313592051843 -0.024527777012921782 -0.014685434160944259 -0.00031399437821790882 0.035954199993311155
leaf_weight=11.603509146021677 8.1918828410562146 6.5780807400587937 42.285015870118514 8.0670020477846247 3.3847046210430554 35.463522390229627
leaf_count=1710 819 395 9881 2196 398 1899
internal_value=0.000149844 0.0179806 -0.0165043 0.00340572 0.0265668 0.0321596
internal_weight=115.574 57.0298 58.5439 16.2589 45.4263 38.8482
internal_count=17298 4402 12896 3015 2692 2297
is_linear=0
shrinkage=0.035


Tree=34
num_leaves=7
num_cat=0
split_feature=36 88 52 10 43 71
split_gain=27.7842 17.9198 9.69169 9.24257 4.76123 4.03406
threshold=0.43670243024826055 0.55990868806839 0.85190713405609142 0.1258903965353966 0.12359635531902315 0.95189350843429577
decision_type=8 8 10 10 10 10
left_child=1 2 3 -1 -3 -2
right_child=5 4 -4 -5 -6 -7
leaf_value=-0.0011061032079475522 -0.024356174397975404 0.0059187435135286664 -0.0064439688863016055 0.034544874005113572 -0.01709944575592353 0.0022758568160725825
leaf_weight=6.9408735174220046 33.687842895975336 9.7996910740621406 5.6600633147172621 39.610339608509094 16.867323694983497 2.6985046763438723
leaf_count=561 9180 1027 706 2558 2697 476
internal_value=0.00100814 0.0128372 0.0238351 0.0288842 -0.00771239 -0.0211441
internal_weight=115.265 78.8783 52.2113 46.5512 26.667 36.3863
internal_count=17205 7549 3825 3119 3724 9656
is_linear=0
shrinkage=0.035


Tree=35
num_leaves=7
num_cat=0
split_feature=13 47 38 32 40 61
split_gain=29.0233 13.774 9.57099 11.9987 2.36159 1.76095
threshold=0.37370041012763983 0.38270016014575964 0.58440032601356517 0.33212846517562872 0.021937800571322445 0.65773460268974315
decision_type=8 10 10 10 10 10
left_child=1 4 3 -3 -1 -6
right_child=-2 2 -4 -5 5 -7
leaf_value=0.0053181028024247195 -0.021660255826220956 -0.0084752349673231225 -0.0039337537432889737 0.031809477463964987 -0.018027270864163294 0.00023714643925075617
leaf_weight=1.0264610107988144 38.31181975081563 5.1230558804236344 10.556902026757596 44.761759624117985 14.484790872782467 1.3827308358158905
leaf_count=73 10763 438 1073 2407 2269 224
internal_value=0.000249647 0.012732 0.0202962 0.0261658 -0.010047 -0.01469
internal_weight=115.648 77.3357 60.4417 49.8848 16.894 15.8675
internal_count=17247 6484 3918 2845 2566 2493
is_linear=0
shrinkage=0.035


Tree=36
num_leaves=7
num_cat=0
split_feature=39 89 62 34 72 41
split_gain=24.5589 18.0605 9.24358 6.86622 6.85642 4.2136
threshold=0.4883225709199906 0.32340921461582189 0.47939430177211767 0.35126246511936193 0.88288199901580822 0.22429487109184268
decision_type=8 8 10 10 10 10
left_child=1 2 3 -1 5 -3
right_child=-2 4 -4 -5 -6 -7
leaf_value=0 -0.024406926010389213 0.0024599181015590734 -0.0032377115911493056 0.040351282197606947 0.017162137612089554 -0.016087476568112633
leaf_weight=7.3841053713113096 28.306851903209463 14.676061125705017 6.2277568841818711 22.402272094972432 6.5691764778457573 29.853389074793085
leaf_count=522 8828 1661 640 1045 504 4093
internal_value=0 0.00942932 0.0260711 0.0329764 -0.0033528 -0.0095315
internal_weight=115.42 87.1128 36.0141 29.7864 51.0986 44.5295
internal_count=17293 8465 2207 1567 6258 5754
is_linear=0
shrinkage=0.035


Tree=37
num_leaves=7
num_cat=0
split_feature=41 89 0 10 66 13
split_gain=23.5596 18.0019 7.29107 7.27276 5.97337 5.3186
threshold=0.46498692035675054 0.35180537402629858 0.20543481409549716 0.39156134426593786 0.68569761514663707 0.61804732680320751
decision_type=8 8 10 10 10 10
left_child=1 4 3 -3 5 -1
right_child=-2 2 -4 -5 -6 -7
leaf_value=0.036741883797291354 -0.020498181646366909 -0.0075656843064422904 -0.01609826680314223 0.021083649342027701 -0.00042628962049501892 0
leaf_weight=25.867383114062253 36.382628389867023 11.923171135596933 20.234717893879861 13.951947030378504 4.1112045051995656 2.3985253043938419
leaf_count=1017 9204 1513 3297 1387 346 458
internal_value=0 0.0108663 -0.00263234 0.00766329 0.0281032 0.032879
internal_weight=114.87 78.4869 46.1098 25.8751 32.3771 28.2659
internal_count=17222 8018 6197 2900 1821 1475
is_linear=0
shrinkage=0.035


Tree=38
num_leaves=7
num_cat=0
split_feature=79 62 42 91 71 60
split_gain=24.1609 14.5393 10.9636 11.7394 2.79838 2.53
threshold=0.44860129058361059 0.50853171944618236 0.49468877911567694 0.65452218055725109 0.97952687740325939 0.11990635097026826
decision_type=8 10 10 8 10 10
left_child=1 2 3 -1 -2 -3
right_child=4 5 -4 -5 -6 -7
leaf_value=0.032912368909760029 -0.023785709278614099 0.0029222031983778939 -0.0062596499740716427 -0.0020254323888864111 0.0010267416422966621 -0.015746647742516624
leaf_weight=40.226838286267594 31.779344839975238 4.2306222917977747 10.719791419338433 10.817335398169233 1.185045948717742 16.551972889807075
leaf_count=2199 9239 584 1143 1252 209 2628
internal_value=0.000318569 0.01078 0.0190208 0.0253479 -0.0215858 -0.0103664
internal_weight=115.511 82.5466 61.764 51.0442 32.9644 20.7826
internal_count=17254 7806 4594 3451 9448 3212
is_linear=0
shrinkage=0.035


Tree=39
num_leaves=7
num_cat=0
split_feature=36 72 73 9 89 45
split_gain=23.8964 11.9913 11.3939 8.03451 4.2351 3.69177
threshold=0.43670243024826055 0.57453134655952465 0.88152951002120983 0.11724409833550455 0.31865502893924719 0.38316234946250921
decision_type=8 10 10 10 8 8
left_child=1 4 3 -3 5 -1
right_child=-2 2 -4 -5 -6 -7
leaf_value=0.020754406818577795 -0.02018091757191284 0 -0.0062559907526347491 0.036490099193138031 -0.010517540075146103 -0.0028466490332949845
leaf_weight=6.4859303515404436 33.715207005850971 6.1998976357281199 7.6753504397347561 29.74119751364924 23.284970866050571 7.8479077608790258
leaf_count=257 9719 406 835 2027 3325 774
internal_value=0.00131463 0.0118337 0.0228995 0.030326 -0.00161134 0.00909084
internal_weight=114.95 81.2353 43.6164 35.9411 37.6188 14.3338
internal_count=17343 7624 3268 2433 4356 1031
is_linear=0
shrinkage=0.035


Tree=40
num_leaves=7
num_cat=0
split_feature=13 72 94 67 46 26
split_gain=22.5804 11.8247 7.92249 6.18062 6.22076 3.02804
threshold=0.37370041012763983 0.65160861611366283 0.97394677996635448 0.89700934290885936 0.12582400441169742 0.64884361624717724
decision_type=8 10 10 10 10 10
left_child=1 2 5 4 -3 -1
right_child=-2 3 -4 -5 -6 -7
leaf_value=-0.015818111277336361 -0.019193836459528775 -0.0011004214426326745 0.020962618648112538 -0.0022292799357103827 0.033566194489190189 0.00045325977813504253
leaf_weight=20.030589141184464 35.674620978999883 3.6329729401040813 6.577129856683313 4.6268280267249784 28.634336996590719 15.646150625776498
leaf_count=2869 10735 400 309 280 1429 1171
internal_value=0.000963532 0.0115795 -0.000439734 0.0241396 0.0289161 -0.00870425
internal_weight=114.823 79.148 42.2539 36.8941 32.2673 35.6767
internal_count=17193 6458 4349 2109 1829 4040
is_linear=0
shrinkage=0.035


Tree=41
num_leaves=7
num_cat=0
split_feature=1 91 63 57 37 72
split_gain=21.9958 15.608 8.40161 6.69988 3.00669 1.48487
threshold=0.54394382238388073 0.65452218055725109 0.46502825617790228 0.076781734824180617 0.16780696809291842 0.990911364555359
decision_type=8 8 10 10 8 10
left_child=1 2 3 -1 -3 -2
right_child=5 4 -4 -5 -6 -7
leaf_value=0 -0.024348356832258475 0.0029520215624976318 -0.00066221719883759059 0.030634383368635786 -0.015957944801556743 0
leaf_weight=9.872295309789477 24.565003444440666 6.7852430995553759 15.466480671893803 38.846196523867548 18.857774596195668 1.222955158445983
leaf_count=776 7727 974 1740 2458 3430 137
internal_value=0.00121292 0.00992664 0.0187858 0.0251081 -0.00988165 -0.0227497
internal_weight=115.616 89.828 64.185 48.7185 25.643 25.788
internal_count=17242 9378 4974 3234 4404 7864
is_linear=0
shrinkage=0.035


Tree=42
num_leaves=7
num_cat=0
split_feature=40 89 98 4 62 65
split_gain=22.6851 13.4732 7.55381 6.89677 6.31052 7.07433
threshold=0.47266678512096411 0.31865502893924719 0.21694552898406985 0.35563486814498907 0.47939430177211767 0.55775961279869091
decision_type=8 8 10 10 10 10
left_child=1 4 3 -3 5 -1
right_child=-2 2 -4 -5 -6 -7
leaf_value=0.03636528388031305 -0.022776464022200727 -0.0091373990945208695 -0.01439241480304169 0.018993820738327696 -0.00076566512111037955 0
leaf_weight=24.439187166513879 26.497843119315803 8.3320045829750615 22.744373940397054 19.823734760982916 6.1580599255394182 7.3215347549412391
leaf_count=1010 9031 1208 3544 1340 593 503
internal_value=0.00121111 0.0102004 -0.00107366 0.00903721 0.0240278 0.0293422
internal_weight=115.317 88.8189 50.9001 28.1557 37.9188 31.7607
internal_count=17229 8198 6092 2548 2106 1513
is_linear=0
shrinkage=0.035


Tree=43
num_leaves=7
num_cat=0
split_feature=13 62 62 52 37 36
split_gain=21.2169 10.2978 8.43594 6.26277 4.23382 3.20503
threshold=0.37370041012763983 0.47939430177211767 0.11591325700283052 0.039396718144416816 0.12952835112810138 0.28091752529144293
decision_type=8 10 10 10 10 8
left_child=1 2 -1 -4 -3 -2
right_child=5 4 3 -5 -6 -7
leaf_value=-0.0056789470352230946 0 0.011530184115555073 -0.0031324676375314741 0.027261211554246868 -0.013653265510792864 -0.024179454110351967
leaf_weight=8.5121254359837604 10.037769587477667 2.7073983952868756 4.5025194173213086 45.346051311818883 18.606684823520482 24.757531479932368
leaf_count=985 1794 238 148 2632 2469 9039
internal_value=0.000953953 0.0111381 0.0183293 0.0235548 -0.00638976 -0.0188619
internal_weight=114.47 79.6748 58.3607 49.8486 21.3141 34.7953
internal_count=17305 6472 3765 2780 2707 10833
is_linear=0
shrinkage=0.035


Tree=44
num_leaves=7
num_cat=0
split_feature=7 47 42 45 72 57
split_gain=17.4572 10.0065 6.74804 7.71458 4.87949 4.20296
threshold=0.31405913829803472 0.38270016014575964 0.50262904167175304 0.082771368324756636 0.70845142006874096 0.46612693369388586
decision_type=8 10 10 10 10 10
left_child=1 -1 3 -3 -2 -6
right_child=4 2 -4 -5 5 -7
leaf_value=-0.0108012577457543 -0.023581382813936177 -0.0057398013812393484 -0.0046018534576611099 0.02640852838307094 0.010439281247953847 -0.014092790326036114
leaf_weight=13.516198116354643 27.958543456159532 5.09051136416383 8.4705454350914788 40.882495049154386 10.737971927737819 7.641902834409847
leaf_count=2181 8368 526 579 2156 1050 2421
internal_value=-0.000573995 0.00987471 0.0165747 0.021553 -0.0160619 0
internal_weight=114.298 67.9597 54.4436 45.973 46.3384 18.3799
internal_count=17281 5442 3261 2682 11839 3471
is_linear=0
shrinkage=0.035


Tree=45
num_leaves=7
num_cat=0
split_feature=40 69 71 28 45 0
split_gain=19.5051 9.24348 7.04074 6.21207 3.55636 3.54594
threshold=0.47266678512096411 0.49105153977870947 0.52930793166160595 0.90778547525405895 0.34883844852447515 0.17354732751846316
decision_type=8 10 10 10 10 10
left_child=1 5 4 -4 -3 -1
right_child=-2 2 3 -5 -6 -7
leaf_value=0.0053776962438677944 -0.022320827834543349 0.010470163522667074 0.029037060932468578 -0.001583055303271919 -0.0097012325350295196 -0.014390299143160199
leaf_weight=9.3242412006948161 25.326908231480047 14.147890340769665 31.728120788699016 5.2771690576337269 12.492076487280427 17.016929446021095
leaf_count=1183 9073 762 1697 339 1317 2867
internal_value=0.000405003 0.00863718 0.0155371 0.0239987 0 -0.00624139
internal_weight=115.313 89.9864 63.6453 37.0053 26.64 26.3412
internal_count=17238 8165 4115 2036 2079 4050
is_linear=0
shrinkage=0.035


Tree=46
num_leaves=7
num_cat=0
split_feature=40 89 72 18 66 85
split_gain=20.8244 12.549 6.22574 5.91083 5.46322 7.5074
threshold=0.47266678512096411 0.35180537402629858 0.57453134655952465 0.31765860319137579 0.60945764183998119 0.59344673156738292
decision_type=8 8 10 10 10 10
left_child=1 4 -3 -4 5 -1
right_child=-2 2 3 -5 -6 -7
leaf_value=0.033803119974610038 -0.022099281723790283 -0.013434353552240498 0.017977836648814517 -0.0091624242058870493 0 -0.0012807026788061782
leaf_weight=27.787745953537524 24.818555517820641 22.740082722390071 17.443659416865561 6.879596794024109 9.2309954233933222 5.208895805059
leaf_count=1171 9079 3526 1366 909 755 400
internal_value=0.00162967 0.0100396 -0.0016687 0.00830946 0.0223214 0.027815
internal_weight=114.11 89.291 47.0633 24.3233 42.2276 32.9966
internal_count=17206 8127 5801 2275 2326 1571
is_linear=0
shrinkage=0.035


Tree=47
num_leaves=7
num_cat=0
split_feature=13 41 89 0 62 40
split_gain=19.7915 8.85111 8.98559 5.88764 5.10649 3.31117
threshold=0.36415234208107 0.46498692035675054 0.32340921461582189 0.21694552898406985 0.48163709044456487 0.12946712225675586
decision_type=8 10 10 10 10 8
left_child=1 2 4 -4 -1 -2
right_child=5 -3 3 -5 -6 -7
leaf_value=0.034513283277502083 6.2399112311696439e-05 -0.0077975721450252505 0.012443577713247115 -0.010914890555114765 0 -0.021549551083255323
leaf_weight=24.107511303387586 5.2011314418632528 14.747369102202354 24.691065435530618 12.951642593834547 4.208148921839892 28.416589496890083
leaf_count=613 645 2086 1835 1477 223 10267
internal_value=0.00197947 0.0115672 0.0169818 0.002752 0.0296797 -0.0175751
internal_weight=114.323 80.7057 65.9584 37.6427 28.3157 33.6177
internal_count=17146 6234 4148 3312 836 10912
is_linear=0
shrinkage=0.035


Tree=48
num_leaves=7
num_cat=0
split_feature=41 89 62 29 7 25
split_gain=15.8787 12.8903 7.14505 6.19083 5.42609 8.68797
threshold=0.4189183115959168 0.35180537402629858 0.47939430177211767 0.91348779201507579 0.17757115513086322 0.52354431152343761
decision_type=8 8 10 10 10 10
left_child=1 2 3 -1 5 -3
right_child=-2 4 -4 -5 -6 -7
leaf_value=0.034540347575314038 -0.015923621916563966 0.022511515014157331 -0.0033589634433107787 0 -0.013704733736549768 -0.010667727855129054
leaf_weight=25.116695209173489 37.791298218304291 12.159079104894774 5.1432306815404436 4.2863134760409585 20.783597896108404 9.4638701658695918
leaf_count=893 9990 974 543 166 4068 583
internal_value=0.000285021 0.00961296 0.0234124 0.0292157 -0.00251872 0.00725828
internal_weight=114.744 76.9528 34.5462 29.403 42.4065 21.6229
internal_count=17217 7227 1602 1059 5625 1557
is_linear=0
shrinkage=0.035


Tree=49
num_leaves=7
num_cat=0
split_feature=13 72 57 67 94 26
split_gain=16.4224 8.68585 5.48379 7.18289 4.47651 2.74789
threshold=0.37370041012763983 0.65160861611366283 0.093367833644151701 0.8924328386783601 0.97394677996635448 0.91510564088821422
decision_type=8 10 10 10 10 10
left_child=1 4 -3 -4 5 -1
right_child=-2 2 3 -5 -6 -7
leaf_value=-0.013416468686684236 -0.019400289891257638 -0.0023368185229583173 0.029058958639615592 -0.0044101243084205136 0.012734426924915193 0.0038699150510202308
leaf_weight=28.116035717539489 31.950042917858809 7.1848831998649976 28.22970541100949 4.3644791578408322 7.2624326881486914 6.2799655359704039
leaf_count=3707 10839 373 1488 261 309 268
internal_value=-0.000388732 0.00755114 0.0179531 0.0232981 -0.00261646 -0.00888733
internal_weight=113.388 81.4375 39.7791 32.5942 41.6584 34.396
internal_count=17245 6406 2122 1749 4284 3975
is_linear=0
shrinkage=0.035


Tree=50
num_leaves=7
num_cat=0
split_feature=41 89 34 33 13 72
split_gain=17.2312 7.52754 5.55221 5.85707 3.80882 3.45117
threshold=0.4189183115959168 0.32340921461582189 0.59095662832260143 0.752455234527588 0.61804732680320751 0.87646803259849559
decision_type=8 8 10 8 10 10
left_child=1 4 -3 -4 -1 -2
right_child=5 2 3 -5 -6 -7
leaf_value=0.023950035529639604 -0.021772028713068735 -0.015827806019779695 0.018519972379462547 -0.0047179617858777211 -0.0026204477454974716 0
leaf_weight=28.638121709926057 30.262479819823056 11.334839781047775 16.962251261109486 17.644533893093467 2.1755373370833686 7.4051699384581289
leaf_count=968 8858 1883 1430 2502 448 1236
internal_value=0 0.00921597 0 0.0067785 0.020568 -0.0174523
internal_weight=114.423 76.7553 45.9416 34.6068 30.8137 37.6676
internal_count=17325 7231 5815 3932 1416 10094
is_linear=0
shrinkage=0.035


Tree=51
num_leaves=7
num_cat=0
split_feature=41 89 29 72 87 93
split_gain=15.102 12.9036 5.72845 4.63711 3.96916 3.74854
threshold=0.4189183115959168 0.29040671885013586 0.91348779201507579 0.88288199901580822 0.37689180672168737 0.68938234448432933
decision_type=8 8 10 10 8 10
left_child=1 2 5 4 -3 -1
right_child=-2 3 -4 -5 -6 -7
leaf_value=0.033520055708926216 -0.016811895581992638 0.0066138946345881029 -0.0018499968760760661 0.013836357300437604 -0.013162759046397372 0
leaf_weight=21.459491458488635 36.29855095804669 8.0865333406254631 4.0766322454437605 7.3408148037269703 33.301839760504663 2.9434365064371368
leaf_count=909 9973 772 159 584 4675 118
internal_value=0 0.00837698 0.0242953 -0.00211515 -0.00779033 0.0296617
internal_weight=113.507 77.2087 28.4796 48.7292 41.3884 24.4029
internal_count=17190 7217 1186 6031 5447 1027
is_linear=0
shrinkage=0.035


Tree=52
num_leaves=7
num_cat=0
split_feature=41 89 72 50 68 29
split_gain=14.1423 6.90312 4.56682 4.94354 4.43275 4.39752
threshold=0.4189183115959168 0.35180537402629858 0.88288199901580822 0.18467471748590472 0.90893179178237926 0.91348779201507579
decision_type=8 8 10 10 10 10
left_child=1 5 3 -3 -2 -1
right_child=4 2 -4 -5 -6 -7
leaf_value=0.022449981472238333 -0.021618479452902128 0.002829923221059107 0.015125810263590176 -0.018229907945530921 0.0020230004594697431 -0.0023074849330099764
leaf_weight=29.180391074391082 29.854608680121601 19.015474007464945 6.4022334581241003 16.639576656743884 6.2404266272205851 4.9821556569077066
leaf_count=1369 8902 1500 540 3560 1128 205
internal_value=-0.000288308 0.00771627 -0.000996459 -0.00733536 -0.016715 0.0178415
internal_weight=112.315 76.2198 42.0573 35.6551 36.095 34.1625
internal_count=17204 7174 5600 5060 10030 1574
is_linear=0
shrinkage=0.035


Tree=53
num_leaves=7
num_cat=0
split_feature=57 72 57 67 89 41
split_gain=15.0863 12.6037 5.93912 7.26986 5.90353 3.23081
threshold=0.46612693369388586 0.65160861611366283 0.076781734824180617 0.89700934290885936 0.38179384171962744 0.4189183115959168
decision_type=8 10 10 10 8 8
left_child=1 4 -3 -4 5 -1
right_child=-2 2 3 -5 -6 -7
leaf_value=0.012666793043292792 -0.021790607996686851 -0.0033895945095267031 0.028444922478171677 -0.0046656477705493572 -0.016626609916145115 -0.0075427178246486514
leaf_weight=15.773642528802158 23.933425069204532 6.8331532038282594 32.375632536830381 4.4468139628879717 22.532154484186321 6.2246849801158524
leaf_count=631 9167 524 1896 289 3618 1089
internal_value=-0.000620391 0.00591383 0.0181032 0.023156 -0.00597374 0.0047117
internal_weight=112.12 88.1861 43.6556 36.8224 44.5305 21.9983
internal_count=17214 8047 2709 2185 5338 1720
is_linear=0
shrinkage=0.035


Tree=54
num_leaves=7
num_cat=0
split_feature=36 72 71 94 42 59
split_gain=14.7588 8.26274 5.79813 5.24353 4.74383 2.76544
threshold=0.4486337155103684 0.66195881366729747 0.91977450251579296 0.9243426024913789 0.48679411411285406 0.95590931177139293
decision_type=8 10 10 10 10 8
left_child=1 3 4 5 -3 -1
right_child=-2 2 -4 -5 -6 -7
leaf_value=-0.015627859161237073 -0.019304724192697451 0.027022124987888311 -0.0034178284391331083 0.0082717469593663676 -0.00088868633809889336 0.0059471096929617643
leaf_weight=24.225210117409009 27.163368105073459 29.748920848825946 6.9855594721157095 19.609405850525945 4.3016022162046275 0.86557654512580384
leaf_count=3974 9491 1540 598 1067 482 93
internal_value=0 0.0072853 0.0173934 -0.00222975 0.0227494 -0.0120392
internal_weight=112.9 85.7363 41.0361 44.7002 34.0505 25.0908
internal_count=17245 7754 2620 5134 2022 4067
is_linear=0
shrinkage=0.035


Tree=55
num_leaves=7
num_cat=0
split_feature=57 62 57 38 0 22
split_gain=15.713 8.14235 7.09889 4.54548 2.87694 1.73002
threshold=0.39932411909103399 0.47939430177211767 0.076781734824180617 0.20583148300647738 0.077176351100206389 0.04617168381810189
decision_type=8 10 10 10 8 8
left_child=1 2 -1 -4 -3 -2
right_child=5 4 3 -5 -6 -7
leaf_value=-0.0033796317253343071 0 0.0053650843010496132 0 0.024376344597102733 -0.013785400710850803 -0.020642360019506697
leaf_weight=13.620351933524942 1.953190076630565 5.6869129259139326 8.6653858709614706 41.799758721375838 15.663315925514324 25.94923434255179
leaf_count=1365 624 425 672 2109 2348 9724
internal_value=0.000729247 0.00863456 0.0146986 0.0202706 -0.00682369 -0.0185445
internal_weight=113.338 85.4357 64.0855 50.4651 21.3502 27.9024
internal_count=17267 6919 4146 2781 2773 10348
is_linear=0
shrinkage=0.035


Tree=56
num_leaves=7
num_cat=0
split_feature=43 88 31 29 43 45
split_gain=15.8459 9.04946 6.0198 5.73427 3.70193 4.68396
threshold=0.46082679927349096 0.54349276423454296 0.81901124119758617 0.91348779201507579 0.12359635531902315 0.082771368324756636
decision_type=8 8 10 10 10 10
left_child=1 2 3 -1 5 -3
right_child=-2 4 -4 -5 -6 -7
leaf_value=0.026397837734786413 -0.019724941601203489 -0.0092205918112623301 -0.0014035270708836639 -0.0017511016240253838 -0.014215871943510729 0.017935294203674412
leaf_weight=33.802344454219565 29.197217717417516 5.8528728397795948 12.708391525200566 5.8036164094228289 18.127601959859021 7.6226733751827851
leaf_count=1835 9252 1010 792 327 3363 650
internal_value=-6.12547e-05 0.00733042 0.0156721 0.0215691 -0.00552888 0.00465486
internal_weight=113.115 83.9175 52.3144 39.606 31.6031 13.4755
internal_count=17229 7977 2954 2162 5023 1660
is_linear=0
shrinkage=0.035


Tree=57
num_leaves=7
num_cat=0
split_feature=40 69 21 50 64 25
split_gain=14.6706 8.99047 7.28969 6.40745 4.81297 3.28312
threshold=0.47266678512096411 0.68668642640113842 0.20806432515382769 0.33144918084144598 0.41434177756309515 0.57011759281158458
decision_type=8 10 10 10 10 10
left_child=1 4 -3 -4 5 -1
right_child=-2 2 3 -5 -6 -7
leaf_value=0.012124844607276423 -0.02032857061092638 -2.8685348448567144e-05 0.030342416688343345 -0.00055665753607263562 -0.014767768557127451 -0.0082687017582990918
leaf_weight=19.116157662821937 21.051733293454163 16.235310083255172 28.327581251505762 6.0782568124122909 17.223346130922437 5.1850381023250511
leaf_count=1957 9064 889 1061 633 2874 771
internal_value=0.0011584 0.00782202 0.0168608 0.0245704 -0.00308406 0.00517801
internal_weight=113.217 92.1657 50.6411 34.4058 41.5245 24.3012
internal_count=17249 8185 2583 1694 5602 2728
is_linear=0
shrinkage=0.035


Tree=58
num_leaves=7
num_cat=0
split_feature=13 72 45 76 7 88
split_gain=11.0989 7.21589 4.83511 7.14236 4.63882 3.92465
threshold=0.37370041012763983 0.71332344412803661 0.09071966260671617 0.44199790060520178 0.20712467283010486 0.63445147871971141
decision_type=8 10 10 10 10 8
left_child=1 4 -3 -4 5 -1
right_child=-2 2 3 -5 -6 -7
leaf_value=0.010551857069571662 -0.016836610277765229 -0.0052865012691225566 0 0.031407944143932352 -0.015809355784835163 -0.0099784674030353043
leaf_weight=26.984121032990515 28.377713124151342 3.8386868850793681 13.721260164631529 18.560371441300958 13.301382015226407 7.4305478881578884
leaf_count=1431 10733 312 633 762 2344 972
internal_value=-8.9155e-05 0.00598085 0.0163949 0.0208142 -0.00218226 0.00383533
internal_weight=112.214 83.8364 36.1203 32.2816 47.7161 34.4147
internal_count=17187 6454 1707 1395 4747 2403
is_linear=0
shrinkage=0.035


Tree=59
num_leaves=7
num_cat=0
split_feature=51 89 34 72 63 94
split_gain=12.8032 9.24828 5.27622 5.2699 4.2659 2.82081
threshold=0.55006137490272533 0.32340921461582189 0.3430746346712113 0.88288199901580822 0.46502825617790228 0.83284932374954235
decision_type=8 8 10 10 10 10
left_child=1 2 -1 5 -4 -3
right_child=-2 3 4 -5 -6 -7
leaf_value=-0.0012173418074560103 -0.021641163879224327 -0.015317901715012698 0.027403205374092902 0.014136221822952953 0 0
leaf_weight=9.2596476549515483 18.430101114325225 24.144587417133152 26.148095010197725 7.1327180708758524 5.7251466198358676 20.677264727884904
leaf_count=689 7671 4947 1108 491 351 1872
internal_value=0 0.00571843 0.0168678 -0.00330591 0.0226286 -0.00879606
internal_weight=111.518 93.0875 41.1329 51.9546 31.8732 44.8219
internal_count=17129 9458 2148 7310 1459 6819
is_linear=0
shrinkage=0.035


Tree=60
num_leaves=7
num_cat=0
split_feature=40 5 87 55 31 52
split_gain=11.081 5.06258 8.21014 5.4006 3.95969 3.41654
threshold=0.47266678512096411 0.22087842226028445 0.2982014417648316 0.079967875033617034 0.80593949556350719 0.039396718144416816
decision_type=8 10 8 10 10 10
left_child=1 3 5 -1 -5 -3
right_child=-2 2 -4 4 -6 -7
leaf_value=-0.0070943647290979813 -0.019776344086429597 -0.0050368330524316815 -0.012773051667140387 0.024928642362952863 0 0.016686626728315352
leaf_weight=4.7431564298458389 20.03895672201179 3.9875512158032533 29.546190977445804 23.477741491049528 8.9185739895328862 20.322461207746528
leaf_count=671 8975 124 3786 1535 675 1326
internal_value=0 0.00513283 -0.00108885 0.013912 0.019083 0.0111336
internal_weight=111.035 90.9957 53.8562 37.1395 32.3963 24.31
internal_count=17092 8117 5236 2881 2210 1450
is_linear=0
shrinkage=0.035


Tree=61
num_leaves=7
num_cat=0
split_feature=40 32 74 23 94 87
split_gain=12.9739 7.4353 6.34013 6.11388 3.91653 3.58645
threshold=0.47266678512096411 0.46914309263229376 0.71339163184165966 0.25830529630184179 0.97904977202415477 0.23625686019659045
decision_type=8 10 10 10 10 8
left_child=1 4 3 -3 -1 -4
right_child=-2 2 5 -5 -6 -7
leaf_value=-0.01406690788536215 -0.020901942162392037 -0.0010365869702513781 0.0099423065245290848 0.024333673713988084 0.0097027972286217786 -0.011281131249701438
leaf_weight=20.882606138824489 19.823169062146917 9.77833134960383 8.2651933403685707 36.074148985324427 2.8737205958459517 14.233618880389256
leaf_count=2980 9087 726 299 2640 158 1294
internal_value=0 0.00611009 0.0119507 0.0185982 -0.00781839 -0.00120027
internal_weight=111.931 92.1076 68.3513 45.8525 23.7563 22.4988
internal_count=17184 8097 4959 3366 3138 1593
is_linear=0
shrinkage=0.035


Tree=62
num_leaves=7
num_cat=0
split_feature=62 88 34 50 34 72
split_gain=9.76283 6.15987 6.45012 4.94577 3.74558 2.76201
threshold=0.47939430177211767 0.54349276423454296 0.31210784614086157 0.59741017222404491 0.84819346666336071 0.8903377652168275
decision_type=8 8 10 10 10 10
left_child=1 2 -1 -4 -2 -3
right_child=4 5 3 -5 -6 -7
leaf_value=-0.0065302343628080312 -0.020171621960536932 -0.013443750739125194 0.020718274777236347 -0.0058387989226103857 0 0.0065219065705594947
leaf_weight=10.383245038217863 25.622072808560915 16.762654660502452 42.540387388435192 3.2923502431949592 9.5363542262930405 3.0426500270841634
leaf_count=1570 7723 2758 2307 1284 1299 270
internal_value=-0.000660185 0.00589428 0.0117748 0.0172511 -0.0145146 -0.00749439
internal_weight=111.18 76.0213 56.216 45.8327 35.1584 19.8053
internal_count=17211 8189 5161 3591 9022 3028
is_linear=0
shrinkage=0.035


Tree=63
num_leaves=7
num_cat=0
split_feature=7 89 51 41 72 67
split_gain=10.4813 9.65921 6.5465 4.9221 4.66926 3.99305
threshold=0.25197403132915502 0.20289041846990588 0.55006137490272533 0.32146982848644262 0.65160861611366283 0.90472275018692028
decision_type=8 8 10 10 10 10
left_child=3 2 -2 4 -1 -6
right_child=1 -3 -4 -5 5 -7
leaf_value=0 0.021112567447239845 -0.02256119782892145 -0.010456371185429296 -0.0020087143298761858 0.028170813715191412 -0.00038063267777064717
leaf_weight=15.864068223163484 8.22334160748869 31.201641597552225 6.6678591916570431 28.14480460609775 17.814276119694117 3.0128602648619554
leaf_count=1279 611 9796 2412 2153 725 165
internal_value=-0.000870505 -0.0128537 0.00596927 0.00740381 0.0148658 0.0232599
internal_weight=110.929 46.0928 14.8912 64.836 36.6912 20.8271
internal_count=17141 12819 3023 4322 2169 890
is_linear=0
shrinkage=0.035


Tree=64
num_leaves=7
num_cat=0
split_feature=36 4 25 32 91 63
split_gain=13.069 6.23887 6.7956 5.19568 2.57743 2.21305
threshold=0.4486337155103684 0.26617865264415747 0.58859992027282726 0.46914309263229376 0.41642655432224279 0.20284061878919604
decision_type=8 10 10 10 8 10
left_child=1 5 3 -3 -4 -1
right_child=-2 2 4 -5 -6 -7
leaf_value=0.0026245723004204228 -0.019922686803385804 -0.0021623186645859456 0.0057733179224872281 0.024317549434450456 -0.009990774317772913 -0.015736315644282812
leaf_weight=3.3990258366102344 24.034021178958938 5.7307897941209367 22.785078835207969 31.479206827702001 13.35186323605012 11.598850588779895
leaf_count=449 9478 778 1307 1997 1402 1863
internal_value=-0.000182277 0.0058515 0.0103539 0.0194171 0 -0.00982683
internal_weight=112.379 88.3448 73.3469 37.21 36.1369 14.9979
internal_count=17274 7796 5484 2775 2709 2312
is_linear=0
shrinkage=0.035


Tree=65
num_leaves=7
num_cat=0
split_feature=35 31 88 45 66 68
split_gain=9.28143 4.1807 4.56625 5.15423 2.41086 2.37354
threshold=0.37234397232532507 0.81901124119758617 0.66739708185195934 0.35662004351615911 0.027974359691143039 0.93598175048828136
decision_type=8 10 8 10 8 10
left_child=1 2 3 -1 -2 -6
right_child=4 -3 -4 -5 5 -7
leaf_value=0.022048163911084814 0.0024295012899015825 -0.0072246888680116399 -0.0056138988355983752 0 -0.021817538067304895 0
leaf_weight=25.839360225247219 0.83322620065883057 18.558654210180975 11.97222624812275 23.923667020397261 25.870643260772344 2.6053239763714364
leaf_count=1292 219 1548 1892 1811 9764 674
internal_value=-0.00179969 0.00403397 0.0086119 0.0132468 -0.0166266 -0.019034
internal_weight=109.603 80.2939 61.7353 49.763 29.3092 28.476
internal_count=17200 6543 4995 3103 10657 10438
is_linear=0
shrinkage=0.035


Tree=66
num_leaves=7
num_cat=0
split_feature=79 47 23 55 71 91
split_gain=9.94371 5.74366 7.48841 3.88996 3.6444 1.6851
threshold=0.44860129058361059 0.37901014089584356 0.26921735703945165 0.079967875033617034 0.97475337982177745 0.31338146328926092
decision_type=8 10 10 10 10 8
left_child=1 5 -3 -4 -2 -1
right_child=4 2 3 -5 -6 -7
leaf_value=4.6042178108588659e-06 -0.022155040079979801 -0.0063236919780053817 -0.004394028746146761 0.018319277718967693 0.0044181678840638844 -0.015135652727685907
leaf_weight=5.0171726485714343 21.719883061363365 18.748590234201401 3.6335455474909386 49.308007765095681 1.2623830283991981 11.401770047028547
leaf_count=634 9206 1467 403 2964 265 2317
internal_value=-0.000684749 0.00448423 0.00909238 0.0155267 -0.018237 -0.00987342
internal_weight=111.091 88.1091 71.6901 52.9416 22.9823 16.4189
internal_count=17256 7785 4834 3367 9471 2951
is_linear=0
shrinkage=0.035


Tree=67
num_leaves=7
num_cat=0
split_feature=78 69 4 32 31 25
split_gain=10.1642 5.84358 5.84473 4.62222 6.1522 3.55064
threshold=0.55386504530906688 0.69923019409179699 0.82790759205818187 0.65342062711715709 0.78623715043067943 0.23704192042350772
decision_type=8 10 10 10 10 10
left_child=1 3 5 -1 -5 -3
right_child=-2 2 -4 4 -6 -7
leaf_value=-0.012400000068080641 -0.019338975542099759 -0.0017254229252929929 -0.0014071497512736183 0.020148081264798872 -0.0067394493978811566 0.023105734615790227
leaf_weight=21.49992561689578 14.970711895264683 2.6882602103287345 15.551067299558779 11.607778697274627 12.193618511431849 34.040280801826157
leaf_count=3895 7625 240 1275 1077 1500 1666
internal_value=0.00131666 0.00620809 0.0135168 -0.00200434 0.00649233 0.020131
internal_weight=112.552 97.5809 52.2796 45.3013 23.8014 36.7285
internal_count=17278 9653 3181 6472 2577 1906
is_linear=0
shrinkage=0.035


Tree=68
num_leaves=7
num_cat=0
split_feature=50 89 0 32 66 87
split_gain=8.73506 6.15031 5.95761 5.19186 4.06352 4.47842
threshold=0.52168163657188427 0.28429529070854193 0.13666606694459918 0.57469460368156444 0.60945764183998119 0.084252070635557189
decision_type=8 8 8 10 10 10
left_child=1 4 3 -3 5 -1
right_child=-2 2 -4 -5 -6 -7
leaf_value=-0.00067087878731703673 -0.018587625431787557 -0.0086049590390728167 -0.011778556612130989 0.016972668848786877 -0.0024789556240083252 0.024674121806883113
leaf_weight=5.8511284521082443 17.823073787847534 6.3423753684619468 31.907282791333273 17.81386810936965 6.9788197105517602 23.704055461566895
leaf_count=211 8299 847 5142 1339 494 935
internal_value=-3.78284e-05 0.00420497 -0.00242471 0.00815439 0.0141655 0.0191845
internal_weight=110.421 92.5975 56.0635 24.1562 36.534 29.5552
internal_count=17267 8968 7328 2186 1640 1146
is_linear=0
shrinkage=0.035


Tree=69
num_leaves=7
num_cat=0
split_feature=13 62 91 38 37 48
split_gain=10.1793 6.61111 6.14329 3.80494 3.26829 1.72664
threshold=0.36833150684833532 0.47939430177211767 0.61370977759361278 0.16525076329708102 0.12952835112810138 0.065048716962337508
decision_type=8 10 10 10 10 10
left_child=1 2 3 -1 -3 -6
right_child=-2 4 -4 -5 5 -7
leaf_value=-0.0023654478748409776 -0.017434473230921826 0.0071335326352063707 -0.0063416703696276208 0.018924591421796408 0 -0.01831353973505212
leaf_weight=5.5432655590120694 25.712379050441086 2.8835105451289591 11.923287912621161 46.307862600195222 2.6419716581003767 15.243272847612387
leaf_count=356 10889 236 1309 2016 385 2085
internal_value=-0.000648612 0.00495505 0.0106496 0.0157594 -0.00880524 -0.0148136
internal_weight=110.256 84.5432 63.7744 51.8511 20.7688 17.8852
internal_count=17276 6387 3681 2372 2706 2470
is_linear=0
shrinkage=0.035


Tree=70
num_leaves=7
num_cat=0
split_feature=72 7 4 73 57 66
split_gain=7.17501 4.44199 4.19527 6.52525 5.03688 1.81283
threshold=0.66195881366729747 0.20712467283010486 0.81320664286613475 0.80167907476425182 0.11484489589929582 0.2364030331373215
decision_type=10 8 10 10 10 8
left_child=1 -1 3 4 -2 -3
right_child=2 5 -4 -5 -6 -7
leaf_value=0 -5.1296699096119066e-05 0 -0.0064825512362421548 -0.00079676968155909715 0.029087879491528541 -0.022128935546442706
leaf_weight=32.499395185033791 5.249893942265774 4.5784865341847789 10.542731274850665 19.465393941616639 17.791695848107338 18.976481384714134
leaf_count=2510 295 1708 1207 2583 1732 7213
internal_value=-0.000799901 -0.00930662 0.00737036 0.0123282 0.0224552 -0.0186618
internal_weight=109.104 56.0544 53.0497 42.507 23.0416 23.555
internal_count=17248 11431 5817 4610 2027 8921
is_linear=0
shrinkage=0.035


Tree=71
num_leaves=7
num_cat=0
split_feature=35 88 77 86 76 72
split_gain=7.47057 5.62093 3.18965 3.60652 3.08903 1.46262
threshold=0.50504302978515636 0.65561023354530346 0.32219006121158605 0.88798108696937572 0.023602418601512912 0.89979010820388805
decision_type=8 8 10 10 10 10
left_child=1 2 4 -4 -1 -3
right_child=-2 5 3 -5 -6 -7
leaf_value=0.011490018900940865 -0.018330468618925812 -0.013687506941810654 0.014872424379755892 -0.0064767874890051822 -0.0094290796902038107 0.00096640606211920448
leaf_weight=4.2091640260769081 17.509713988518342 17.464759184396829 48.197903367457911 3.2670631551882243 17.201086792163551 1.9833858947968099
leaf_count=177 8445 3172 3055 430 1681 216
internal_value=-0.00119679 0.00273201 0.00757939 0.0119453 -0.00152462 -0.0104343
internal_weight=109.833 92.3234 72.8752 51.465 21.4103 19.4481
internal_count=17176 8731 5343 3485 1858 3388
is_linear=0
shrinkage=0.035


Tree=72
num_leaves=7
num_cat=0
split_feature=35 34 88 77 72 34
split_gain=9.11217 4.80063 5.41953 3.84633 2.88444 1.94447
threshold=0.37234397232532507 0.3430746346712113 0.65561023354530346 0.32219006121158605 0.91394776105880748 0.84819346666336071
decision_type=8 10 8 10 10 10
left_child=1 -1 3 -3 -2 -4
right_child=4 2 5 -5 -6 -7
leaf_value=-0.0070958719175481339 -0.018084499789557035 0 -0.012473873103134513 0.020025422303607238 0.0017645728086827313 0.0037805205516051972
leaf_weight=13.623078756965695 22.875232724938545 11.714513165410606 7.6711037618806577 43.215594835346565 4.5567995972232884 8.0453319649677706
leaf_count=1413 9759 749 1378 2204 920 906
internal_value=0.00101104 0.00712291 0.0109752 0.0158586 -0.0136517 -0.003471
internal_weight=111.702 84.2696 70.6465 54.9301 27.432 15.7164
internal_count=17329 6650 5237 2953 10679 2284
is_linear=0
shrinkage=0.035


Tree=73
num_leaves=7
num_cat=0
split_feature=36 34 88 31 71 43
split_gain=7.79532 4.88524 6.17234 6.32872 3.24316 2.89342
threshold=0.43670243024826055 0.3430746346712113 0.54349276423454296 0.81901124119758617 0.95189350843429577 0.12359635531902315
decision_type=8 10 8 10 10 10
left_child=1 -1 3 -3 -2 -4
right_child=4 2 5 -5 -6 -7
leaf_value=-0.0087557748678217338 -0.019914593686493117 0.021644950513706941 0.0057184511178780236 -0.0023082328758703388 0.0034859554538614387 -0.012521186792602031
leaf_weight=14.978105548070742 19.781447311397645 37.762524977093562 10.286906976485627 11.926176485372705 2.3368583867559201 13.148289068252778
leaf_count=1891 9136 1885 951 663 484 2152
internal_value=0 0.00497506 0.00902082 0.0154629 -0.0154299 -0.00342702
internal_weight=110.22 88.102 73.1239 49.6887 22.1183 23.4352
internal_count=17162 7542 5651 2548 9620 3103
is_linear=0
shrinkage=0.035


Tree=74
num_leaves=7
num_cat=0
split_feature=13 74 31 72 66 5
split_gain=9.102 4.82822 5.13352 4.49557 4.26583 2.37933
threshold=0.37370041012763983 0.46266801655292517 0.75240975618362438 0.90240040421485912 0.68217808008193981 0.21727137267589572
decision_type=8 10 10 10 10 10
left_child=1 5 4 -4 -3 -1
right_child=-2 2 3 -5 -6 -7
leaf_value=0.0032048790031718902 -0.016561632359462123 0.022860254810415072 -0.011852928744310551 0.013283161520097236 -0.0015318336059066138 -0.011401820390026862
leaf_weight=15.643193090218118 24.160493739764206 28.484440395492129 13.982684699585663 5.8290532440878442 5.2844074215972787 17.471056411508471
leaf_count=1239 10730 1487 1183 173 539 1862
internal_value=-8.78771e-05 0.00495999 0.0111127 -0.000876092 0.018224 -0.00394371
internal_weight=110.855 86.6948 53.5806 19.8117 33.7688 33.1142
internal_count=17213 6483 3382 1356 2026 3101
is_linear=0
shrinkage=0.035


Tree=75
num_leaves=7
num_cat=0
split_feature=50 52 10 15 62 75
split_gain=8.24833 6.04444 7.39271 4.19253 2.85605 3.07811
threshold=0.57935413718223583 0.40959098935127264 0.17865478992462161 0.12013124674558641 0.25525088608264929 0.62209612131118786
decision_type=8 10 10 10 10 10
left_child=1 2 -1 -4 5 -3
right_child=-2 4 3 -5 -6 -7
leaf_value=-0.0050977272877319423 -0.019346467381484954 -0.0042810242861223476 -0.0032993441039086335 0.021758766384777539 -0.010044252950175801 0.018391180012976759
leaf_weight=15.376203869585877 12.806520321522838 6.5753384933341277 3.4304508952191091 39.033593255910091 29.37755862949416 4.29817936103791
leaf_count=1260 7227 1010 188 2142 4999 420
internal_value=0.000356043 0.00468809 0.0115661 0.018492 -0.00438641 0.00589613
internal_weight=110.898 98.0913 57.8402 42.464 40.2511 10.8735
internal_count=17246 10019 3590 2330 6429 1430
is_linear=0
shrinkage=0.035


Tree=76
num_leaves=7
num_cat=0
split_feature=41 88 34 65 68 34
split_gain=8.70274 3.73816 4.41478 5.53746 3.30645 2.44592
threshold=0.4189183115959168 0.20136634632945064 0.74100512266159069 0.25418630242347723 0.97323039174079906 0.3430746346712113
decision_type=8 8 10 10 10 10
left_child=1 5 -3 -4 -2 -1
right_child=4 2 3 -5 -6 -7
leaf_value=0 -0.018296737665739977 -0.0088934441092545623 -0.0066779664363641007 0.016635942731147338 0.0047484568474531761 0.020279945717130276
leaf_weight=3.5017652479000416 27.856467218254696 26.755572965485044 11.225734859122893 23.020920111215673 1.971808423870242 16.478198629338294
leaf_count=259 9747 3373 1014 2013 324 567
internal_value=-0.000276308 0.00529182 0 0.00793373 -0.0147034 0.0158971
internal_weight=110.81 80.9822 61.0022 34.2467 29.8283 19.98
internal_count=17297 7226 6400 3027 10071 826
is_linear=0
shrinkage=0.035


Tree=77
num_leaves=7
num_cat=0
split_feature=41 89 29 93 33 26
split_gain=7.81479 6.106 3.56961 3.48323 3.00353 4.38486
threshold=0.4189183115959168 0.35180537402629858 0.91348779201507579 0.66369688510894786 0.61281105875968944 0.44762966036796575
decision_type=8 8 10 10 10 10
left_child=1 2 3 -1 -3 -6
right_child=-2 4 -4 -5 5 -7
leaf_value=0.021981590520790628 -0.01462782955264819 -0.013499967053766588 -0.003509732573093192 0 -0.0065455899168359206 0.016023156606072841
leaf_weight=26.802334257168695 29.81555809173733 15.502523738425223 5.0220316818449637 6.3577638459391883 15.904134045238608 9.5368261558469367
leaf_count=1116 10100 2138 199 270 2774 650
internal_value=-0.00107251 0.00430687 0.0134358 0.017461 -0.00393831 0.00215391
internal_weight=108.941 79.1256 38.1821 33.1601 40.9435 25.441
internal_count=17247 7147 1585 1386 5562 3424
is_linear=0
shrinkage=0.035


Tree=78
num_leaves=7
num_cat=0
split_feature=72 94 57 45 50 91
split_gain=7.77021 6.5303 4.37995 5.23772 5.66169 2.59093
threshold=0.70845142006874096 0.97394677996635448 0.55264133214950573 0.09071966260671617 0.11784918606281282 0.27770617604255682
decision_type=10 10 10 10 10 8
left_child=1 5 3 -2 -5 -1
right_child=2 -3 -4 4 -6 -7
leaf_value=0 -0.0078622803215693815 0.0099610134365806062 -0.0096806492134452488 -0.0022857274980421492 0.023407380557983581 -0.018970322821635077
leaf_weight=16.033670717268251 4.9019159242743617 8.4538570514414442 4.9825229429407036 8.0090331522515026 28.796219961717725 35.719086278695613
leaf_count=3053 605 414 2275 304 1752 8780
internal_value=-0.00136907 -0.00952832 0.00804709 0.0124383 0.0172348 -0.0144979
internal_weight=106.896 60.2066 46.6897 41.7072 36.8053 51.7528
internal_count=17183 12247 4936 2661 2056 11833
is_linear=0
shrinkage=0.035


Tree=79
num_leaves=7
num_cat=0
split_feature=72 94 51 73 57 77
split_gain=8.14096 5.82296 5.81482 4.60301 4.58842 3.91647
threshold=0.57739168405532848 0.97394677996635448 0.54369288682937633 0.80398628115654003 0.11780751124024393 0.032664535567164428
decision_type=10 10 10 10 10 8
left_child=1 5 3 4 -2 -1
right_child=2 -3 -4 -5 -6 -7
leaf_value=0.0041961096731746132 0 0.0086326891095330101 -0.010601094404216293 0 0.024210559889517105 -0.019439680173624341
leaf_weight=3.4389912219485259 8.6314290433656407 7.3986751273041582 8.0826400547521171 19.580814397311769 27.994702273281291 34.422189033008181
leaf_count=498 428 343 3363 1781 1773 9076
internal_value=0 -0.0101154 0.00791007 0.0123789 0.0186233 -0.0157906
internal_weight=109.549 45.2599 64.2896 56.2069 36.6261 37.8612
internal_count=17262 9917 7345 3982 2201 9574
is_linear=0
shrinkage=0.035


Tree=80
num_leaves=7
num_cat=0
split_feature=50 89 17 46 74 52
split_gain=5.82389 6.21487 4.16358 3.96932 3.44076 2.76463
threshold=0.59741017222404491 0.28429529070854193 0.30573488771915441 0.14660776406526568 0.47705678641796118 0.023750171065330509
decision_type=8 8 8 10 10 10
left_child=1 4 3 -3 -1 -6
right_child=-2 2 -4 -5 5 -7
leaf_value=0 -0.018029390971078339 -0.010990885064085073 -0.015053198324679341 0.0087079821375732301 0 0.02213568576704061
leaf_weight=13.452607284416443 11.240756553364916 9.4899402138544229 17.768725256668404 30.521500824019313 3.3436094267526668 22.989552770159207
leaf_count=949 6896 1975 3512 2773 105 1055
internal_value=0 0.00288704 -0.00371977 0.00188944 0.0125971 0.0185372
internal_weight=108.807 97.5659 57.7802 40.0114 39.7858 26.3332
internal_count=17265 10369 8260 4748 2109 1160
is_linear=0
shrinkage=0.035


Tree=81
num_leaves=7
num_cat=0
split_feature=62 63 54 52 81 50
split_gain=6.24329 7.25104 4.7851 4.42464 4.68969 3.89923
threshold=0.47939430177211767 0.36209064722061163 0.16707329452037814 0.38269257545471197 0.59484770894050609 0.31314308941364294
decision_type=8 10 8 10 10 10
left_child=1 5 -2 4 -3 -1
right_child=2 3 -4 -5 -6 -7
leaf_value=0.0041919055412883693 0.0036702972127560826 0.031299840825984769 -0.018836404304539991 0 -0.0015498752117015357 -0.013081572628876251
leaf_weight=30.973017459618859 9.8054065792821365 14.86247897194699 22.045720610884018 10.819571537198497 2.2530797939980394 17.280194245278835
leaf_count=1693 1740 552 7284 1361 190 4414
internal_value=0 0.00556729 -0.0112444 0.0176995 0.0257689 -0.00204137
internal_weight=108.039 76.1883 31.8511 27.9351 17.1156 48.2532
internal_count=17234 8210 9024 2103 742 6107
is_linear=0
shrinkage=0.035


Tree=82
num_leaves=7
num_cat=0
split_feature=63 63 50 43 34 34
split_gain=6.93581 5.27337 6.73095 3.99939 3.50292 2.77048
threshold=0.46502825617790228 0.36209064722061163 0.31314308941364294 0.13985663652420047 0.25994209945201879 0.84819346666336071
decision_type=8 10 10 10 10 10
left_child=1 2 3 -1 -3 -2
right_child=5 4 -4 -5 -6 -7
leaf_value=-0.0061244460924108467 -0.017435973368303243 -0.0038514054608296809 -0.015620022882918109 0.014168613534950202 0.020461040817269422 0
leaf_weight=8.9221490380587039 23.190270901308395 2.2650587945245233 17.071765851811506 23.995626772753894 22.995606136857532 10.488827326684257
leaf_count=400 7879 266 4422 1313 1563 1380
internal_value=-2.99737e-05 0.00537825 -0.000723004 0.00726322 0.0163006 -0.0120863
internal_weight=108.929 75.2502 49.9895 32.9178 25.2607 33.6791
internal_count=17223 7964 6135 1713 1829 9259
is_linear=0
shrinkage=0.035


Tree=83
num_leaves=7
num_cat=0
split_feature=35 42 26 68 6 21
split_gain=7.62256 3.93704 4.63904 3.81749 3.36824 3.2523
threshold=0.24749553203582766 0.38837304711341863 0.47742566466331487 0.90465834736824047 0.059152496978640563 0.17313812673091891
decision_type=8 10 10 10 8 10
left_child=1 2 -1 4 -2 -4
right_child=3 -3 5 -5 -6 -7
leaf_value=-0.00029807095132041486 0.0026470475391329675 -0.0040458792674305504 0 0.0050121389067442536 -0.019723136899360734 0.023527383725039173
leaf_weight=18.530261001898907 3.3802435253746799 21.307055682293139 6.5716635677963522 5.2274815025739363 30.850437909481116 22.090592690277845
leaf_count=1681 504 1471 358 1217 11112 850
internal_value=-0.000536415 0.00588407 0.0112552 -0.0119017 -0.016188 0.0185916
internal_weight=107.958 68.4996 47.1925 39.4582 34.2307 28.6623
internal_count=17193 4360 2889 12833 11616 1208
is_linear=0
shrinkage=0.035


Tree=84
num_leaves=7
num_cat=0
split_feature=57 26 25 5 16 87
split_gain=7.24382 4.66265 5.67111 4.26456 3.91857 3.49338
threshold=0.46612693369388586 0.47742566466331487 0.57011759281158458 0.063146010041236891 0.6406671702861787 0.51643490791320812
decision_type=8 10 10 8 10 8
left_child=1 3 4 -1 -3 -4
right_child=-2 2 5 -5 -6 -7
leaf_value=0.01002228255672314 -0.016293569548014239 0.028540599933877066 0.0075066157370313634 -0.011394610458881325 0 -0.010831021878460365
leaf_weight=7.845301571651361 16.667595779406838 15.436253862571904 29.781839804840274 25.224564075819217 3.4676931025460354 10.497886872501111
leaf_count=695 9146 668 1736 3552 250 1207
internal_value=0.000249003 0.00482314 0.0104685 -0.00407293 0.0230468 0.000637177
internal_weight=108.921 92.2535 59.1837 33.0699 18.9039 40.2797
internal_count=17254 8108 3861 4247 918 2943
is_linear=0
shrinkage=0.035


Tree=85
num_leaves=7
num_cat=0
split_feature=51 88 31 50 95 43
split_gain=6.14666 7.27031 3.44989 3.75072 2.40206 1.64597
threshold=0.55006137490272533 0.54349276423454296 0.81901124119758617 0.11784918606281282 0.95425143837928783 0.12359635531902315
decision_type=8 8 10 10 10 10
left_child=1 2 3 -1 5 -3
right_child=-2 4 -4 -5 -6 -7
leaf_value=0.00066922157929687773 -0.016666515388460791 0 -0.0012224728041234775 0.021793377354713955 0.0045910307604416951 -0.018025082042011413
leaf_weight=22.941340262186714 13.353749813861212 11.283410987816756 14.456359803210942 27.350131683051586 4.3388718886999404 14.119756225845775
leaf_count=899 7730 1483 932 2316 403 3425
internal_value=0 0.00394885 0.0104973 0.0144722 -0.00811923 -0.0124415
internal_weight=107.844 94.4899 64.7478 50.2915 29.742 25.4032
internal_count=17188 9458 4147 3215 5311 4908
is_linear=0
shrinkage=0.035


Tree=86
num_leaves=7
num_cat=0
split_feature=63 16 46 91 17 29
split_gain=7.73167 4.24482 5.46972 5.54248 3.16465 2.1126
threshold=0.48974449932575231 0.29517140984535223 0.36237858235836035 0.65452218055725109 0.18602043390274051 0.75654724240303051
decision_type=8 10 10 8 8 8
left_child=1 5 3 -3 -2 -1
right_child=4 2 -4 -5 -6 -7
leaf_value=0.0030657535344821786 0.001133375782409355 0.027643760536409292 0 0 -0.018153383070653891 -0.011992414579089231
leaf_weight=13.010862670140341 7.338468718458901 20.313329502940181 26.127929746755399 7.7291788870934388 22.208477515378036 11.594153961748816
leaf_count=1412 1382 1095 3714 1139 7452 1054
internal_value=8.68088e-05 0.00623563 0.011447 0.020296 -0.0127441 -0.00362113
internal_weight=108.322 78.7755 54.1704 28.0425 29.5469 24.605
internal_count=17248 8414 5948 2234 8834 2466
is_linear=0
shrinkage=0.035


Tree=87
num_leaves=7
num_cat=0
split_feature=82 72 9 56 58 93
split_gain=5.69339 3.8366 5.81084 5.65411 2.51052 2.27015
threshold=0.48828592896461492 0.57453134655952465 0.12964899092912677 0.10846504569053651 0.46268317103385931 0.68938234448432933
decision_type=8 10 10 10 10 10
left_child=1 4 -3 -4 5 -1
right_child=-2 2 3 -5 -6 -7
leaf_value=0.010077988878926242 -0.016790254534787954 -0.0099852703795627346 -0.0033965563339006426 0.019321023744597147 -0.012380342004868225 -0.0070418183415562529
leaf_weight=13.28515500132926 13.766349926474502 7.8737137599382541 11.033350055688059 37.242863811785355 17.137653309036978 6.8498635228024787
leaf_count=927 8829 527 607 2527 3146 652
internal_value=-0.000180109 0.00288117 0.00851111 0.0134513 -0.00444576 0.00204164
internal_weight=107.189 93.4226 56.1499 48.2762 37.2727 20.135
internal_count=17215 8386 3661 3134 4725 1579
is_linear=0
shrinkage=0.035


Tree=88
num_leaves=7
num_cat=0
split_feature=63 4 23 34 21 55
split_gain=5.89857 3.76295 5.08534 4.32576 4.25335 3.20856
threshold=0.50534558296203624 0.60475963354110729 0.25830529630184179 0.77922767400741588 0.19131732732057574 0.14708890765905383
decision_type=8 10 10 10 10 8
left_child=1 3 -3 -1 -4 -2
right_child=5 2 4 -5 -6 -7
leaf_value=-0.010013340582237216 0.0015401176867970011 -0.0029365703280634751 -0.0036311806691551951 0.0093136823829878049 0.022866774769596917 -0.018299587844200393
leaf_weight=25.507948349579237 7.2339312798576456 12.055876661906948 2.9172455819789347 15.365683954558333 26.57688815286383 17.944179710815661
leaf_count=4426 1426 945 285 1380 1718 7037
internal_value=0.000154948 0.00518911 0.0118491 -0.00133827 0.0186301 -0.0120201
internal_weight=107.602 82.4236 41.55 40.8736 29.4941 25.1781
internal_count=17217 8754 2948 5806 2003 8463
is_linear=0
shrinkage=0.035


Tree=89
num_leaves=7
num_cat=0
split_feature=51 4 45 5 10 70
split_gain=6.11841 5.50845 5.10955 5.02621 1.55743 0.929267
threshold=0.55006137490272533 0.19024885445833209 0.082771368324756636 0.22087842226028445 0.14549422264099124 0.99862855672836315
decision_type=8 10 10 10 10 10
left_child=1 4 -3 -4 -1 -2
right_child=5 2 3 -5 -6 -7
leaf_value=0.00081491724135699024 -0.017917803082409856 -0.010343254899176651 0.021169213975633028 0.0020639018638891125 -0.016030418887483727 0
leaf_weight=1.1479545707115892 12.852982557436913 7.1253936117282128 28.749456747435033 48.123010404873639 10.317943684756754 0.063158875331283393
leaf_count=151 7728 964 1746 4380 2172 15
internal_value=0.000496172 0.0043605 0.00801479 0.0111495 -0.0120051 -0.0162989
internal_weight=108.38 95.4638 83.9979 76.8725 11.4659 12.9161
internal_count=17156 9413 7090 6126 2323 7743
is_linear=0
shrinkage=0.035


Tree=90
num_leaves=7
num_cat=0
split_feature=40 26 21 16 5 51
split_gain=5.4612 4.71347 6.06614 3.14826 2.55382 2.77504
threshold=0.47266678512096411 0.47742566466331487 0.21186838299036029 0.62902003526687633 0.063146010041236891 0.42008516192436224
decision_type=8 8 10 10 10 10
left_child=1 4 -3 -4 -1 -6
right_child=-2 2 3 -5 5 -7
leaf_value=0.0064166279681202292 -0.014078261189308884 -0.0030117944683847007 0.022859308990678163 0 -0.01537911654900781 0.0028168063741506378
leaf_weight=8.2373754255240765 14.228560361836569 19.153143236530013 27.565182738821022 13.956532456446437 19.122972404351462 6.4182543526403597
leaf_count=711 9060 1440 1378 1160 2617 820
internal_value=0.0011525 0.00487944 0.0104804 0.0172454 -0.00400503 -0.00966017
internal_weight=108.682 94.4535 60.6749 41.5217 33.7786 25.5412
internal_count=17186 8126 3978 2538 4148 3437
is_linear=0
shrinkage=0.035


Tree=91
num_leaves=7
num_cat=0
split_feature=41 89 24 29 66 55
split_gain=5.04746 4.275 4.02464 3.83291 4.36921 3.05916
threshold=0.4189183115959168 0.35180537402629858 0.83738747239112865 0.91348779201507579 0.56426829099655162 0.079967875033617034
decision_type=8 8 10 10 10 10
left_child=1 3 -3 4 -1 -4
right_child=-2 2 5 -5 -6 -7
leaf_value=0.021900228556137276 -0.011406144626520009 -0.0097661883676900003 -0.0054112129422448718 -0.0054303007404794554 -0.00080150120872874049 0.017230490840105486
leaf_weight=25.703422742313705 27.3544052883517 29.161309884279035 2.984157283557578 4.8036441180156535 8.1085972897708398 9.268716882215811
leaf_count=923 9969 4380 538 202 442 744
internal_value=0 0.00424129 -0.00252586 0.0118131 0.0160887 0.00916467
internal_weight=107.384 80.0298 41.4142 38.6157 33.812 12.2529
internal_count=17198 7229 5662 1567 1365 1282
is_linear=0
shrinkage=0.035


Tree=92
num_leaves=7
num_cat=0
split_feature=50 89 47 46 93 34
split_gain=5.00408 4.72052 3.51038 5.38585 3.2867 3.19823
threshold=0.57017078995704662 0.28429529070854193 0.38270016014575964 0.36237858235836035 0.66369688510894786 0.3430746346712113
decision_type=8 8 10 10 10 10
left_child=1 4 -3 -4 5 -1
right_child=-2 2 3 -5 -6 -7
leaf_value=0 -0.016095963523450205 -0.015199258320745722 0.010177853283902864 -0.010957731268732215 -0.0044923135169303184 0.019796330978440739
leaf_weight=7.6009662350406861 11.053289018571375 11.660227043030316 30.488947548263241 14.944393033976665 4.6235962659120551 28.437414888176136
leaf_count=563 7430 3324 2608 1897 211 1152
internal_value=0 0.00335962 -0.00243503 0.00164348 0.0116375 0.0153392
internal_weight=108.809 97.7555 57.0936 45.4333 40.662 36.0384
internal_count=17185 9755 7829 4505 1926 1715
is_linear=0
shrinkage=0.035


Tree=93
num_leaves=7
num_cat=0
split_feature=69 34 3 38 34 3
split_gain=7.61457 5.158 3.93871 2.6918 3.30296 2.20957
threshold=0.69923019409179699 0.86029523611068737 0.47520534694194799 0.26243211328983312 0.27473402023315435 0.079207208007574095
decision_type=10 10 10 10 10 8
left_child=1 5 3 -2 -5 -1
right_child=2 -3 -4 4 -6 -7
leaf_value=0 0 0.0038294441114992009 -0.0043285334307786418 -0.0015704312788210365 0.020514864607454709 -0.019537222415966667
leaf_weight=5.762292494880966 10.321209475048816 14.087310401024295 15.361947219877036 3.9901154803810668 27.82624919898808 30.493480397679377
leaf_count=879 564 1694 3497 215 971 9403
internal_value=-0.000591025 -0.010134 0.00717994 0.0124439 0.0166675 -0.0164573
internal_weight=107.843 50.3431 57.4995 42.1376 31.8164 36.2558
internal_count=17223 11976 5247 1750 1186 10282
is_linear=0
shrinkage=0.035


Tree=94
num_leaves=7
num_cat=0
split_feature=79 86 5 4 29 17
split_gain=4.29341 3.57802 4.31638 3.36702 3.699 2.93586
threshold=0.44860129058361059 0.42421370744705206 0.12351095676422121 0.26617865264415747 0.89466065168380748 0.20227486640214923
decision_type=8 8 10 10 10 10
left_child=1 3 -3 -1 -5 -4
right_child=-2 2 5 4 -6 -7
leaf_value=-0.0056809741389289284 -0.012658986742451439 0.0089427121412511551 0.0003961006137666397 0.018278582462722716 -0.0025505024877798934 -0.016388619447867514
leaf_weight=5.0031404710025518 18.332145929569378 14.6140685925493 12.559078270103781 31.577603867161088 6.2592219124780959 19.608838696905877
leaf_count=671 9501 1146 1126 1680 258 2874
internal_value=0 0.00326348 -0.00250258 0.00999575 0.0138438 -0.00975473
internal_weight=107.954 89.622 46.782 42.84 37.8368 32.1679
internal_count=17256 7755 5146 2609 1938 4000
is_linear=0
shrinkage=0.035


Tree=95
num_leaves=7
num_cat=0
split_feature=40 87 5 87 21 55
split_gain=4.63847 5.26883 5.51869 5.50892 5.05126 2.33242
threshold=0.47266678512096411 0.2982014417648316 0.22087842226028445 0.094840921461582198 0.39362630248069769 0.079967875033617034
decision_type=8 8 10 10 10 10
left_child=1 3 5 -1 -5 -3
right_child=-2 2 -4 4 -6 -7
leaf_value=-0.003994000318754627 -0.014753030711310783 -0.0064030472310183367 -0.012588018886973877 0.027360760142715067 -0.001266875680019166 0.010034461338306495
leaf_weight=8.6789870015345496 13.304510259011293 4.4022431320045134 27.946665718685836 18.444619104149755 4.9924866886576629 29.393093941034749
leaf_count=444 9079 656 3850 775 483 1967
internal_value=0 0.00320327 -0.00224671 0.013348 0.0208221 0.0058214
internal_weight=107.163 93.8581 61.742 32.1161 23.4371 33.7953
internal_count=17254 8175 6473 1702 1258 2623
is_linear=0
shrinkage=0.035


Tree=96
num_leaves=7
num_cat=0
split_feature=50 21 15 65 10 12
split_gain=6.25277 4.0404 4.29808 3.55107 3.29961 2.15116
threshold=0.2218362167477608 0.20806432515382769 0.58642888069152843 0.15101002156734469 0.38058106601238256 0.56153950095176708
decision_type=8 8 10 8 10 8
left_child=1 -1 4 5 -3 -2
right_child=3 2 -4 -5 -6 -7
leaf_value=-0.0046754348375118368 0.014187538505583373 0 -0.0014541728330214961 -0.013846476489710614 0.022763712125783167 -0.0053886702005988985
leaf_weight=17.081526096910238 5.1804198408499333 8.8298413835000229 13.482703283312729 36.880955986271147 24.279836433939636 3.1242064390098685
leaf_count=857 620 649 1209 11410 1108 1448
internal_value=0 0.00653829 0.0116938 -0.00929557 0.017566 0.00457251
internal_weight=108.859 63.6739 46.5924 45.1856 33.1097 8.30463
internal_count=17301 3823 2966 13478 1757 2068
is_linear=0
shrinkage=0.035


Tree=97
num_leaves=7
num_cat=0
split_feature=36 34 15 26 54 40
split_gain=4.82282 3.11374 4.16031 4.18804 3.34769 3.08847
threshold=0.43670243024826055 0.571098953485489 0.13955321162939074 0.47742566466331487 0.55711558461189281 0.012776211369782688
decision_type=8 10 8 10 10 10
left_child=1 4 -3 -4 5 -1
right_child=-2 2 3 -5 -6 -7
leaf_value=0.003995993083090856 -0.015141740402991183 -0.010048950014769766 0 0.017909015243901094 0.0060516225290622293 -0.017713588204264663
leaf_weight=3.0013818521983984 18.191747939854395 6.1807660729391491 24.462848569790367 27.947965609608218 8.7016818786505592 18.79376691771904
leaf_count=96 9675 524 2514 1065 1323 2084
internal_value=-0.00168639 0.0015417 0.00640864 0.0102922 -0.00583373 -0.0126917
internal_weight=107.28 89.0884 58.5916 52.4108 30.4968 21.7951
internal_count=17281 7606 4103 3579 3503 2180
is_linear=0
shrinkage=0.035


Tree=98
num_leaves=7
num_cat=0
split_feature=87 17 21 49 66 31
split_gain=5.31578 5.30148 5.19743 3.59835 2.97499 2.80288
threshold=0.37160307168960577 0.20227486640214923 0.39362630248069769 0.13753807544708255 0.47494657337665563 0.77274104952812206
decision_type=8 8 10 10 10 10
left_child=2 3 5 -2 -5 -1
right_child=1 -3 -4 4 -6 -7
leaf_value=0.017947508697668469 -0.01063359737532469 -0.017576242787353705 -0.0075477194571418205 -0.003908708284911893 0.016656760817728898 0
leaf_weight=22.674050838279076 8.9831647742539662 32.073523613391444 15.20808751467848 4.6370695832883966 13.457207600004038 8.8279342918540333
leaf_count=1501 1641 7797 4339 306 1069 596
internal_value=-0.00263428 -0.00937323 0.00506267 0.000639181 0.00979192 0.0127752
internal_weight=105.861 59.151 46.7101 27.0774 18.0943 31.502
internal_count=17249 10813 6436 3016 1375 2097
is_linear=0
shrinkage=0.035


Tree=99
num_leaves=7
num_cat=0
split_feature=13 87 45 25 67 46
split_gain=5.46347 2.92506 3.56992 3.40898 2.98845 2.64628
threshold=0.36833150684833532 0.482992634177208 0.35262694954872137 0.52778786420822155 0.80461138486862194 0.54394671320915233
decision_type=8 8 10 10 10 10
left_child=1 2 4 -3 -1 -4
right_child=-2 3 5 -5 -6 -7
leaf_value=0.020698257800306007 -0.013029059787998506 0.0045003501538873267 -0.0080011878078976653 -0.013325719816859979 -0.0021203417715579343 0.0094824047889362634
leaf_weight=22.893131888820793 20.573648458521347 22.876312988810241 15.444043884635905 12.997180580277925 2.2994338436983517 11.360604843881445
leaf_count=879 10908 2415 857 1236 165 861
internal_value=0 0.00438353 0.00935211 -0.00201371 0.0170248 0
internal_weight=108.444 87.8707 51.9972 35.8735 25.1926 26.8046
internal_count=17321 6413 2762 3651 1044 1718
is_linear=0
shrinkage=0.035


Tree=100
num_leaves=7
num_cat=0
split_feature=88 50 34 31 52 36
split_gain=4.61189 4.27339 3.13949 2.75895 3.26616 1.44516
threshold=0.55990868806839 0.59741017222404491 0.84039208292961132 0.80903124809265148 0.85190713405609142 0.043542178347706802
decision_type=8 10 10 10 10 8
left_child=1 3 5 4 -1 -2
right_child=2 -3 -4 -5 -6 -7
leaf_value=0.014226917571475414 0 -0.012440220395792539 0 -0.0019717119632434998 -0.0048212440315850537 -0.020420821676926933
leaf_weight=48.782118917268235 1.9840247923275516 6.563937395985703 13.025688361143692 16.303541831031907 4.8892516730702473 15.357819967670364
leaf_count=2989 263 4908 1754 1158 799 5415
internal_value=0 0.00424768 -0.0103679 0.0076021 0.0112401 -0.0177343
internal_weight=106.906 76.5388 30.3675 69.9749 53.6714 17.3418
internal_count=17286 9854 7432 4946 3788 5678
is_linear=0
shrinkage=0.035


Tree=101
num_leaves=7
num_cat=0
split_feature=45 44 62 1 98 76
split_gain=3.70596 6.72217 3.60251 2.55234 2.5218 2.37429
threshold=0.35262694954872137 0.23231901973485949 0.4110571444034577 0.10333121195435525 0.08503455296158792 0.02701965440064669
decision_type=8 10 10 10 10 8
left_child=1 3 4 -1 -3 -2
right_child=5 2 -4 -5 -6 -7
leaf_value=0.0023898302581322481 0.0047504584039032112 0 0 -0.01196084817909761 0.027389858008277 -0.011779994973537485
leaf_weight=18.842776061152108 3.7618659237050442 1.0647451417753497 7.1878102159243999 19.710730486433022 12.523338466999119 42.175299586146139
leaf_count=1425 427 54 1236 2456 874 10770
internal_value=-0.00194993 0.00310902 0.0165633 -0.00461392 0.0238769 -0.00894913
internal_weight=105.267 59.3294 20.7759 38.5535 13.5881 45.9372
internal_count=17242 6045 2164 3881 928 11197
is_linear=0
shrinkage=0.035


Tree=102
num_leaves=7
num_cat=0
split_feature=52 94 63 31 51 90
split_gain=4.83037 5.39499 4.4717 4.20374 3.64028 2.90189
threshold=0.40959098935127264 0.97394677996635448 0.23145523667335513 0.77274104952812206 0.62885102629661571 0.765153467655182
decision_type=8 10 8 8 10 10
left_child=3 2 -2 4 5 -1
right_child=1 -3 -4 -5 -6 -7
leaf_value=0.017861234806709141 0.0011697705627738155 0.0096729164864294247 -0.020656477053952467 -0.0051732104624572879 -0.006620631302228004 -0.00210692057177644
leaf_weight=34.666690298588946 9.5681823475169931 6.1396132915979242 26.927929360244889 20.655600632366259 3.6482913267682298 3.7314558748039408
leaf_count=1810 2237 347 7582 2053 2711 476
internal_value=-0.000460252 -0.00906802 -0.0145729 0.00501403 0.0110946 0.0147606
internal_weight=105.338 42.6357 36.4961 62.702 42.0464 38.3981
internal_count=17216 10166 9819 7050 4997 2286
is_linear=0
shrinkage=0.035


Tree=103
num_leaves=7
num_cat=0
split_feature=4 26 25 5 16 53
split_gain=4.71596 5.65626 6.41945 5.36869 4.36884 4.08868
threshold=0.81695765256881725 0.47742566466331487 0.55579552054405224 0.067586615681648268 0.62902003526687633 0.3301080465316773
decision_type=8 10 10 10 10 10
left_child=1 3 4 -1 -3 -4
right_child=-2 2 5 -5 -6 -7
leaf_value=0.0099419074122380508 -0.013458381774776158 0.029846741673046146 0.011399548517306984 -0.012779785818456063 -6.0683231400511262e-05 -0.0096667915485834695
leaf_weight=9.777286929660475 18.966749247454572 14.098209076561036 12.512667723232882 29.803296651516575 3.5521931879920876 17.073247779160738
leaf_count=961 3211 916 1542 7248 464 2897
internal_value=-0.000166904 0.00307369 0.0108229 -0.00533575 0.0236393 0
internal_weight=105.784 86.8169 47.2363 39.5806 17.6504 29.5859
internal_count=17239 14028 5819 8209 1380 4439
is_linear=0
shrinkage=0.035


Tree=104
num_leaves=7
num_cat=0
split_feature=62 9 4 34 21 24
split_gain=3.42985 3.5549 4.62901 3.19433 3.08044 1.13778
threshold=0.64096668362617504 0.10568412393331529 0.52072536945343029 0.77922767400741588 0.20806432515382769 0.8560781478881837
decision_type=8 10 10 10 10 10
left_child=1 -1 3 -3 -4 -2
right_child=5 2 4 -5 -6 -7
leaf_value=-0.011345114877863939 -0.016432272031812013 -0.01118908623753772 -0.002559038924587208 0.005976951926800176 0.015483253379957079 0
leaf_weight=10.251765447494106 11.214553059951866 20.115926072816364 6.57829063682584 14.147546323714776 39.446247137035243 3.1379726324230424
leaf_count=843 6162 4072 697 1417 3005 993
internal_value=-0.00031626 0.00206039 0.00523966 -0.00306924 0.0119356 -0.0130291
internal_weight=104.892 90.5398 80.288 34.2635 46.0245 14.3525
internal_count=17189 10034 9191 5489 3702 7155
is_linear=0
shrinkage=0.035


Tree=105
num_leaves=7
num_cat=0
split_feature=81 32 76 23 24 94
split_gain=5.53893 4.29543 3.99385 3.0035 2.44787 2.43738
threshold=0.57449340820312511 0.46914309263229376 0.66605797410011303 0.26222681999206549 0.77715891599655162 0.94192624092102062
decision_type=8 10 10 10 10 10
left_child=1 -1 3 -3 -4 -2
right_child=5 2 4 -5 -6 -7
leaf_value=-0.0087714664941656809 -0.018872718638706161 0 -0.011876428069812907 0.017338120935875462 0.0060613534852132942 0
leaf_weight=18.516124792629853 18.525047814997382 10.567874223866964 11.426083852769809 32.254530517850071 6.9527568336343384 5.8016549405874676
leaf_count=4057 7129 959 1784 2312 793 270
internal_value=-0.00156623 0.00261134 0.00742971 0.0128727 -0.00332003 -0.0141384
internal_weight=104.044 79.7174 61.2012 42.8224 18.3788 24.3267
internal_count=17304 9905 5848 3271 2577 7399
is_linear=0
shrinkage=0.035


Tree=106
num_leaves=7
num_cat=0
split_feature=63 63 52 69 7 45
split_gain=4.03911 3.51294 5.94913 3.68053 3.11559 2.48739
threshold=0.50534558296203624 0.36209064722061163 0.39173574745655065 0.80908560752868663 0.14833591133356097 0.20338996499776843
decision_type=8 10 10 10 8 10
left_child=1 5 3 -3 -2 -1
right_child=4 2 -4 -5 -6 -7
leaf_value=-0.015070576463706457 0 0.027955014973942271 -0.0045284163910941097 0 -0.019585915604874406 9.8745880500929347e-05
leaf_weight=8.0969769514049386 8.9228639507200587 11.687972269719468 13.1415727493586 8.9689636140246858 14.629217827750834 40.262245895690285
leaf_count=801 839 608 1731 302 7627 5274
internal_value=-0.00146878 0.00191047 0.0098106 0.0194824 -0.0124162 -0.00328828
internal_weight=105.71 82.1577 33.7985 20.6569 23.5521 48.3592
internal_count=17182 8716 2641 910 8466 6075
is_linear=0
shrinkage=0.035


Tree=107
num_leaves=7
num_cat=0
split_feature=72 5 28 46 95 86
split_gain=5.49323 4.63374 3.00097 4.25447 2.89967 2.75576
threshold=0.85452121496200573 0.21727137267589572 0.90778547525405895 0.46052372455596929 0.82609340548515331 0.2309415861964226
decision_type=10 8 8 10 10 8
left_child=1 4 3 -2 -1 -3
right_child=2 5 -4 -5 -6 -7
leaf_value=-0.0057897095245804161 0.024324676437820662 0 -0.0036398368685384062 0 0.010724285775199318 -0.017201026391995521
leaf_weight=13.169984319130888 14.024031549517533 14.176617390476165 5.0278747116099138 9.7527915781829488 20.050649185548536 29.45370085228933
leaf_count=2190 628 2901 529 1346 1129 8465
internal_value=-1.26602e-05 -0.0053329 0.0108291 0.015687 0.00305078 -0.0122168
internal_weight=105.656 76.851 28.8047 23.7768 33.2206 43.6303
internal_count=17188 14685 2503 1974 3319 11366
is_linear=0
shrinkage=0.035


Tree=108
num_leaves=7
num_cat=0
split_feature=39 87 33 10 57 8
split_gain=3.93703 3.58297 4.6221 4.36263 4.31234 2.93334
threshold=0.49467657506465917 0.37689180672168737 0.57423993945121776 0.39891940355300909 0.1221946068108082 0.11180321872234346
decision_type=8 8 8 10 10 10
left_child=1 4 -3 -4 -1 -6
right_child=-2 2 3 -5 5 -7
leaf_value=-0.0039997691055917699 -0.015716433658736411 -0.014978495617648016 -0.0080141337435243737 0.012487131824180387 0 0.02179134451459849
leaf_weight=12.856264106812885 10.836238281568511 19.251623290474527 13.20221554150339 20.105720143939834 11.542745630024003 17.93733710644301
leaf_count=690 8718 2610 1630 1885 414 1338
internal_value=-0.000767665 0.00151833 -0.00375078 0.00311181 0.00865927 0.015256
internal_weight=105.732 94.8959 52.5596 33.3079 42.3363 29.4801
internal_count=17285 8567 6125 3515 2442 1752
is_linear=0
shrinkage=0.035


Tree=109
num_leaves=7
num_cat=0
split_feature=36 72 89 63 33 53
split_gain=5.67503 3.56623 5.16878 3.11585 3.21012 1.988
threshold=0.43670243024826055 0.65160861611366283 0.31865502893924719 0.36209064722061163 0.90192779898643505 0.5030762553215028
decision_type=8 10 8 10 10 10
left_child=1 2 -1 5 -5 -3
right_child=-2 3 -4 4 -6 -7
leaf_value=0.0054771942129452139 -0.017115182845061017 -0.0084991558748430725 -0.015284474048861218 0.01877999186145712 -0.0033520351097135678 0.0073066064709253909
leaf_weight=18.613416591251735 17.060878081480041 13.571980955777692 21.18575457931729 22.82409153634217 3.0682165332837021 8.4943994248751533
leaf_count=1109 9656 721 3771 1291 306 335
internal_value=-0.00221855 0.00131715 -0.00518465 0.00762079 0.0144362 -0.000343425
internal_weight=104.819 87.7579 39.7992 47.9587 25.8923 22.0664
internal_count=17189 7533 4880 2653 1597 1056
is_linear=0
shrinkage=0.035


Tree=110
num_leaves=7
num_cat=0
split_feature=13 31 74 66 3 72
split_gain=4.52506 4.27698 4.84553 3.32891 2.66526 2.1483
threshold=0.48323406279087072 0.78623715043067943 0.5074671506881715 0.7253406047821046 0.30823937058448797 0.90240040421485912
decision_type=8 10 10 10 10 8
left_child=1 2 4 -4 -1 -3
right_child=-2 5 3 -5 -6 -7
leaf_value=0.005063382238741621 -0.015325971115707718 -0.011974814266370894 0.018759265883424019 -0.00228797381662938 -0.011362857534924093 0.0035658241135908451
leaf_weight=18.032231473654978 12.112987553060519 20.439778622239832 32.677849215455353 4.4753146418370298 12.618505911901591 6.2029052958823732
leaf_count=1714 8932 2200 2040 554 1576 227
internal_value=0 0.00282736 0.00764564 0.0151051 -0.00129296 -0.00685328
internal_weight=106.56 94.4466 67.8039 37.1532 30.6507 26.6427
internal_count=17243 8311 5884 2594 3290 2427
is_linear=0
shrinkage=0.035


Tree=111
num_leaves=7
num_cat=0
split_feature=57 21 26 25 95 88
split_gain=4.16073 3.02177 3.97893 5.82244 2.62294 1.79821
threshold=0.46612693369388586 0.21186838299036029 0.48097208142280584 0.55579552054405224 0.82609340548515331 0.20136634632945064
decision_type=8 10 10 10 10 10
left_child=1 5 4 -4 -3 -1
right_child=-2 2 3 -5 -6 -7
leaf_value=0.0017710314855896043 -0.014815239111575703 -0.010454754097526435 0.025125774686695222 0 0.0062416990895810412 -0.012214621960774281
leaf_weight=8.1139307921403105 13.237004078808239 16.6295129423379 15.204165579343679 25.885778937488794 10.872139572922604 15.150618352927266
leaf_count=318 9165 2542 657 1983 998 1517
internal_value=-0.000430028 0.00213806 0.00610688 0.012374 -0.00245626 -0.0064526
internal_weight=105.093 91.8561 68.5916 41.0899 27.5017 23.2645
internal_count=17180 8015 6180 2640 3540 1835
is_linear=0
shrinkage=0.035


Tree=112
num_leaves=7
num_cat=0
split_feature=86 64 17 81 55 16
split_gain=4.54935 5.45173 4.49965 3.92047 2.98548 3.73137
threshold=0.42421370744705206 0.43861855566501623 0.20227486640214923 0.57449340820312511 0.079967875033617034 0.40205661952495581
decision_type=8 10 8 8 10 10
left_child=1 3 4 -1 -2 -6
right_child=2 -3 -4 -5 5 -7
leaf_value=0.018198934385068786 -0.010107354264428818 -0.0079925042140432893 -0.015015828276389179 -0.001547559382917044 -0.0048217254619453602 0.01795995724506096
leaf_weight=30.420320243400056 4.8752678706077885 12.88013791432604 28.707961555744987 9.7291084639728052 5.610414978349584 13.033238584641365
leaf_count=1849 1036 4522 7215 950 684 999
internal_value=0 0.00655236 -0.00700194 0.0128615 0.00244283 0.00974455
internal_weight=105.256 53.0296 52.2269 40.1494 23.5189 18.6437
internal_count=17255 7321 9934 2799 2719 1683
is_linear=0
shrinkage=0.035


Tree=113
num_leaves=7
num_cat=0
split_feature=34 31 74 66 51 95
split_gain=4.00004 3.51458 4.54898 2.93661 2.53737 2.26152
threshold=0.43428131937980657 0.78623715043067943 0.5074671506881715 0.7253406047821046 0.42008516192436224 0.87772208452224743
decision_type=10 10 10 10 10 10
left_child=-1 2 5 -4 -3 -2
right_child=1 4 3 -5 -6 -7
leaf_value=-0.011565581897469744 -0.010569708309181377 -0.012005327734245995 0.018830058052598391 -0.0019587221783377261 0.0053256342401359165 0.0056392859000934702
leaf_weight=25.06086277239956 12.933970434125515 19.253939494257796 27.67709289962659 3.4788166643702416 5.9040969954803577 10.089539014094042
leaf_count=7473 3046 1937 2814 569 839 597
internal_value=-0.000938167 0.00256957 0.00768042 0.0152421 -0.00605115 -0.00215172
internal_weight=104.398 79.3375 54.1794 31.1559 25.158 23.0235
internal_count=17275 9802 7026 3383 2776 3643
is_linear=0
shrinkage=0.035


Tree=114
num_leaves=7
num_cat=0
split_feature=63 63 87 43 69 4
split_gain=2.83262 2.50789 2.31088 3.17667 2.77306 2.27392
threshold=0.53366470336914074 0.36209064722061163 0.23625686019659045 0.21927897632122043 0.88487476110458385 0.60475963354110729
decision_type=8 10 8 10 8 10
left_child=1 5 4 -4 -3 -1
right_child=-2 2 3 -5 -6 -7
leaf_value=-0.010308865516566446 -0.011084572669832177 0.025177281869943606 0.0092541455509826901 -0.0098069558167608612 -9.3491166570868172e-05 0.002290898042078617
leaf_weight=21.625652465387248 20.766906001896132 6.0388834448531243 16.331016134063251 10.795943686389363 2.3175846804515468 26.318652618094347
leaf_count=3988 8041 591 1028 1417 78 2179
internal_value=-0.0013577 0.00124734 0.00783811 0 0.0183411 -0.00311535
internal_weight=104.195 83.4277 35.4834 27.127 8.35647 47.9443
internal_count=17322 9281 3114 2445 669 6167
is_linear=0
shrinkage=0.035


Tree=115
num_leaves=7
num_cat=0
split_feature=51 51 5 15 93 38
split_gain=3.84438 3.48542 3.7552 4.4686 2.71767 2.38306
threshold=0.55006137490272533 0.42008516192436224 0.12351095676422121 0.4431284368038178 0.51762911677360546 0.41588032245635992
decision_type=8 10 10 8 10 10
left_child=1 2 4 -4 -1 -3
right_child=-2 5 3 -5 -6 -7
leaf_value=0.017650173950328897 -0.015349199745190768 0 0.00049988236500122781 -0.017397664281770007 0 0.021161153126595757
leaf_weight=9.1727084910380672 10.253364234114995 7.9323264669510563 31.728113730205223 18.82883360265987 16.628021140990313 8.8061314692022261
leaf_count=779 7800 923 2368 2656 1314 1351
internal_value=-0.000207983 0.00202298 -0.000954963 -0.00673532 0.00773182 0.0136457
internal_weight=103.349 93.0961 76.3577 50.5569 25.8007 16.7385
internal_count=17191 9391 7117 5024 2093 2274
is_linear=0
shrinkage=0.035


Tree=116
num_leaves=7
num_cat=0
split_feature=40 86 5 25 81 72
split_gain=3.61325 3.53155 3.71216 3.71147 2.71378 2.24403
threshold=0.47266678512096411 0.30286084115505224 0.12351095676422121 0.31778363883495336 0.66111296415328991 0.89979010820388805
decision_type=8 8 10 10 10 10
left_child=1 3 -3 -1 -5 -4
right_child=-2 2 5 4 -6 -7
leaf_value=-0.0061936497607414974 -0.014189441313605522 0.0070327082928283323 -0.012675024238465567 0.01874084920191316 -0.00011064736882580119 0.0023094070658359065
leaf_weight=4.9705515006207852 11.103665038652251 19.820113748311996 30.590452293108683 25.936680967512078 5.4742757912608786 7.1110487908590576
leaf_count=536 9033 1358 4473 960 541 350
internal_value=0 0.0023855 -0.00234406 0.0101208 0.0147678 -0.00879046
internal_weight=105.007 93.9031 57.5216 36.3815 31.411 37.7015
internal_count=17251 8218 6181 2037 1501 4823
is_linear=0
shrinkage=0.035


Tree=117
num_leaves=7
num_cat=0
split_feature=89 0 31 50 21 4
split_gain=3.32395 4.51294 2.89902 3.02936 2.46245 4.07647
threshold=0.28429529070854193 0.21694552898406985 0.67922690510749828 0.59741017222404491 0.21532008796930316 0.35563486814498907
decision_type=8 8 10 10 10 10
left_child=2 4 3 -1 -2 -6
right_child=1 -3 -4 -5 5 -7
leaf_value=0.016107020138414741 -0.008271011113027112 -0.015485942183563804 -0.0029236190257506292 -0.0046755204808901982 -0.0069747477163572833 0.014982924024175535
leaf_weight=26.046346102550164 9.3648445745347981 23.309860202600248 15.371021905448286 2.8919653497287063 6.8635052744066369 19.539755508711096
leaf_count=1394 672 8793 1196 2330 1397 1392
internal_value=0 -0.00554624 0.00619644 0.012046 0.00137845 0.00745443
internal_weight=103.387 59.078 44.3093 28.9383 35.7681 26.4033
internal_count=17174 12254 4920 3724 3461 2789
is_linear=0
shrinkage=0.035


Tree=118
num_leaves=7
num_cat=0
split_feature=46 72 28 76 37 42
split_gain=3.80734 4.35355 4.57792 2.99625 2.45684 2.11644
threshold=0.36237858235836035 0.88541650772094738 0.88414263725280773 0.038779191672801978 0.084369976073503508 0.28241443634033209
decision_type=8 10 10 8 10 8
left_child=1 5 4 -2 -3 -1
right_child=3 2 -4 -5 -6 -7
leaf_value=0.0048475775932234153 0.0059635980705925731 0 -0.0038310336652586773 -0.011440803157061483 0.031613910129745869 -0.0081335509457830298
leaf_weight=24.768539342156146 6.0441637504845849 0.88963945908471753 2.2710843037348241 43.132409765326884 7.0661023168358952 19.600700943206903
leaf_count=3066 632 29 229 10411 228 2683
internal_value=-0.00103145 0.00448836 0.0190158 -0.00784836 0.0274789 -0.000250981
internal_weight=103.773 54.5961 10.2268 49.1766 7.95574 44.3692
internal_count=17278 6235 486 11043 257 5749
is_linear=0
shrinkage=0.035


Tree=119
num_leaves=7
num_cat=0
split_feature=62 63 1 45 87 34
split_gain=3.25503 4.29653 3.20248 5.05998 2.93061 2.88444
threshold=0.47939430177211767 0.36209064722061163 0.37820163369178778 0.20338996499776843 0.53390479087829601 0.25994209945201879
decision_type=8 10 10 10 8 10
left_child=1 2 3 -1 5 -3
right_child=-2 4 -4 -5 -6 -7
leaf_value=-0.012176540925259473 -0.0094130967386735435 -0.0018428399017801245 -0.012581948855954256 0.011682679277693495 0 0.021947388014843989
leaf_weight=7.7015116814291131 27.1179252412403 1.700727308227221 16.694491328496952 23.027893027523533 8.7912272080429812 18.737502803676762
leaf_count=784 9037 247 4091 1210 892 967
internal_value=-5.14104e-05 0.00321691 -0.00251527 0.00306741 0.0124694 0.0181601
internal_weight=103.771 76.6534 47.4239 30.7294 29.2295 20.4382
internal_count=17228 8191 6085 1994 2106 1214
is_linear=0
shrinkage=0.035


Tree=120
num_leaves=7
num_cat=0
split_feature=87 21 17 65 23 16
split_gain=4.11784 3.98337 3.57765 3.92979 2.99145 2.79676
threshold=0.37689180672168737 0.39362630248069769 0.20227486640214923 0.065957963466644301 0.25830529630184179 0.41743202507495886
decision_type=8 10 8 8 10 10
left_child=1 4 5 -4 -1 -2
right_child=2 -3 3 -5 -6 -7
leaf_value=0 -0.010371887337060036 -0.0062147486220410133 0.0041288330190186453 -0.019917788030931041 0.018029769041346136 0.008048285691874095
leaf_weight=13.515307740774004 7.7962446587043841 14.977617020311298 3.607468503352723 24.785623476200271 19.61341081361752 18.657493481121492
leaf_count=1012 1141 4424 940 6799 1075 1845
internal_value=-0.00159775 0.00484984 -0.00798579 -0.015184 0.0113645 0
internal_weight=102.953 48.1063 54.8468 28.3931 33.1287 26.4537
internal_count=17236 6511 10725 7739 2087 2986
is_linear=0
shrinkage=0.035


Tree=121
num_leaves=7
num_cat=0
split_feature=47 23 15 5 21 94
split_gain=3.76428 3.47526 4.27619 3.55911 3.36065 1.56116
threshold=0.37901014089584356 0.25830529630184179 0.38327877223491674 0.084447272121906294 0.20806432515382769 0.98649948835372936
decision_type=10 10 10 10 10 10
left_child=5 -2 4 -4 -3 -1
right_child=1 2 3 -5 -6 -7
leaf_value=-0.015399852989301051 -0.0070683281995713278 0 0.012575605751817518 -0.0068915057060566559 0.021214890633024345 0.00095111654670863941
leaf_weight=16.301061752892569 19.997052029299084 7.3403434215579209 8.4110003625974041 29.154586245014798 20.808429697877727 1.0991981144761656
leaf_count=6414 2974 769 412 5158 1462 96
internal_value=0 0.00283334 0.00699876 0 0.0156459 -0.0123258
internal_weight=103.112 85.7114 65.7144 37.5656 28.1488 17.4003
internal_count=17285 10775 7801 5570 2231 6510
is_linear=0
shrinkage=0.035


Tree=122
num_leaves=7
num_cat=0
split_feature=82 88 46 77 46 72
split_gain=3.64185 2.77823 3.02272 4.19069 3.75251 2.36503
threshold=0.48828592896461492 0.20136634632945064 0.36237858235836035 0.019935140386223796 0.13382533192634585 0.95704585313797008
decision_type=8 8 10 10 10 10
left_child=1 5 4 -4 -3 -1
right_child=-2 2 3 -5 -6 -7
leaf_value=0.01403442669056611 -0.014909081451210913 -0.010009728511654638 0.010261650886699371 -0.016097324870438572 0.0089629142848183727 -0.0039496431057392204
leaf_weight=24.720637463557072 10.064481453737242 8.7237510329578054 1.3044049857999223 20.805523679300677 34.892472160514444 2.875466475961729
leaf_count=1347 8753 1631 61 2552 2731 151
internal_value=-3.80263e-05 0.00209815 -0.00133836 -0.0104854 0.00318778 0.0102191
internal_weight=103.387 93.3223 65.7262 22.1099 43.6162 27.5961
internal_count=17226 8473 6975 2613 4362 1498
is_linear=0
shrinkage=0.035


Tree=123
num_leaves=7
num_cat=0
split_feature=79 74 74 67 71 3
split_gain=3.65014 2.72271 6.36162 2.59286 2.37396 1.9072
threshold=0.42429800331592565 0.46266801655292517 0.72123005986213695 0.89700934290885936 0.97475337982177745 0.30465127527713781
decision_type=8 10 10 10 10 10
left_child=1 5 3 -3 -2 -1
right_child=4 2 -4 -5 -6 -7
leaf_value=0.0017078285057689742 -0.01641957177298178 0.020452891369552091 -0.0034118442465135342 -3.4816122721506304e-05 0.0037989451668888944 -0.011417171506541679
leaf_weight=18.938779107294977 15.817034126142973 25.993713444098834 25.143789913039654 3.3698260967503293 1.354427178390323 13.323732297634704
leaf_count=1778 9544 1610 2040 211 271 1739
internal_value=0 0.00294759 0.00762778 0.0171925 -0.0120386 -0.00360012
internal_weight=103.941 86.7698 54.5073 29.3635 17.1715 32.2625
internal_count=17193 7378 3861 1821 9815 3517
is_linear=0
shrinkage=0.035


Tree=124
num_leaves=7
num_cat=0
split_feature=46 72 76 28 95 38
split_gain=3.13164 3.59341 3.46591 3.36348 3.09346 2.86163
threshold=0.36237858235836035 0.88288199901580822 0.038779191672801978 0.89960899949073803 0.78035622835159313 0.30119238793849951
decision_type=8 10 8 10 10 10
left_child=1 4 -2 -3 -1 -6
right_child=2 3 -4 -5 5 -7
leaf_value=-0.01043136522679987 0.0082500729498419297 0.024490343675756004 -0.010652005247980229 -0.0023798381225434394 0.014712496851900922 -0.0022266548893445869
leaf_weight=15.154199376294853 5.9881778119597575 8.588957963685969 41.765255881298799 1.9292954674456257 13.54483028361574 14.581379904469939
leaf_count=3566 612 304 10448 209 954 1154
internal_value=-6.28899e-05 0.00489989 -0.00649639 0.0178278 0 0.00592914
internal_weight=101.552 53.7987 47.7534 10.5183 43.2804 28.1262
internal_count=17247 6187 11060 513 5674 2108
is_linear=0
shrinkage=0.035


Tree=125
num_leaves=7
num_cat=0
split_feature=5 91 45 4 69 50
split_gain=4.0709 4.0652 3.71721 2.7837 2.60519 1.96748
threshold=0.21727137267589572 0.27770617604255682 0.082771368324756636 0.19024885445833209 0.83010047674179088 0.57017078995704662
decision_type=8 8 10 10 10 10
left_child=2 5 -1 -4 -5 -2
right_child=1 -3 3 4 -6 -7
leaf_value=-0.0082463973288966121 0.0071282214079938996 -0.013696419923636601 -0.002799666005592622 0.020068358908187447 0 -0.0085796676284386111
leaf_weight=6.1767183537012889 23.99009346426465 32.074343697458971 5.1304410297889254 22.828809312602974 8.4251380001660419 4.4301295882323748
leaf_count=1047 1528 8827 902 1521 244 3198
internal_value=-0.000287309 -0.00624121 0.00678548 0.0115466 0.0153297 0.00189142
internal_weight=103.056 60.4946 42.5611 36.3844 31.2539 28.4202
internal_count=17267 13553 3714 2667 1765 4726
is_linear=0
shrinkage=0.035


Tree=126
num_leaves=7
num_cat=0
split_feature=41 29 67 89 33 76
split_gain=2.76995 2.32824 3.07044 3.21605 2.56885 1.81988
threshold=0.4189183115959168 0.91348779201507579 0.43659171462059027 0.57986941933631908 0.60893121361732494 0.1289533153176308
decision_type=8 10 10 8 10 8
left_child=1 2 3 -1 -4 -2
right_child=5 -3 4 -5 -6 -7
leaf_value=0.018464779999262056 0.00064232063371147028 -0.0082272139263133755 -0.0087321299949526237 -0.0034597472928685016 0.0057891003082141844 -0.014489024739851961
leaf_weight=19.475182173831858 4.8677143617533174 11.519741878903003 19.045017639640719 3.4840528359054579 24.364624209876638 17.986298550618812
leaf_count=1217 1555 1176 1454 1148 2236 8479
internal_value=-0.00101203 0.0017837 0.00492535 0.0134077 0 -0.0102337
internal_weight=100.743 77.8886 66.3689 22.9592 43.4096 22.854
internal_count=17265 7231 6055 2365 3690 10034
is_linear=0
shrinkage=0.035


Tree=127
num_leaves=7
num_cat=0
split_feature=35 71 57 73 12 74
split_gain=2.92394 2.81335 3.02446 3.15507 2.03228 2.20129
threshold=0.52353671193122875 0.6029944419860841 0.11067375168204309 0.80398628115654003 0.25254236161708837 0.28795707225799566
decision_type=8 10 10 10 10 10
left_child=1 4 -3 -4 5 -1
right_child=-2 2 3 -5 -6 -7
leaf_value=0.012221243071317563 -0.013258092819258509 -0.0036447015009770014 0.018878667038826111 0 -0.0093772847249139514 -0.0043206836940764028
leaf_weight=9.2033216161653417 10.079506698064504 10.953170322638469 21.714540283894166 14.997506615589371 24.401478209649213 10.506085645582059
leaf_count=937 8157 638 1491 1448 3468 1010
internal_value=0 0.00201189 0.00766707 0.0122644 -0.00333041 0.00280724
internal_weight=101.856 91.7761 47.6652 36.712 44.1109 19.7094
internal_count=17149 8992 3577 2939 5415 1947
is_linear=0
shrinkage=0.035


Tree=128
num_leaves=7
num_cat=0
split_feature=72 73 4 57 45 53
split_gain=3.21392 3.52114 4.50559 4.41883 2.16091 1.58773
threshold=0.57453134655952465 0.80398628115654003 0.79273134469985973 0.11484489589929582 0.3870645016431809 0.98473230004310619
decision_type=10 10 10 10 8 10
left_child=4 2 3 -2 -1 -6
right_child=1 -3 -4 -5 5 -7
leaf_value=0 -0.0011187696710745908 -0.0035815904616209268 -0.0031144817622974926 0.023158396083657596 -0.017881703875566583 0
leaf_weight=25.008657473721541 6.5340553808491704 22.802103479742073 11.363079624774398 22.891315125569236 12.664225785818415 1.3226198463817116
leaf_count=3375 372 3150 1372 2461 6212 247
internal_value=9.71863e-05 0.00518234 0.0109417 0.0172779 -0.00654869 -0.0145623
internal_weight=102.586 63.5906 40.7885 29.4254 38.9955 13.9868
internal_count=17189 7355 4205 2833 9834 6459
is_linear=0
shrinkage=0.035


Tree=129
num_leaves=7
num_cat=0
split_feature=51 51 69 68 81 74
split_gain=2.26583 2.44581 2.29463 4.23837 2.12684 1.91434
threshold=0.54369288682937633 0.42008516192436224 0.69923019409179699 0.28694933652877813 0.34219346940517431 0.7059055268764497
decision_type=8 10 10 10 8 10
left_child=1 2 3 -1 -4 -3
right_child=-2 5 4 -5 -6 -7
leaf_value=0.0035795342534525234 -0.01279513585693424 0.016798668131723184 0.010854549272276838 -0.016153999158077206 -0.0021268653081733904 0
leaf_weight=13.774888623214791 9.619895601179449 10.031387888710016 15.965800634701734 21.244683341123164 25.761800855631009 6.0619163403171106
leaf_count=2607 7915 1449 662 2784 1186 712
internal_value=-0.00110449 0.000505217 -0.00181296 -0.00794928 0.0027315 0.0106706
internal_weight=102.46 92.8405 76.7472 35.0196 41.7276 16.0933
internal_count=17315 9400 7239 5391 1848 2161
is_linear=0
shrinkage=0.035


Tree=130
num_leaves=7
num_cat=0
split_feature=13 31 51 58 53 71
split_gain=2.92453 4.25984 2.80924 2.53717 2.43124 3.56304
threshold=0.37370041012763983 0.78623715043067943 0.4064237922430039 0.16684599220752719 0.43558774888515478 0.90211245417594921
decision_type=8 10 10 8 10 10
left_child=1 4 -3 -2 5 -1
right_child=3 2 -4 -5 -6 -7
leaf_value=0.019405845815069451 0.0020973745115462927 -0.013427895226017277 0.0048028533790720387 -0.017192302744819254 0 -0.0029519065179334112
leaf_weight=22.339831586868971 4.5333926052553606 18.760872855724305 6.3131293567130333 12.125282319670076 36.99806547164917 4.4594850597204632
leaf_count=1163 2054 1458 465 8791 3142 287
internal_value=0 0.00266289 -0.00719896 -0.0108365 0.00764034 0.0143535
internal_weight=105.53 88.8714 25.074 16.6587 63.7974 26.7993
internal_count=17360 6515 1923 10845 4592 1450
is_linear=0
shrinkage=0.035


Tree=131
num_leaves=7
num_cat=0
split_feature=74 74 57 67 74 95
split_gain=2.41366 4.22685 3.73931 2.31285 2.10774 1.69094
threshold=0.72123005986213695 0.46266801655292517 0.31481762230396276 0.8924328386783601 0.94455894827842724 0.85503169894218456
decision_type=8 10 10 10 10 10
left_child=1 5 3 -3 -2 -1
right_child=4 2 -4 -5 -6 -7
leaf_value=-0.0094326960815197449 -0.011849137296683616 0.019707493607491078 -0.00489944493859554 0 0.0033137308031013666 0.002053923064823669
leaf_weight=19.908145209425129 23.824946045177061 24.620642238820441 5.1028713691048315 3.4256992475129655 6.0544403562089419 18.602373275731225
leaf_count=6664 3909 1357 2813 202 980 1288
internal_value=0 0.00339118 0.0116345 0.0165189 -0.00733976 -0.00335644
internal_weight=101.539 71.6597 33.1492 28.0463 29.8794 38.5105
internal_count=17213 12324 4372 1559 4889 7952
is_linear=0
shrinkage=0.035


Tree=132
num_leaves=7
num_cat=0
split_feature=62 63 58 55 81 4
split_gain=4.39572 3.58211 3.24859 3.00581 2.88547 2.4344
threshold=0.47939430177211767 0.36209064722061163 0.52516329288482677 0.15919698774814608 0.62289932370185863 0.60475963354110729
decision_type=8 10 10 8 10 10
left_child=1 5 4 -2 -3 -1
right_child=3 2 -4 -5 -6 -7
leaf_value=-0.0081919979143388593 0.0022763596825158688 0.022467778523210868 -0.0011108414426436617 -0.016143169375207881 -0.001097834046552104 0.0053947408000547875
leaf_weight=21.238622596603818 8.4433309370651859 20.241092362033676 6.8337862401967859 17.519509266654495 2.1239168722531749 27.046585525560658
leaf_count=3961 1675 955 947 7345 178 2214
internal_value=0.000690302 0.0052813 0.013493 -0.00948198 0.0188013 0
internal_weight=103.447 77.484 29.1988 25.9628 22.365 48.2852
internal_count=17275 8255 2080 9020 1133 6175
is_linear=0
shrinkage=0.035


Tree=133
num_leaves=7
num_cat=0
split_feature=63 91 69 66 55 31
split_gain=3.3546 2.59615 2.64956 4.65509 2.05258 1.74677
threshold=0.50534558296203624 0.65452218055725109 0.86845153570175182 0.68569761514663707 0.14375881105661395 0.64547908306121837
decision_type=8 8 10 10 8 10
left_child=1 2 3 -1 -2 -4
right_child=4 -3 5 -5 -6 -7
leaf_value=0.015588355359671234 6.1726715297235612e-05 -0.0071409809119552681 0.0033391453026887031 -0.0054351974448468452 -0.015888595524715297 -0.011272922941454655
leaf_weight=39.445480728521943 6.7684059664607075 12.099712988652753 14.251887860125864 8.7533716757316125 14.287110126460901 7.4911065903143017
leaf_count=3767 1421 2236 723 1661 7075 392
internal_value=0 0.00332824 0.00636002 0.0106059 -0.0103491 -0.00160803
internal_weight=103.097 82.0416 69.9418 48.1989 21.0555 21.743
internal_count=17275 8779 6543 5428 8496 1115
is_linear=0
shrinkage=0.035


Tree=134
num_leaves=7
num_cat=0
split_feature=4 46 55 15 88 31
split_gain=2.57857 3.3216 3.70953 3.78574 3.43727 1.74802
threshold=0.19024885445833209 0.36237858235836035 0.079967875033617034 0.23690552264451983 0.34347988665103918 0.62461730837821972
decision_type=10 10 10 10 8 10
left_child=-1 2 -2 -4 5 -3
right_child=1 4 3 -5 -6 -7
leaf_value=-0.012677725559352671 -0.0083186444430932288 0.0078368773009995681 -0.0018253542411123746 0.017201527372337103 -0.014830766417400809 -0.0055560513447173296
leaf_weight=10.620471246598752 5.1073292146902523 19.424764769792095 10.219321684737222 30.736522716644686 15.262390293646602 10.104218846186994
leaf_count=3289 906 3311 817 2457 5173 1252
internal_value=-0.000435646 0.00137447 0.00775085 0.0118591 -0.00436932 0.0016477
internal_weight=101.475 90.8545 46.0632 40.9558 44.7914 29.529
internal_count=17205 13916 4180 3274 9736 4563
is_linear=0
shrinkage=0.035


Tree=135
num_leaves=7
num_cat=0
split_feature=4 25 26 16 86 63
split_gain=2.96581 3.52826 3.28044 2.93468 2.60034 1.79144
threshold=0.27809098362922674 0.57011759281158458 0.47742566466331487 0.68518686294555675 0.42421370744705206 0.20284061878919604
decision_type=10 10 10 10 8 8
left_child=5 2 -2 -4 -3 -1
right_child=1 4 3 -5 -6 -7
leaf_value=0.00096768589715540848 0 0.0028708011989653248 0.02165648066511381 -0.001461287753582341 -0.011567563056363125 -0.014980666328227647
leaf_weight=3.8228995528188561 22.562021718011238 24.843455026799347 18.896940028003886 2.4106050084228619 16.690408806927735 13.068448347097727
leaf_count=901 3759 2931 1210 442 4121 3869
internal_value=0.0001356 0.00341673 0.00984113 0.0175648 -0.00280254 -0.0101111
internal_weight=102.295 85.4034 43.8696 21.3075 41.5339 16.8913
internal_count=17233 12463 5411 1652 7052 4770
is_linear=0
shrinkage=0.035


Tree=136
num_leaves=7
num_cat=0
split_feature=4 45 43 53 85 95
split_gain=2.28843 2.90282 5.44219 3.02781 2.95646 1.82542
threshold=0.19024885445833209 0.35662004351615911 0.075001139193773284 0.88316234946250927 0.17386285960674289 0.41155107319355017
decision_type=10 10 10 10 10 8
left_child=-1 2 -2 5 -4 -3
right_child=1 3 4 -5 -6 -7
leaf_value=-0.012510528221079068 -0.0075859094881129919 0 -0.00013341154891943906 0.0055573942789613924 0.017531800520217255 -0.015549693423413518
leaf_weight=10.514694921148473 14.37072607205482 7.5340198815101784 8.5770816752337833 9.8176235843566229 28.487961654609535 20.015208635508316
leaf_count=3343 1024 5397 924 1654 2268 2659
internal_value=-0.0011085 0.000621544 0.00610383 -0.00551325 0.012981 -0.0112981
internal_weight=99.3173 88.8026 51.4358 37.3669 37.065 27.5492
internal_count=17269 13926 4216 9710 3192 8056
is_linear=0
shrinkage=0.035


Tree=137
num_leaves=7
num_cat=0
split_feature=56 31 89 10 72 72
split_gain=3.55792 2.98727 2.672 2.62515 2.41001 1.57919
threshold=0.49931806325912481 0.78623715043067943 0.27902930974960333 0.39156134426593786 0.95704585313797008 0.90240040421485912
decision_type=8 8 8 10 10 10
left_child=1 2 4 -4 -1 -3
right_child=-2 5 3 -5 -6 -7
leaf_value=0.016591400565525175 -0.014030695060704132 -0.0096680467573980466 -0.011406953435214329 0.0054139422823147945 -0.0019143273996345966 0.0034094341111652222
leaf_weight=28.142216270265639 9.2969317235110775 20.047717667184774 8.4683673053514195 28.606817841995507 3.1442186767817466 6.1169714820571235
leaf_count=1599 8613 2193 1256 3117 208 226
internal_value=0.000160305 0.00305399 0.00702119 0 0.0133842 -0.00499158
internal_weight=103.823 94.5263 68.3616 37.0752 31.2864 26.1647
internal_count=17212 8599 6180 4373 1807 2419
is_linear=0
shrinkage=0.035


Tree=138
num_leaves=7
num_cat=0
split_feature=88 34 76 76 15 77
split_gain=2.68444 4.08291 3.1847 5.71003 3.8434 2.77076
threshold=0.20136634632945064 0.3430746346712113 0.38314719498157507 0.66605797410011303 0.5821208953857423 0.019935140386223796
decision_type=8 10 10 10 10 8
left_child=1 -1 5 4 -4 -2
right_child=2 -3 3 -5 -6 -7
leaf_value=-0.0081598885937007367 0.0042964295715309363 0.01332469884618206 0.016713322864975132 -0.010199221198305164 -0.0057878746728959258 -0.016812716402673889
leaf_weight=6.7379087884037316 1.7935935062123487 23.985804432770237 21.32636721429299 21.691391955013387 4.6546392948075654 23.043850354850292
leaf_count=1865 202 2435 2452 4776 1317 4218
internal_value=-0.000538003 0.00654487 -0.00454336 0.00016289 0.0107236 -0.0130142
internal_weight=103.234 30.7237 72.5098 47.6724 25.981 24.8374
internal_count=17265 4300 12965 8545 3769 4420
is_linear=0
shrinkage=0.035


Tree=139
num_leaves=7
num_cat=0
split_feature=63 62 50 72 62 62
split_gain=2.84704 3.37717 3.20793 2.79957 2.57428 2.98836
threshold=0.46502825617790228 0.37512691318988806 0.17370318621397021 0.7566640079021455 0.13681825250387195 0.11591325700283052
decision_type=8 10 8 10 10 10
left_child=1 4 -2 -3 5 -1
right_child=2 3 -4 -5 -6 -7
leaf_value=-0.0037182139556462429 0.00025527007793878714 0 -0.017899121640909066 0.0205161259729278 -0.0079112401211285464 0.016345546018502372
leaf_weight=8.9972869416815247 14.068355984461961 13.326044803776314 14.046678818063809 10.3469553583418 33.214437162794638 8.0150123978964967
leaf_count=2046 1266 1334 8032 411 3989 258
internal_value=-0.000865547 0.00230477 -0.00931697 0.0116422 -0.00218942 0.00584011
internal_weight=102.015 73.8997 28.115 23.673 50.2267 17.0123
internal_count=17336 8038 9298 1745 6293 2304
is_linear=0
shrinkage=0.035


Tree=140
num_leaves=7
num_cat=0
split_feature=13 74 74 22 72 56
split_gain=2.98709 2.64152 4.62005 2.49218 2.08201 2.0276
threshold=0.36415234208107 0.46266801655292517 0.69907486438751232 0.04617168381810189 0.81875011324882518 0.063593931496143355
decision_type=8 10 10 8 10 10
left_child=1 -1 5 -2 -4 -3
right_child=3 2 4 -5 -6 -7
leaf_value=-0.0043821455609962725 0.0047146677055576059 -0.00083757903364340563 -0.010140246526688408 -0.015993736895422068 0.004573913945234852 0.018230909007952947
leaf_weight=31.234312858781777 1.2175880580325635 1.4933969822013775 13.341012097022032 15.786957393429473 14.226556169800459 24.920652331609745
leaf_count=3024 673 153 1414 10311 492 1230
internal_value=-0.00028519 0.00215146 0.00685657 -0.0113773 -0.00174993 0.0156832
internal_weight=102.22 85.2159 53.9816 17.0045 27.5676 26.414
internal_count=17297 6313 3289 10984 1906 1383
is_linear=0
shrinkage=0.035


Tree=141
num_leaves=7
num_cat=0
split_feature=13 40 16 23 85 86
split_gain=2.55061 1.92868 3.0531 3.15596 1.93428 1.67463
threshold=0.36415234208107 0.16082416474819186 0.29057924449443823 0.90485283732414257 0.31239274144172674 0.16557732224464419
decision_type=8 10 10 10 10 8
left_child=1 4 -3 -4 -1 -2
right_child=5 2 3 -5 -6 -7
leaf_value=0.0046077803822873612 0.0015502107403689992 -0.0046578235526425951 0.015834208057120002 -0.004543815225856309 -0.0078570759682569796 -0.014019336736314437
leaf_weight=18.466206077835523 2.9099627451796577 8.5282849961658922 32.517302337510046 3.5591560551547436 22.771290156175382 13.728523575322468
leaf_count=1019 1926 1008 2748 556 965 9051
internal_value=0 0.00306076 0.00773791 0.0121729 -0.00136729 -0.00954631
internal_weight=102.481 85.8422 44.6047 36.0765 41.2375 16.6385
internal_count=17273 6296 4312 3304 1984 10977
is_linear=0
shrinkage=0.035


Tree=142
num_leaves=7
num_cat=0
split_feature=89 32 5 16 53 33
split_gain=3.43714 3.157 3.32294 2.8252 2.37964 2.23796
threshold=0.29040671885013586 0.57469460368156444 0.21727137267589572 0.39030341804027563 0.87933596968650829 0.91454488039016735
decision_type=8 10 10 10 10 10
left_child=3 -2 5 -1 -5 -3
right_child=1 2 -4 4 -6 -7
leaf_value=0.013593846546028014 -0.015595260626262025 0.012193698848076763 -0.0097015218699100843 -0.0080777576322930526 0.0096315008502552198 -0.0052409886058655958
leaf_weight=21.705838636960834 16.805751334817614 20.889764683495745 15.559464888938235 17.540069853741446 5.634161797061096 2.8919487191596991
leaf_count=1545 6704 1474 3503 2881 579 504
internal_value=0 -0.00581051 0 0.00621836 -0.000721399 0.00763611
internal_weight=101.027 56.1469 39.3412 44.8801 23.1742 23.7817
internal_count=17190 12185 5481 5005 3460 1978
is_linear=0
shrinkage=0.035


Tree=143
num_leaves=7
num_cat=0
split_feature=16 15 46 55 68 88
split_gain=2.15855 2.90039 2.95065 3.98643 2.06756 2.06742
threshold=0.29057924449443823 0.60568031668663036 0.36237858235836035 0.083983696997165694 0.90893179178237926 0.34347988665103918
decision_type=10 10 10 10 8 8
left_child=5 2 3 -2 -3 -1
right_child=1 4 -4 -5 -6 -7
leaf_value=0 -0.0051101723104380603 -0.010109320095289824 -0.00093103011546137289 0.018315763709674963 0.0063886871024316106 -0.013795610675730857
leaf_weight=15.588569834391821 3.8631742301513468 19.24551365556545 17.83110966271488 27.169475108821644 3.54375683426042 14.985058601188937
leaf_count=1451 808 6170 2651 1999 575 3574
internal_value=0 0.00317376 0.0079925 0.0136048 -0.00484533 -0.00691016
internal_weight=102.227 71.653 48.8638 31.0326 22.7893 30.5736
internal_count=17228 12203 5458 2807 6745 5025
is_linear=0
shrinkage=0.035


Tree=144
num_leaves=7
num_cat=0
split_feature=26 65 85 25 87 38
split_gain=2.08255 4.64278 4.0989 3.61186 2.78991 2.44252
threshold=0.57162180542945873 0.065957963466644301 0.44196978211402899 0.53577488660812389 0.40052621066570288 0.44685064256191259
decision_type=10 8 10 10 8 10
left_child=1 -1 -3 5 -5 -2
right_child=3 2 -4 4 -6 -7
leaf_value=0.012889287218981265 0.019474554932342403 -0.01840781648645216 0.00082635347712011061 0.0024637632652050948 -0.012336968269620207 -0.0013938017601380849
leaf_weight=2.2537514356663442 10.029779574950224 28.578884622664191 12.75188248613267 25.374085157382069 17.113916235684883 2.7714381517143911
leaf_count=379 398 5061 4398 2663 4132 277
internal_value=-0.00290549 -0.00812309 -0.0122376 0.000884905 -0.00346822 0.0136342
internal_weight=98.8737 43.5845 41.3308 55.2892 42.488 12.8012
internal_count=17308 9838 9459 7470 6795 675
is_linear=0
shrinkage=0.035


Tree=145
num_leaves=7
num_cat=0
split_feature=69 89 10 24 37 66
split_gain=3.87507 2.40344 2.36917 2.32047 2.20925 1.79448
threshold=0.69923019409179699 0.27057869732379919 0.4421811997890473 0.83738747239112865 0.22978548705577853 0.55702465772628795
decision_type=10 8 10 10 10 10
left_child=1 5 -2 -3 -4 -1
right_child=2 3 4 -5 -6 -7
leaf_value=0.0097732777486865732 -0.00028882468346961345 -0.016120965277408777 0 0 0.016031669473831743 -0.0067144588957567634
leaf_weight=10.414589803927809 24.848726958007319 22.532689888495955 8.4148698559438362 8.6343546557764039 23.535314255626872 3.9543287225824306
leaf_count=1610 2320 7485 693 1661 2233 1233
internal_value=2.74158e-05 -0.00647976 0.00621037 -0.0114026 0.0116248 0.00211025
internal_weight=102.335 45.536 56.7989 31.167 31.9502 14.3689
internal_count=17235 11989 5246 9146 2926 2843
is_linear=0
shrinkage=0.035


Tree=146
num_leaves=7
num_cat=0
split_feature=69 10 5 89 93 80
split_gain=2.66317 3.0994 2.29251 2.77802 2.19345 2.05651
threshold=0.69923019409179699 0.4421811997890473 0.063146010041236891 0.051416396163403995 0.94514876604080211 0.22681702673435214
decision_type=10 10 8 8 10 10
left_child=2 -2 -1 -4 -5 -3
right_child=1 5 3 4 -6 -7
leaf_value=0.0021170848962201285 -0.0052708025026999682 -0.00071827823005638284 0.0053269126182577502 -0.017647020607346464 0.00048437049074023542 0.01375807671855161
leaf_weight=9.306983544258399 23.824962670536479 8.3253477422695159 1.7103554086061183 30.995990821975283 3.0055187793332143 22.070439997012727
leaf_count=919 2346 652 622 9795 642 2248
internal_value=-0.00237994 0.00207716 -0.00824171 -0.0120358 -0.0150074 0.00910218
internal_weight=99.2396 54.2208 45.0188 35.7119 34.0015 30.3958
internal_count=17224 5246 11978 11059 10437 2900
is_linear=0
shrinkage=0.035


Tree=147
num_leaves=7
num_cat=0
split_feature=81 86 1 25 55 90
split_gain=2.60654 2.83307 3.7532 3.0534 2.81153 2.42377
threshold=0.6074819564819337 0.28932243585586553 0.10333121195435525 0.31778363883495336 0.61050325632095348 0.75186905264854442
decision_type=8 8 8 10 10 10
left_child=1 3 5 -1 -5 -3
right_child=-2 2 -4 4 -6 -7
leaf_value=-0.003817554114532256 -0.0092224746602559728 0.015274608957147405 -0.0074666041613676432 0.020347882134651534 -0.0016847198884291524 -0.002944683509866475
leaf_weight=4.4056239753554136 18.607145983609371 13.377391811343843 36.877570589596871 19.389588858815845 2.5406555008667047 4.8296778541989616
leaf_count=851 6778 764 6453 864 758 770
internal_value=0 0.0032249 -0.000734428 0.0112769 0.0162732 0.00901482
internal_weight=100.028 81.4205 55.0846 26.3359 21.9302 18.2071
internal_count=17238 10460 7987 2473 1622 1534
is_linear=0
shrinkage=0.035


Tree=148
num_leaves=7
num_cat=0
split_feature=1 67 93 76 53 76
split_gain=2.61304 2.78545 4.21393 2.26255 3.58886 2.23249
threshold=0.54394382238388073 0.43659171462059027 0.77168193459510814 0.48786161839962011 0.88730695843696605 0.65801116824150097
decision_type=8 10 10 10 10 10
left_child=1 2 5 4 -3 -1
right_child=-2 3 -4 -5 -6 -7
leaf_value=0.019744453917443942 -0.011680231343427558 -0.014134822122227454 -0.0075862164697635221 0.0043432666850745727 0.0054465607997742516 0
leaf_weight=20.935492141841682 9.7811820968636294 22.428063723113159 4.5070513672253574 28.828113654453773 8.2242414279899076 7.2213098677166263
leaf_count=1339 7919 2067 916 3201 636 1199
internal_value=0.000172972 0.002788 0.0100452 -0.00113773 -0.00748284 0.0153735
internal_weight=101.925 92.1443 32.6639 59.4804 30.6523 28.1568
internal_count=17277 9358 3454 5904 2703 2538
is_linear=0
shrinkage=0.035


Tree=149
num_leaves=7
num_cat=0
split_feature=94 74 76 76 10 21
split_gain=2.54853 2.39947 2.76322 4.32701 2.08564 1.84097
threshold=0.92179489135742199 0.72123005986213695 0.42522996664047247 0.66194364428520214 0.73173746466636669 0.19131732732057574
decision_type=10 8 10 10 10 10
left_child=1 2 4 -4 -1 -2
right_child=5 -3 3 -5 -6 -7
leaf_value=-0.01265733681577209 -0.0018159547184781221 -0.012052307145037525 0.017232986543290477 -0.005051825744998511 0.003045226431793164 0.011349158896318663
leaf_weight=16.596034759277249 9.3206176560488547 21.992165902309353 14.600582393613879 9.9139753316412662 6.1191831983742295 22.323600201343652
leaf_count=3831 401 4548 2802 2707 1962 991
internal_value=-0.000166515 -0.00428404 0 0.00758052 -0.00702662 0.00656322
internal_weight=100.866 69.2219 47.2298 24.5146 22.7152 31.6442
internal_count=17242 15850 11302 5509 5793 1392
is_linear=0
shrinkage=0.035


Tree=150
num_leaves=7
num_cat=0
split_feature=63 63 60 43 55 22
split_gain=2.27246 2.88833 2.47946 2.48516 2.04821 1.86559
threshold=0.46502825617790228 0.36209064722061163 0.43612571060657507 0.21927897632122043 0.15919698774814608 0.7412097454071046
decision_type=8 10 10 10 8 10
left_child=1 5 3 -3 -2 -1
right_child=4 2 -4 -5 -6 -7
leaf_value=-0.0070308877316597792 0 0.0082779222512570725 0.01872391733592348 -0.010874329093972039 -0.015051669833672629 0.0075599609276264454
leaf_weight=42.626673297112575 8.4667847917007766 10.972823931078898 8.3094253046729118 6.7502170965308315 18.03825144507573 3.436500977841205
leaf_count=4782 1705 570 496 759 7533 1390
internal_value=-0.00241057 0.000406292 0.00887485 0 -0.00991191 -0.00401366
internal_weight=98.6007 72.0956 26.0325 17.723 26.505 46.0632
internal_count=17235 7997 1825 1329 9238 6172
is_linear=0
shrinkage=0.035


Tree=151
num_leaves=7
num_cat=0
split_feature=34 93 63 52 29 31
split_gain=3.73972 4.72217 2.81303 2.51083 2.27948 1.54386
threshold=0.35126246511936193 0.60228306055068981 0.48974449932575231 0.042734395712614066 0.95959123969078075 0.2605483233928681
decision_type=10 8 10 10 10 10
left_child=-1 2 3 -2 5 -3
right_child=1 4 -4 -5 -6 -7
leaf_value=-0.013150529871528746 -0.0029086430616611174 0 -0.0021026344760756055 0.016074912884050871 0.0067438447569017519 -0.013054858936021912
leaf_weight=16.635902222304139 2.5411756761604911 5.7325849304324974 10.823154493555192 34.207954906916711 3.3706596065894692 25.918441627232824
leaf_count=5980 166 767 3272 3194 329 3471
internal_value=-0.000785726 0.0020666 0.00905578 0.0133037 -0.00612548 -0.00990417
internal_weight=99.2299 82.594 47.5723 36.7491 35.0217 31.651
internal_count=17179 11199 6632 3360 4567 4238
is_linear=0
shrinkage=0.035


Tree=152
num_leaves=7
num_cat=0
split_feature=34 26 47 46 76 21
split_gain=2.49852 2.81901 3.18731 2.8603 2.75533 2.07322
threshold=0.25994209945201879 0.47742566466331487 0.80848324298858654 0.17884041368961337 0.019935141317546371 0.081832922995090498
decision_type=10 10 10 10 8 10
left_child=4 5 3 -3 -1 -2
right_child=1 2 -4 -5 -6 -7
leaf_value=0.0037589025142101998 0.0090879647392091145 -0.0016200846844616357 -0.00067780458625301277 0.01773116603014837 -0.018229354780096411 -0.0078480629604813761
leaf_weight=2.4498518129985287 1.6181688189099066 4.8835038574761738 24.432017434126465 25.465057974535739 9.5098807369649876 32.696985003334703
leaf_count=211 256 496 2083 2678 4263 7319
internal_value=0 0.00219924 0.00709646 0.0135599 -0.0113936 -0.00424158
internal_weight=101.055 89.0957 54.7806 30.3486 11.9597 34.3152
internal_count=17306 12832 5257 3174 4474 7575
is_linear=0
shrinkage=0.035


Tree=153
num_leaves=7
num_cat=0
split_feature=23 15 76 38 62 7
split_gain=3.18172 4.35481 4.76234 3.01986 3.01746 2.97624
threshold=0.25830529630184179 0.38327877223491674 0.66194364428520214 0.23860326409339908 0.25525088608264929 0.20712467283010486
decision_type=10 10 10 10 8 8
left_child=-1 2 3 -2 5 -3
right_child=1 4 -4 -5 -6 -7
leaf_value=-0.010336943240450923 0 0.01696488628627001 -0.0058896988409821533 0.022916723189928902 -0.0089406804431556644 -0.0046334397696143215
leaf_weight=23.111092505248962 4.6664446145878236 7.0462611921830076 5.9614429894427294 19.421205029997509 33.29222717214725 5.3668185363640086
leaf_count=4463 422 431 1071 1478 7365 1940
internal_value=-0.00043217 0.00266147 0.0118601 0.0182623 -0.00327448 0.0068987
internal_weight=98.8655 75.7544 30.0491 24.0876 45.7053 12.4131
internal_count=17170 12707 2971 1900 9736 2371
is_linear=0
shrinkage=0.035


Tree=154
num_leaves=7
num_cat=0
split_feature=46 76 45 31 1 69
split_gain=2.26522 3.09934 2.61841 2.70151 2.44706 2.37844
threshold=0.36237858235836035 0.038779191672801978 0.28738880157470709 0.22518263012170794 0.10333121195435525 0.37043295800685888
decision_type=8 8 10 10 8 10
left_child=2 -2 4 -4 -1 -5
right_child=1 -3 3 5 -6 -7
leaf_value=0.0063970402557405968 0.0079801025157440839 -0.0099274340633741225 -0.00227738930690054 0 -0.0080436050546792374 0.024465108034104496
leaf_weight=19.213859759271145 5.8717276403040151 40.296716040204046 2.6130155393911982 2.1105672225821754 21.138511479221052 9.2206828812777513
leaf_count=1598 603 10428 398 639 3059 573
internal_value=-0.00020896 -0.00583854 0.00387019 0.0137344 -0.00016112 0.0195569
internal_weight=100.465 46.1684 54.2966 13.9443 40.3524 11.3313
internal_count=17298 11031 6267 1610 4657 1212
is_linear=0
shrinkage=0.035


Tree=155
num_leaves=7
num_cat=0
split_feature=5 86 17 21 4 61
split_gain=2.61883 3.70543 3.23658 2.42529 2.02208 2.2454
threshold=0.095995876938104643 0.41145627200603491 0.20227486640214923 0.38977296650409704 0.63268771767616283 0.19149404019117358
decision_type=8 8 8 10 10 10
left_child=4 3 -3 -2 5 -1
right_child=1 2 -4 -5 -6 -7
leaf_value=0 0.00936020615302262 0 -0.017363388835163342 -0.0046497353504902474 -0.001885084660573418 0.019338435822139219
leaf_weight=4.8879521773778896 25.854933677765075 14.856054386764297 20.962800835608505 15.242865852400426 5.2296456202748223 12.490947320242411
leaf_count=773 1980 1847 7098 4673 196 705
internal_value=0 -0.00292319 -0.0104303 0.00318377 0.00900573 0.0139128
internal_weight=99.5252 76.9167 35.8189 41.0978 22.6085 17.3789
internal_count=17272 15598 8945 6653 1674 1478
is_linear=0
shrinkage=0.035


Tree=156
num_leaves=7
num_cat=0
split_feature=31 91 46 34 86 51
split_gain=2.41495 2.68251 3.79468 3.41989 2.08258 1.85777
threshold=0.78623715043067943 0.83750113844871532 0.28617648780345922 0.6131369173526765 0.38447044789791113 0.42687417566776281
decision_type=8 8 10 10 10 10
left_child=1 2 3 -1 -4 -2
right_child=5 -3 4 -5 -6 -7
leaf_value=-6.2595262771318871e-05 -0.013169335579365326 -0.010968815135778753 0.0045041657219152039 0.022156866415668188 -0.008303928635324519 0.0014416057275301849
leaf_weight=6.547002752718984 20.703182996134277 6.563543551717884 27.950013448513346 13.759028700849738 18.427137168095214 5.574668652174295
leaf_count=754 2262 2120 4983 1131 4685 1384
internal_value=-0.000878871 0.00195617 0.00497002 0.0151452 -9.23962e-05 -0.00892508
internal_weight=99.5246 73.2467 66.6832 20.306 46.3772 26.2779
internal_count=17319 13673 11553 1885 9668 3646
is_linear=0
shrinkage=0.035


Tree=157
num_leaves=7
num_cat=0
split_feature=46 76 45 42 0 31
split_gain=2.35058 3.63476 2.58742 2.97904 2.71482 2.68671
threshold=0.36237858235836035 0.023602418601512912 0.28738880157470709 0.27455776929855352 0.13666606694459918 0.22518263012170794
decision_type=8 8 10 8 10 10
left_child=2 -2 3 4 -1 -4
right_child=1 -3 5 -5 -6 -7
leaf_value=0.012776739166013011 0.0095737965168958272 -0.010887030726810737 -0.0025897822599315729 -0.01098144300629692 -0.0048305839514201131 0.019051054732356475
leaf_weight=15.064893171773294 4.2634868868626645 41.133657196885906 2.6295945156889493 15.782578463258686 8.619580013008088 10.976022949587785
leaf_count=1426 382 10696 388 1860 1359 1220
internal_value=-0.00122365 -0.00683579 0.00298382 -0.000985003 0.00511013 0.0130283
internal_weight=98.4698 45.3971 53.0727 39.4671 23.6845 13.6056
internal_count=17331 11078 6253 4645 2785 1608
is_linear=0
shrinkage=0.035


Tree=158
num_leaves=7
num_cat=0
split_feature=74 74 76 72 12 76
split_gain=2.64319 3.52188 3.59685 2.48807 2.34433 1.40881
threshold=0.46266801655292517 0.72123005986213695 0.66194364428520214 0.81875011324882518 0.56153950095176708 0.019935141317546371
decision_type=10 10 10 10 8 8
left_child=5 2 4 -3 -2 -1
right_child=1 3 -4 -5 -6 -7
leaf_value=0.0033698848704599963 0.020055004202325463 -0.011480580659895238 -0.0025775774878588177 0.0041128300318120153 -0.00030870256542533481 -0.0091293643426618772
leaf_weight=3.2102728065801776 23.115923726028999 14.514897248969648 8.4326699315861315 15.444161140127106 2.3755786265246561 33.842032269050833
leaf_count=302 1263 3622 1704 1239 1427 7733
internal_value=0 0.00433214 0.0112935 -0.00288633 0.0169693 -0.006475
internal_weight=100.936 63.8832 33.9242 29.9591 25.4915 37.0523
internal_count=17290 9255 4394 4861 2690 8035
is_linear=0
shrinkage=0.035


Tree=159
num_leaves=7
num_cat=0
split_feature=22 22 26 25 85 16
split_gain=1.89023 3.40125 2.86817 6.29541 2.73776 2.67715
threshold=0.28096298873424536 0.22602377086877826 0.50505062937736522 0.52778786420822155 0.46131823956966406 0.62902003526687633
decision_type=8 10 10 10 10 10
left_child=1 -1 4 5 -2 -4
right_child=2 -3 3 -5 -6 -7
leaf_value=-0.0011588404432055287 -0.018021098395104004 0.016549793127498814 0.022449478784333555 -0.0073444803243405549 0.0007459880040821869 -0.00093051890634170316
leaf_weight=26.640403985016746 16.881376985344108 10.955558563349767 10.112356358527903 26.884645684913266 6.4431378527369807 2.1666882916761088
leaf_count=3976 3549 959 515 4958 3039 294
internal_value=-0.000213763 0.00484841 -0.00420882 0.000762092 -0.0122944 0.0169955
internal_weight=100.084 37.596 62.4882 39.1637 23.3245 12.279
internal_count=17290 4935 12355 5767 6588 809
is_linear=0
shrinkage=0.035


end of trees

feature_importances:
cop_fill_depth_max_cityrank=51
cop_focal_min_3000m_mean_cityrank=40
lc_grass_shrub_500m_frac_cityrank=36
fab_twi_max_cityrank=31
fab_focal_min_1000m_mean_cityrank=28
lc_grass_shrub_200m_frac_cityrank=24
cop_focal_min_3000m_max_cityrank=23
fab_dist_water_major_m_mean_cityrank=22
fab_elevation_range_cityrank=21
fab_flow_accumulation_log_mean_cityrank=21
cop_focal_min_300m_mean_cityrank=20
cop_twi_mean_cityrank=20
cop_elevation_mean_cityrank=19
cop_focal_min_1000m_max_cityrank=19
fab_hand_major_m_min_cityrank=18
cop_slope_max_cityrank=18
fab_focal_mean_300m_mean_cityrank=17
fab_dist_water_major_m_min_cityrank=17
cop_flow_accumulation_log_mean_cityrank=17
cop_elevation_max_cityrank=16
cop_focal_min_300m_max_cityrank=16
fab_rel_elev_3000m_min_cityrank=15
cop_elevation_range_cityrank=15
cop_rel_elev_300m_min_cityrank=15
lc_tree_200m_frac_cityrank=15
lc_tree_500m_frac_cityrank=15
lc_cropland_500m_frac_cityrank=15
fab_focal_min_300m_mean_cityrank=13
fab_slope_mean_cityrank=13
fab_slope_max_cityrank=13
cop_focal_mean_1000m_max_cityrank=13
cop_elevation_percentile_1km_mean_cityrank=12
fab_focal_min_1000m_max_cityrank=11
fab_rel_elev_1000m_mean_cityrank=11
lc_water_200m_frac_cityrank=11
fab_rel_elev_300m_mean_cityrank=10
fab_fill_depth_max_cityrank=10
fab_dist_water_any_m_mean_cityrank=10
fab_hand_any_m_mean_cityrank=10
lc_water_500m_frac_cityrank=10
fab_rel_elev_1000m_min_cityrank=9
fab_elevation_percentile_1km_mean_cityrank=9
fab_hand_major_m_mean_cityrank=9
cop_elevation_min_cityrank=9
cop_elevation_percentile_1km_max_cityrank=9
cop_fill_depth_mean_cityrank=9
fab_flow_accumulation_log_max_cityrank=8
fab_dist_water_any_m_min_cityrank=8
cop_hand_any_m_mean_cityrank=8
lc_bare_500m_frac_cityrank=8
fab_elevation_min_cityrank=7
fab_focal_mean_3000m_mean_cityrank=7
cop_rel_elev_300m_mean_cityrank=7
cop_rel_elev_1000m_min_cityrank=7
fab_elevation_p10_cityrank=6
fab_twi_mean_cityrank=6
fab_hand_any_m_min_cityrank=6
cop_slope_mean_cityrank=6
fab_rel_elev_3000m_mean_cityrank=5
fab_elevation_percentile_1km_max_cityrank=5
cop_rel_elev_3000m_min_cityrank=5
cop_rel_elev_3000m_mean_cityrank=5
cop_fill_share_gt_0_2m_cityrank=5
cop_twi_max_cityrank=5
cop_dist_water_major_m_min_cityrank=5
cop_hand_major_m_mean_cityrank=5
fab_elevation_max_cityrank=4
fab_rel_elev_300m_min_cityrank=4
fab_fill_depth_mean_cityrank=4
cop_focal_min_1000m_mean_cityrank=4
cop_dist_water_any_m_mean_cityrank=4
fab_focal_mean_1000m_max_cityrank=3
cop_dist_water_major_m_mean_cityrank=3
fab_focal_min_300m_max_cityrank=2
fab_focal_mean_3000m_max_cityrank=2
cop_focal_mean_300m_max_cityrank=2
cop_focal_mean_1000m_mean_cityrank=2
cop_focal_mean_3000m_mean_cityrank=2
cop_focal_mean_3000m_max_cityrank=2
lc_cropland_200m_frac_cityrank=2
fab_elev_min_cityrank=2
fab_focal_mean_300m_max_cityrank=1
fab_fill_share_gt_0_2m_cityrank=1
cop_elevation_p10_cityrank=1
cop_focal_mean_300m_mean_cityrank=1
cop_rel_elev_1000m_mean_cityrank=1
cop_fill_depth_min_cityrank=1
cop_flow_accumulation_log_max_cityrank=1
cop_dist_water_any_m_min_cityrank=1
cop_hand_any_m_min_cityrank=1

parameters:
[boosting: gbdt]
[objective: binary]
[metric: binary_logloss]
[tree_learner: serial]
[device_type: cpu]
[data_sample_strategy: bagging]
[data: ]
[valid: ]
[num_iterations: 160]
[learning_rate: 0.035]
[num_leaves: 7]
[num_threads: 2]
[seed: 41073]
[deterministic: 1]
[force_col_wise: 1]
[force_row_wise: 0]
[histogram_pool_size: -1]
[max_depth: 4]
[min_data_in_leaf: 30]
[min_sum_hessian_in_leaf: 0.001]
[bagging_fraction: 0.85]
[pos_bagging_fraction: 1]
[neg_bagging_fraction: 1]
[bagging_freq: 1]
[bagging_seed: 26519]
[bagging_by_query: 0]
[feature_fraction: 0.8]
[feature_fraction_bynode: 1]
[feature_fraction_seed: 6506]
[extra_trees: 0]
[extra_seed: 10277]
[early_stopping_round: 0]
[early_stopping_min_delta: 0]
[first_metric_only: 0]
[max_delta_step: 0]
[lambda_l1: 1.5]
[lambda_l2: 8]
[linear_lambda: 0]
[min_gain_to_split: 0]
[drop_rate: 0.1]
[max_drop: 50]
[skip_drop: 0.5]
[xgboost_dart_mode: 0]
[uniform_drop: 0]
[drop_seed: 15296]
[top_rate: 0.2]
[other_rate: 0.1]
[min_data_per_group: 100]
[max_cat_threshold: 32]
[cat_l2: 10]
[cat_smooth: 10]
[max_cat_to_onehot: 4]
[top_k: 20]
[monotone_constraints: ]
[monotone_constraints_method: basic]
[monotone_penalty: 0]
[feature_contri: ]
[forcedsplits_filename: ]
[refit_decay_rate: 0.9]
[cegb_tradeoff: 1]
[cegb_penalty_split: 0]
[cegb_penalty_feature_lazy: ]
[cegb_penalty_feature_coupled: ]
[path_smooth: 0]
[interaction_constraints: ]
[verbosity: -1]
[saved_feature_importance_type: 0]
[use_quantized_grad: 0]
[num_grad_quant_bins: 4]
[quant_train_renew_leaf: 0]
[stochastic_rounding: 1]
[linear_tree: 0]
[max_bin: 255]
[max_bin_by_feature: ]
[min_data_in_bin: 3]
[bin_construct_sample_cnt: 200000]
[data_random_seed: 3093]
[is_enable_sparse: 1]
[enable_bundle: 1]
[use_missing: 1]
[zero_as_missing: 0]
[feature_pre_filter: 1]
[pre_partition: 0]
[two_round: 0]
[header: 0]
[label_column: ]
[weight_column: ]
[group_column: ]
[ignore_column: ]
[categorical_feature: ]
[forcedbins_filename: ]
[precise_float_parser: 0]
[parser_config_file: ]
[objective_seed: 1898]
[num_class: 1]
[is_unbalance: 0]
[scale_pos_weight: 1]
[sigmoid: 1]
[boost_from_average: 1]
[reg_sqrt: 0]
[alpha: 0.9]
[fair_c: 1]
[poisson_max_delta_step: 0.7]
[tweedie_variance_power: 1.5]
[lambdarank_truncation_level: 30]
[lambdarank_norm: 1]
[label_gain: ]
[lambdarank_position_bias_regularization: 0]
[eval_at: ]
[multi_error_top_k: 1]
[auc_mu_weights: ]
[num_machines: 1]
[local_listen_port: 12400]
[time_out: 120]
[machine_list_filename: ]
[machines: ]
[gpu_platform_id: -1]
[gpu_device_id: -1]
[gpu_device_id_list: ]
[gpu_use_dp: 0]
[num_gpu: 1]

end of parameters

pandas_categorical:[]
