tree
version=v4
num_class=1
num_tree_per_iteration=1
label_index=0
max_feature_idx=99
objective=binary sigmoid:1
feature_names=fab_elevation_min_cityrank fab_elevation_p10_cityrank fab_elevation_mean_cityrank fab_elevation_max_cityrank fab_elevation_range_cityrank fab_focal_mean_300m_mean_cityrank fab_focal_mean_300m_max_cityrank fab_focal_min_300m_mean_cityrank fab_focal_min_300m_max_cityrank fab_rel_elev_300m_min_cityrank fab_rel_elev_300m_mean_cityrank fab_focal_mean_1000m_mean_cityrank fab_focal_mean_1000m_max_cityrank fab_focal_min_1000m_mean_cityrank fab_focal_min_1000m_max_cityrank fab_rel_elev_1000m_min_cityrank fab_rel_elev_1000m_mean_cityrank fab_focal_mean_3000m_mean_cityrank fab_focal_mean_3000m_max_cityrank fab_focal_min_3000m_mean_cityrank fab_focal_min_3000m_max_cityrank fab_rel_elev_3000m_min_cityrank fab_rel_elev_3000m_mean_cityrank fab_elevation_percentile_1km_mean_cityrank fab_elevation_percentile_1km_max_cityrank fab_slope_mean_cityrank fab_slope_max_cityrank fab_fill_depth_min_cityrank fab_fill_depth_mean_cityrank fab_fill_depth_max_cityrank fab_fill_share_gt_0_2m_cityrank fab_flow_accumulation_log_mean_cityrank fab_flow_accumulation_log_max_cityrank fab_twi_mean_cityrank fab_twi_max_cityrank fab_dist_water_any_m_min_cityrank fab_dist_water_any_m_mean_cityrank fab_hand_any_m_min_cityrank fab_hand_any_m_mean_cityrank fab_dist_water_major_m_min_cityrank fab_dist_water_major_m_mean_cityrank fab_hand_major_m_min_cityrank fab_hand_major_m_mean_cityrank cop_elevation_min_cityrank cop_elevation_p10_cityrank cop_elevation_mean_cityrank cop_elevation_max_cityrank cop_elevation_range_cityrank cop_focal_mean_300m_mean_cityrank cop_focal_mean_300m_max_cityrank cop_focal_min_300m_mean_cityrank cop_focal_min_300m_max_cityrank cop_rel_elev_300m_min_cityrank cop_rel_elev_300m_mean_cityrank cop_focal_mean_1000m_mean_cityrank cop_focal_mean_1000m_max_cityrank cop_focal_min_1000m_mean_cityrank cop_focal_min_1000m_max_cityrank cop_rel_elev_1000m_min_cityrank cop_rel_elev_1000m_mean_cityrank cop_focal_mean_3000m_mean_cityrank cop_focal_mean_3000m_max_cityrank cop_focal_min_3000m_mean_cityrank cop_focal_min_3000m_max_cityrank cop_rel_elev_3000m_min_cityrank cop_rel_elev_3000m_mean_cityrank cop_elevation_percentile_1km_mean_cityrank cop_elevation_percentile_1km_max_cityrank cop_slope_mean_cityrank cop_slope_max_cityrank cop_fill_depth_min_cityrank cop_fill_depth_mean_cityrank cop_fill_depth_max_cityrank cop_fill_share_gt_0_2m_cityrank cop_flow_accumulation_log_mean_cityrank cop_flow_accumulation_log_max_cityrank cop_twi_mean_cityrank cop_twi_max_cityrank cop_dist_water_any_m_min_cityrank cop_dist_water_any_m_mean_cityrank cop_hand_any_m_min_cityrank cop_hand_any_m_mean_cityrank cop_dist_water_major_m_min_cityrank cop_dist_water_major_m_mean_cityrank cop_hand_major_m_min_cityrank cop_hand_major_m_mean_cityrank lc_tree_200m_frac_cityrank lc_tree_500m_frac_cityrank lc_grass_shrub_200m_frac_cityrank lc_grass_shrub_500m_frac_cityrank lc_cropland_200m_frac_cityrank lc_cropland_500m_frac_cityrank lc_bare_200m_frac_cityrank lc_bare_500m_frac_cityrank lc_water_200m_frac_cityrank lc_water_500m_frac_cityrank lc_wetland_mangrove_200m_frac_cityrank lc_wetland_mangrove_500m_frac_cityrank fab_elev_min_cityrank fab_dist_any_water_min_cityrank
feature_infos=[1.5155648725340143e-05:1] [0.0012730744201689959:1] [5.3044768719701096e-05:1] [5.3044768719701096e-05:1] [0.00093965022824704647:1] [7.1341943112201989e-05:1] [6.0622594901360571e-05:1] [3.0311297450680286e-05:1] [7.1341943112201989e-05:1] [3.0311297450680286e-05:1] [7.1341943112201989e-05:1] [6.0622594901360571e-05:1] [7.1341943112201989e-05:0.99996435642242432] [0.00058349245227873325:1] [0.00058349245227873325:1] [7.1341943112201989e-05:1] [7.1341943112201989e-05:1] [4.5466946176020429e-05:1] [7.1341943112201989e-05:1] [0.0055545452050864697:1] [0.0055545452050864697:0.99999243021011353] [1.5155648725340143e-05:1] [3.0311297450680286e-05:1] [1.5155648725340143e-05:0.9931647777557373] [1.5155648725340143e-05:0.97487950325012207] [6.0622594901360571e-05:1] [6.0622594901360571e-05:1] [0.47469764947891235:1] [0.37207874655723572:1] [0.37207874655723572:1] [0.45505458116531372:0.99454236030578613] [0.010451594367623329:1] [0.010451594367623329:1] [3.0311297450680286e-05:1] [3.0311297450680286e-05:1] [0.062245845794677734:1] [0.0020689163357019424:1] [6.0681453760480508e-05:1] [1.5170363440120127e-05:1] [0.05093814805150032:1] [0.001676535583101213:1] [5.3188254241831601e-05:1] [4.5589935325551778e-05:1] [1.5154040738707408e-05:1] [1.5154040738707408e-05:1] [1.5154040738707408e-05:1] [6.8193185143172741e-05:1] [0.00090166542213410139:1] [7.1341943112201989e-05:1] [4.5462122216122225e-05:1] [3.0308081477414817e-05:1] [7.1341943112201989e-05:1] [3.0308081477414817e-05:1] [1.5154040738707408e-05:1] [7.1341943112201989e-05:1] [7.1341943112201989e-05:0.99996435642242432] [0.000598584592808038:1] [0.000598584592808038:1] [1.5154040738707408e-05:1] [1.5154040738707408e-05:1] [6.0616162954829633e-05:1] [7.1341943112201989e-05:1] [0.005493339616805315:1] [0.005493339616805315:0.99995452165603638] [4.5462122216122225e-05:1] [3.0308081477414817e-05:1] [1.5154040738707408e-05:0.99996209144592285] [1.5154040738707408e-05:0.99894678592681885] [5.3039144404465333e-05:1] [5.3039144404465333e-05:1] [0.48089075088500977:0.99998486042022705] [0.18235614895820618:1] [0.18235614895820618:1] [0.23908530175685883:0.99036884307861328] [0.024898337200284004:1] [0.024898337200284004:1] [6.0616162954829633e-05:0.99996209144592285] [6.0616162954829633e-05:0.99995452165603638] [0.062245845794677734:1] [0.0020689163357019424:1] [6.0668568039545789e-05:1] [2.2750713469577022e-05:1] [0.05093814805150032:1] [0.001676535583101213:1] [3.7967954995110631e-05:1] [7.1418369770981371e-05:1] [0.025871220976114273:0.99996209144592285] [0.00028054957510903478:0.99989384412765503] [0.052126444876194:1] [0.0017482517287135124:1] [0.24432709813117981:0.9999241828918457] [0.079349219799041748:1] [0.23776224255561829:1] [0.058191809803247452:1] [0.35903382301330566:1] [0.15295419096946716:1] [0.49605715274810791:1] [0.47737976908683777:1] [1.5155648725340143e-05:1] [0.062245845794677734:1]
tree_sizes=878 876 901 903 883 910 901 903 907 895 895 908 903 905 894 906 887 906 909 905 898 907 899 907 907 908 909 913 905 907 909 906 907 911 915 911 910 912 907 911 912 909 911 912 892 912 902 895 916 909 913 913 905 913 911 901 912 908 913 911 917 898 910 898 887 910 911 915 914 913 907 898 908 908 910 910 891 915 907 910 889 913 915 918 916 911 909 914 911 913 904 899 915 911 914 914 908 912 914 915 906 913 918 913 904 913 918 918 922 915 919 916 905 916 916 912 899 891 902 909 900 899 919 905 915 912 914 887 905 918 919 908 920 909 907 916 918 916 909 916 912 917 914 917 912 913 909 895 911 916 915 918 919 914 920 911 895 912 890 918

Tree=0
num_leaves=7
num_cat=0
split_feature=88 72 47 88 87 14
split_gain=742.735 363.156 272.483 199.194 158.269 141.543
threshold=0.1224530376493931 0.85346204042434703 0.42718483507633215 0.50198471546173107 0.53799968957901012 0.17448128759860995
decision_type=8 10 10 8 10 8
left_child=2 5 -1 -3 -4 -2
right_child=1 3 4 -5 -6 -7
leaf_value=-2.4872907133133588 -2.4762085463541448 -2.4258566329294333 -2.3226330363733965 -2.5040219577036975 -2.5001474568208084 -2.5181605466830774
leaf_weight=26.032899625599384 107.20745036005974 96.037743847817183 38.352605525404215 60.077252827584743 5.7956455275416365 694.66771193221211
leaf_count=758 3062 2316 731 1730 179 20433
internal_value=-2.49433 -2.50277 -2.39062 -2.45529 -2.34435 -2.51237
internal_weight=1028.17 957.99 70.1812 156.115 44.1483 801.875
internal_count=29209 27541 1668 4046 910 23495
is_linear=0
shrinkage=1


Tree=1
num_leaves=7
num_cat=0
split_feature=89 32 72 72 14 87
split_gain=685.222 509.379 184.184 87.7858 85.3728 78.6212
threshold=0.28836700320243841 0.54407989978790294 0.83830225467681896 0.86362877488136303 0.17448128759860995 0.64158093929290783
decision_type=8 10 10 10 10 10
left_child=1 4 -3 -2 -1 -4
right_child=3 2 5 -5 -6 -7
leaf_value=0.047331047861342214 -0.024241099001423079 0.046417584804503809 0.14197238618029828 0.012642432209033104 -0.010597337012411891 0
leaf_weight=30.873714677989483 609.86574926972389 85.804663334041834 57.138418165966868 83.618890032172203 148.57008488662541 4.8224066402763119
leaf_count=781 18415 2163 1026 2256 4242 135
internal_value=0 0.0412078 0.0875196 -0.0196255 0.000683979 0.131872
internal_weight=1020.69 327.209 147.765 693.485 179.444 61.9608
internal_count=29018 8347 3324 20671 5023 1161
is_linear=0
shrinkage=0.035


Tree=2
num_leaves=7
num_cat=0
split_feature=90 88 47 72 41 63
split_gain=617.211 337.067 248.302 184.29 171.037 92.0655
threshold=0.25175850093364721 0.35267703235149389 0.4503950327634812 0.88314452767372142 0.81928911805152904 0.46502825617790228
decision_type=8 10 10 10 8 10
left_child=1 2 -1 -2 -4 -5
right_child=3 -3 4 5 -6 -7
leaf_value=0.017254143079684262 -0.022451269960617703 -0.0030581134745659962 0.13865645747884409 0.048879668027366908 0.0035916586623145745 -0.011236510675525571
leaf_weight=52.049277609214187 681.6854506842792 90.356187012046576 68.50066795758903 66.322104146704078 14.972216086462138 47.47025859542191
leaf_count=1438 20571 2735 1235 1482 397 1311
internal_value=-0.000917692 0.0490752 0.0824327 -0.015526 0.117437 0.0242794
internal_weight=1021.36 225.878 135.522 795.478 83.4729 113.792
internal_count=29169 5805 3070 23364 1632 2793
is_linear=0
shrinkage=0.035


Tree=3
num_leaves=7
num_cat=0
split_feature=90 47 72 86 13 61
split_gain=581.055 252.297 223.478 170.549 96.2031 81.5679
threshold=0.25175850093364721 0.48242154717445379 0.8705229163169862 0.50730642676353466 0.37411718070507055 0.12316446751356126
decision_type=8 10 10 10 10 10
left_child=1 -1 -2 5 -4 -3
right_child=2 3 4 -5 -6 -7
leaf_value=0.0053245527414012249 -0.022240387075308576 -0.0037440925440824489 0.063132362609689185 0.0080240667553307457 0.0022205168320261867 0.10920469190983782
leaf_weight=103.10858540795743 659.97858835943043 6.9780524875968686 46.218264203518629 35.036539701744914 82.769762588664889 89.975789936259389
leaf_count=2953 20343 202 895 987 2187 1644
internal_value=0.000439554 0.047852 -0.0139612 0.0784959 0.0268416 0.100909
internal_weight=1024.07 235.099 788.967 131.99 128.988 96.9538
internal_count=29211 5786 23425 2833 3082 1846
is_linear=0
shrinkage=0.035


Tree=4
num_leaves=7
num_cat=0
split_feature=90 47 89 52 87 34
split_gain=526.244 235.935 165.424 152.441 124.738 99.1054
threshold=0.25175850093364721 0.45438537001609808 0.335801512002945 0.19993910193443301 0.42623026669025427 0.29059265553951269
decision_type=8 10 10 8 8 10
left_child=1 -1 5 4 -2 -3
right_child=3 2 -4 -5 -6 -7
leaf_value=0 0.043461017116864856 0.010160107880296127 0.018421720333617917 -0.023390736815504916 -0.012579966825680139 0.11323117076766649
leaf_weight=95.575131893157959 79.802692290395498 16.544657645747066 57.692787384614348 594.74476642161608 101.02998135797679 74.676199229434133
leaf_count=2774 1766 378 1562 18536 3020 1116
internal_value=-0.000668866 0.0432261 0.0696311 -0.0148731 0.0126668 0.0973928
internal_weight=1020.07 244.489 148.914 775.577 180.833 91.2209
internal_count=29152 5830 3056 23322 4786 1494
is_linear=0
shrinkage=0.035


Tree=5
num_leaves=7
num_cat=0
split_feature=89 32 62 62 47 72
split_gain=521.997 313.362 135.496 93.0841 89.2909 85.7815
threshold=0.29387287795543676 0.54407989978790294 0.47937536239624029 0.4566792249679566 0.29170013964176184 0.73343282938003551
decision_type=8 10 10 8 10 10
left_child=1 -1 4 5 -3 -2
right_child=3 2 -4 -5 -6 -7
leaf_value=0.0010051081433244409 -0.014069153125297879 -0.0061797221659312613 0.0096687462250836173 -0.028797611649712063 0.090298062234405257 0.028551526567935557
leaf_weight=185.42716384120286 195.62262464873493 10.711633209139107 45.491200407966971 390.35260027088225 123.92911726236343 72.619781795889139
leaf_count=5182 6084 294 1139 12611 2064 1888
internal_value=0.000459559 0.0336263 0.0654567 -0.0180538 0.0823384 -0.00184794
internal_weight=1024.15 365.559 180.132 658.595 134.641 268.242
internal_count=29262 8679 3497 20583 2358 7972
is_linear=0
shrinkage=0.035


Tree=6
num_leaves=7
num_cat=0
split_feature=90 72 72 88 88 91
split_gain=495.954 234.159 186.171 92.9984 85.3818 84.2333
threshold=0.25175850093364721 0.75521370768547069 0.8729257881641389 0.46560041606426245 0.34292492270469671 0.52876827120780956
decision_type=8 10 10 10 10 8
left_child=1 4 -2 -3 -1 -4
right_child=2 3 5 -5 -6 -7
leaf_value=0.03660022328705282 -0.021453668040491734 0.10093823699847657 0.042291909610584578 0.0025983369253473466 -0.011362033355761665 -0.013311299054357562
leaf_weight=95.49565134011209 632.87101246789098 72.688674403354526 86.32835952565074 15.594611037522553 73.534585935994983 45.014940861612558
leaf_count=2110 20380 1043 1761 434 2234 1266
internal_value=0.000584772 0.0419125 -0.0135525 0.0857717 0.0158677 0.0231883
internal_weight=1021.53 257.314 764.214 88.2833 169.03 131.343
internal_count=29228 5821 23407 1477 4344 3027
is_linear=0
shrinkage=0.035


Tree=7
num_leaves=7
num_cat=0
split_feature=90 72 72 69 88 88
split_gain=444.9 199.137 171.975 76.5333 70.1452 66.2807
threshold=0.25175850093364721 0.75521370768547069 0.86824488639831554 0.34279878437519079 0.59387084841728222 0.34292492270469671
decision_type=8 10 10 10 8 10
left_child=1 5 -2 -3 -4 -1
right_child=2 3 4 -5 -6 -7
leaf_value=0.032827004740069991 -0.020583683258991754 0.00016730263004586808 0.036683725326012107 0.090029900685016179 -0.01577461595383978 -0.0092863888983541545
leaf_weight=97.501539196819067 616.22322717495263 14.736002666875718 98.592812875285745 81.047281756997108 37.208988144993782 73.198811961337924
leaf_count=2114 20193 351 2021 1140 1072 2238
internal_value=0.00105039 0.0392828 -0.0126992 0.0777892 0.0218674 0.0148671
internal_weight=1018.51 266.484 752.025 95.7833 135.802 170.7
internal_count=29129 5843 23286 1491 3093 4352
is_linear=0
shrinkage=0.035


Tree=8
num_leaves=7
num_cat=0
split_feature=88 32 19 71 14 62
split_gain=430.156 297.471 129.694 112.213 74.1506 60.5439
threshold=0.37008211016654974 0.54407989978790294 0.70499151945114147 0.37745685875415808 0.17448128759860995 0.4566792249679566
decision_type=8 10 10 10 10 8
left_child=1 4 3 -3 -1 -2
right_child=5 2 -4 -5 -6 -7
leaf_value=0.033924345216757697 -0.0050867675154933111 0.0098644260642930352 -0.0074818558647229512 0.07832378333278732 -0.012911922650016828 -0.028576973749318224
leaf_weight=45.245043378323317 238.45001099444926 41.363229539245367 32.582725109532475 149.92589979991317 176.41187006980181 333.7642387393862
leaf_count=986 7236 992 931 2345 5304 11369
internal_value=0.000831231 0.0264103 0.0541362 0.0647742 -0.0022743 -0.0190838
internal_weight=1017.74 445.529 223.872 191.289 221.657 572.214
internal_count=29163 10558 4268 3337 6290 18605
is_linear=0
shrinkage=0.035


Tree=9
num_leaves=7
num_cat=0
split_feature=89 32 19 72 90 57
split_gain=398.137 243.166 117.923 87.2239 77.608 68.2507
threshold=0.335801512002945 0.54407989978790294 0.71682429313659679 0.5239354968070985 0.25175850093364721 0.24472065269947055
decision_type=8 10 10 10 10 8
left_child=1 4 3 -3 -1 -2
right_child=5 2 -4 -5 -6 -7
leaf_value=0.027665276593065731 0.0033197707388138453 0.014198641549950458 -0.013798928473629764 0.072601455937705089 -0.016511880875704824 -0.024894506653463759
leaf_weight=64.263805959373713 129.34976545162499 48.024104416370392 26.595851434394717 146.06942853145301 140.62765658833086 457.12783695571125
leaf_count=1376 3844 1097 767 2071 4394 15512
internal_value=0 0.0254827 0.0503029 0.0595449 -0.00189028 -0.0186225
internal_weight=1012.06 425.581 220.689 194.094 204.891 586.478
internal_count=29061 9705 3935 3168 5770 19356
is_linear=0
shrinkage=0.035


Tree=10
num_leaves=7
num_cat=0
split_feature=88 72 96 13 72 37
split_gain=370.02 258.994 90.9847 83.683 54.1485 52.7281
threshold=0.35267703235149389 0.75070086121559154 0.49610193073749548 0.17678382992744449 0.94881358742713939 0.46080736815929418
decision_type=8 10 10 10 10 8
left_child=1 3 5 -1 -2 -3
right_child=4 2 -4 -5 -6 -7
leaf_value=0.030219498901243633 -0.0218984388045519 0.048196009261500652 0.076304334205400282 -0.01237983251022789 0.022045045236590489 -0.0010675580043261208
leaf_weight=71.486770266667008 532.86853101290762 46.144159812480211 96.731049608439207 187.24222129583359 29.226368181407452 47.712827598676085
leaf_count=1433 18129 789 1235 5712 707 1128
internal_value=-0.000384581 0.0230179 0.0530822 0 -0.0192442 0.0245202
internal_weight=1011.41 449.317 190.588 258.729 562.095 93.857
internal_count=29133 10297 3152 7145 18836 1917
is_linear=0
shrinkage=0.035


Tree=11
num_leaves=7
num_cat=0
split_feature=89 47 19 28 96 64
split_gain=345.676 202.956 144.208 79.6327 70.072 79.1088
threshold=0.335801512002945 0.50235804915428173 0.70499151945114147 0.38911421597003942 0.49610193073749548 0.35561189055442816
decision_type=8 10 10 10 10 10
left_child=1 -1 3 -3 -2 -6
right_child=4 2 -4 -5 5 -7
leaf_value=-0.0068914930181682675 -0.028271270313915634 0.017878672480550598 -0.012979965847973627 0.065856784466356372 0.020234858143029142 -0.018959552729922592
leaf_weight=166.08243528008461 321.42665510624647 71.558537650853395 45.371597966179252 158.82907309010625 96.718275619670749 149.6067424826324
leaf_count=4637 11202 1690 1367 2126 3023 5089
internal_value=0.00022531 0.0232621 0.0412902 0.0522751 -0.0176856 -0.00321122
internal_weight=1009.59 441.842 275.759 230.388 567.752 246.325
internal_count=29134 9820 5183 3816 19314 8112
is_linear=0
shrinkage=0.035


Tree=12
num_leaves=7
num_cat=0
split_feature=90 52 47 41 98 91
split_gain=294.201 147.883 134.495 92.4809 78.536 80.9516
threshold=0.25175850093364721 0.21139252185821536 0.44663505256176 0.81928911805152904 0.64197430014610302 0.49387715756893164
decision_type=8 8 10 8 8 8
left_child=2 4 -1 -4 5 -2
right_child=1 -3 3 -5 -6 -7
leaf_value=-0.003476586148218992 0.050159052972774877 -0.022379682047417322 0.056547911259539244 -0.0062950490812967389 -0.013254574012963004 -0.0069917958336285623
leaf_weight=99.443358482792974 75.620708920061588 521.92190152965486 154.3481685873121 31.24550455994904 78.593721063807607 42.594630343839526
leaf_count=2758 1355 18217 2351 704 2358 1363
internal_value=-0.000703518 -0.0126858 0.0288525 0.0458739 0.0126353 0.0300129
internal_weight=1003.77 718.731 285.037 185.594 196.809 118.215
internal_count=29106 23293 5813 3055 5076 2718
is_linear=0
shrinkage=0.035


Tree=13
num_leaves=7
num_cat=0
split_feature=62 47 90 66 47 20
split_gain=285.102 205.519 111.003 87.7065 56.5573 64.5157
threshold=0.4566792249679566 0.48607343435287481 0.70465248823165905 0.72162199020385753 0.64676508307456981 0.37427160143852239
decision_type=8 10 8 10 10 8
left_child=1 -1 3 -3 -2 -6
right_child=4 2 -4 -5 5 -7
leaf_value=-0.0098020474257449076 -0.030747669727567192 0.047581381467622461 -0.022776578512747898 -0.0058248774808463332 0.035011969283623781 -0.01493816850732058
leaf_weight=214.63030142523348 271.07468581385911 257.50429145433009 32.246288413181901 40.00246212631464 31.186304703354836 153.7432516310364
leaf_count=6646 9826 4567 1094 1113 613 5209
internal_value=-0.000471552 0.0164687 0.0335505 0.0402641 -0.0207435 -0.00514
internal_weight=1000.39 544.383 329.753 297.507 456.004 184.93
internal_count=29068 13420 6774 5680 15648 5822
is_linear=0
shrinkage=0.035


Tree=14
num_leaves=7
num_cat=0
split_feature=89 32 62 32 47 20
split_gain=319.527 155.278 85.7196 66.117 62.404 58.5978
threshold=0.28836700320243841 0.54407989978790294 0.4566792249679566 0.78515353798866283 0.29170013964176184 0.69068077206611644
decision_type=8 10 8 10 10 10
left_child=1 -1 3 -2 -3 -6
right_child=2 4 -4 -5 5 -7
leaf_value=0.00029754755783481751 -0.011458232753118589 -0.015866002114318937 -0.026614715854653401 0.025510919001469776 0.054790324759687439 -0.0022533782037958599
leaf_weight=183.41334698721766 184.002804717049 15.065567115321754 336.94179646298289 77.716695815324783 187.05937071330845 22.200547674670815
leaf_count=5049 5945 402 12616 2104 2372 589
internal_value=0.000997122 0.0246737 -0.0151548 0 0.0436816 0.0486367
internal_weight=1006.4 407.739 598.661 261.72 224.325 209.26
internal_count=29077 8412 20665 8049 3363 2961
is_linear=0
shrinkage=0.035


Tree=15
num_leaves=7
num_cat=0
split_feature=89 32 57 47 19 86
split_gain=277.677 139.869 72.861 60.9888 47.8393 44.0482
threshold=0.29387287795543676 0.54407989978790294 0.24472065269947055 0.29170013964176184 0.71682429313659679 0.41114418208599096
decision_type=8 10 8 10 10 8
left_child=1 -1 5 -3 -5 -2
right_child=2 3 -4 4 -6 -7
leaf_value=-0.0010865945427010484 0.02580670020875311 -0.019245573094663734 -0.022516140985916599 0.04884852971716918 -0.0045394447765035872 -0.011475286392029587
leaf_weight=186.62490827962756 64.259384760633111 14.865796126425264 448.13502968102694 196.73822267353535 19.446174032986164 74.75404654070735
leaf_count=5171 1773 408 16570 2465 540 2361
internal_value=-0.000232245 0.0213015 -0.0157192 0.0390358 0.0438214 0.00586783
internal_weight=1004.82 417.675 587.148 231.05 216.184 139.013
internal_count=29288 8584 20704 3413 3005 4134
is_linear=0
shrinkage=0.035


Tree=16
num_leaves=7
num_cat=0
split_feature=88 20 32 10 32 89
split_gain=276.801 138.278 104.718 74.8135 57.46 46.075
threshold=0.35267703235149389 0.72052761912345897 0.29566481709480291 0.79303571581840526 0.69471859931945812 0.49692659080028539
decision_type=8 10 10 10 10 8
left_child=1 2 -1 -4 -2 -6
right_child=4 -3 3 -5 5 -7
leaf_value=-0.0077942612833748239 -0.026264635816834792 -0.022368531551298709 0.043842657104695766 0 0.020821747642135676 -0.013442668237797727
leaf_weight=77.19075908139348 320.31922780349851 73.882850702852011 265.22816212847829 56.421335274353623 62.903079759329557 139.71750746667385
leaf_count=2262 12108 2483 4300 1230 1668 4977
internal_value=0.00016856 0.0194587 0.0276235 0.0362653 -0.0172008 -0.00216926
internal_weight=995.663 472.723 398.84 321.649 522.94 202.621
internal_count=29028 10275 7792 5530 18753 6645
is_linear=0
shrinkage=0.035


Tree=17
num_leaves=7
num_cat=0
split_feature=89 47 19 34 14 14
split_gain=304.685 144.366 86.4388 58.6334 54.1194 32.8242
threshold=0.33079914748668676 0.49428331851959234 0.51498501002788555 0.37028889358043676 0.17448128759860995 0.17448128759860995
decision_type=8 10 10 10 8 10
left_child=1 5 3 -3 -2 -1
right_child=4 2 -4 -5 -6 -7
leaf_value=0.016528159448931771 0.0073579169077794184 0.011293010227063612 -0.0082823625496321503 0.051341737212164798 -0.022432397792812069 -0.016154437053882188
leaf_weight=46.036322483792901 82.295082630589604 68.888288140296936 45.161834225058556 196.67733419127762 449.5916887037456 112.67700302042067
leaf_count=995 2399 1355 1388 2408 17080 3524
internal_value=0.000277057 0.020694 0.034313 0.041779 -0.0176852 -0.0060214
internal_weight=1001.33 469.441 310.727 265.566 531.887 158.713
internal_count=29149 9670 5151 3763 19479 4519
is_linear=0
shrinkage=0.035


Tree=18
num_leaves=7
num_cat=0
split_feature=88 72 13 32 96 37
split_gain=250.672 139.938 63.6223 55.1305 53.7751 41.5993
threshold=0.35267703235149389 0.75285273790359508 0.17678382992744449 0.69471859931945812 0.49610193073749548 0.46080736815929418
decision_type=8 10 10 10 10 8
left_child=1 2 -1 -2 5 -3
right_child=3 4 -4 -5 -6 -7
leaf_value=0.024849819557884095 -0.026066926395222675 0.036536398584536348 -0.010651156254182285 -0.0022074985930527948 0.054096926363420256 -0.004885218019625253
leaf_weight=82.765400992706418 308.8999170679599 53.435203989967704 185.57551933266222 200.30324974097311 116.05490232631564 50.539279351010919
leaf_count=1458 12145 760 5740 6654 1247 1120
internal_value=3.76876e-05 0.0178563 0.000510966 -0.0169623 0.0380198 0.017023
internal_weight=997.573 488.37 268.341 509.203 220.029 103.974
internal_count=29124 10325 7198 18799 3127 1880
is_linear=0
shrinkage=0.035


Tree=19
num_leaves=7
num_cat=0
split_feature=62 47 90 63 47 87
split_gain=235.849 149.106 89.9292 73.5789 55.0936 47.1583
threshold=0.4566792249679566 0.46232704818248754 0.68352869153022777 0.35805179178714758 0.64676508307456981 0.25284615159034735
decision_type=8 10 8 10 10 8
left_child=1 -1 3 -3 -2 -6
right_child=4 2 -4 -5 5 -7
leaf_value=-0.0093108936373811225 -0.029676533153031159 0.018818247186721648 -0.020353411473689249 0.053715100026467968 0.029498065883194449 -0.012733865577232498
leaf_weight=196.1002433784306 247.56714726611972 205.17002790048718 36.125294798985124 130.70091701485217 32.7624989785254 145.97836914472282
leaf_count=6277 9844 4236 1285 1657 668 5169
internal_value=0.000215175 0.0149469 0.0277995 0.0334844 -0.0192091 -0.0037797
internal_weight=994.404 568.096 371.996 335.871 426.308 178.741
internal_count=29136 13455 7178 5893 15681 5837
is_linear=0
shrinkage=0.035


Tree=20
num_leaves=7
num_cat=0
split_feature=62 47 96 41 64 47
split_gain=246.203 151.081 106.027 77.4691 58.4029 57.7102
threshold=0.4566792249679566 0.3192602694034577 0.49610193073749548 0.81185796856880199 0.28768534958362585 0.64676508307456981
decision_type=8 10 10 10 10 10
left_child=1 -1 4 -4 -3 -2
right_child=5 2 3 -5 -6 -7
leaf_value=-0.018492994105099157 -0.031055349712908215 0.02660527042612576 0.048630221376158793 -0.005118861688999974 -0.0087988912642720241 -0.0043538375004834864
leaf_weight=122.69049458391964 242.23321165144444 89.596188168972731 196.40907618589699 35.374689659103751 127.90657346136868 177.55641078948975
leaf_count=4198 9894 1767 3032 708 3731 5861
internal_value=0 0.0148235 0.0242007 0.040311 0.00597884 -0.0201769
internal_weight=991.767 571.977 449.287 231.784 217.503 419.79
internal_count=29191 13436 9238 3740 5498 15755
is_linear=0
shrinkage=0.035


Tree=21
num_leaves=7
num_cat=0
split_feature=72 14 20 88 86 87
split_gain=228.164 125.613 112.046 60.3901 51.8815 49.0452
threshold=0.75070086121559154 0.17448128759860995 0.37427160143852239 0.7615002989768983 0.40083307027816778 0.53046095371246349
decision_type=10 8 10 10 8 8
left_child=1 4 3 -2 -1 -4
right_child=2 -3 5 -5 -6 -7
leaf_value=0.029555100570060784 0.050043244243691686 -0.020338714824250953 0.017279081414563434 -0.015164949864939086 -0.012730159232460563 -0.016705764876750056
leaf_weight=99.502043740823865 149.24102570489049 482.44483966380358 132.48838804662228 14.610648557543753 45.512541828677058 73.914251048117876
leaf_count=1990 1729 18431 2618 477 1327 2571
internal_value=0.000995337 -0.0117694 0.0225577 0.0434879 0.0159691 0.00469477
internal_weight=997.714 627.459 370.254 163.852 145.015 206.403
internal_count=29143 21748 7395 2206 3317 5189
is_linear=0
shrinkage=0.035


Tree=22
num_leaves=7
num_cat=0
split_feature=88 34 4 20 4 97
split_gain=191.634 121.298 84.786 85.3455 52.5325 45.0055
threshold=0.35267703235149389 0.37028889358043676 0.27898266911506658 0.72052761912345897 0.46172852814197546 0.48142592608928686
decision_type=8 10 10 10 10 8
left_child=1 -1 -3 -4 -2 -6
right_child=4 2 3 -5 5 -7
leaf_value=-0.0091442988675402032 -0.028661394662840699 -0.0039021597787257051 0.043850604731872515 -0.013913061148823154 0.010128230379778173 -0.017004281690643323
leaf_weight=162.08258385583758 204.19087077863514 78.753180222585797 226.37004407681525 30.839826287701726 123.22700202837586 164.02301737107337
leaf_count=4442 8517 1930 2977 993 4084 6231
internal_value=0 0.0151875 0.0270185 0.0365159 -0.0153726 -0.00522788
internal_weight=989.487 498.046 335.963 257.21 491.441 287.25
internal_count=29174 10342 5900 3970 18832 10315
is_linear=0
shrinkage=0.035


Tree=23
num_leaves=7
num_cat=0
split_feature=62 63 61 75 40 89
split_gain=209.648 126.871 85.2766 74.5799 57.5797 47.6835
threshold=0.4566792249679566 0.35805179178714758 0.39298973977565771 0.43241615593433386 0.82638448476791393 0.76446300745010387
decision_type=8 10 10 10 10 10
left_child=1 3 -3 -1 -4 -5
right_child=-2 2 4 5 -6 -7
leaf_value=-0.019668161147500047 -0.019763521539287281 0.0025795390575205405 0.057162077970156593 0.018874216189835903 -0.0095537864826181484 -0.021709287896154408
leaf_weight=135.3754824437201 400.88360124640167 74.695347366854548 122.11291873827577 200.36419272981584 14.168061474338172 34.6502022203058
leaf_count=4322 15636 1796 1617 4170 311 1268
internal_value=-0.000459535 0.0128501 0.0339719 0.000216373 0.0497171 0.0121569
internal_weight=982.25 581.366 210.976 370.39 136.281 235.014
internal_count=29120 13484 3724 9760 1928 5438
is_linear=0
shrinkage=0.035


Tree=24
num_leaves=7
num_cat=0
split_feature=62 47 63 9 47 87
split_gain=190.659 139.372 98.3648 55.9581 53.6843 50.245
threshold=0.4566792249679566 0.33540658652782446 0.35805179178714758 0.48439314961433416 0.66620406508445751 0.27344775199890142
decision_type=8 10 10 10 10 8
left_child=1 -1 3 -3 -2 -6
right_child=4 2 -4 -5 5 -7
leaf_value=-0.018561033454957302 -0.028942276101758181 0.019739535068987603 0.041587737114675921 -0.011632332894048778 0.02996820939991561 -0.013054344418332874
leaf_weight=127.19066489301622 231.09066476114094 180.08545750379562 178.80470893904567 101.78312451392412 35.703708069398999 129.04433892667294
leaf_count=4451 10098 3597 2572 2836 718 4826
internal_value=0.000192661 0.0128262 0.0217731 0.00822161 -0.018322 -0.00247066
internal_weight=983.703 587.864 460.673 281.869 395.839 164.748
internal_count=29098 13456 9005 6433 15642 5544
is_linear=0
shrinkage=0.035


Tree=25
num_leaves=7
num_cat=0
split_feature=62 47 97 92 64 47
split_gain=187.789 119.335 85.0495 57.7127 47.3548 46.1132
threshold=0.4566792249679566 0.3192602694034577 0.48142592608928686 0.88932496309280407 0.28768534958362585 0.65057265758514415
decision_type=8 10 8 10 10 10
left_child=1 -1 3 -3 -4 -2
right_child=5 2 4 -5 -6 -7
leaf_value=-0.017864318129656276 -0.028953745543991757 0.039010236218968125 0.022087047847154179 -0.020467804135676625 -0.0089872703059837335 -0.0042177052066477375
leaf_weight=119.02379914931953 221.26141259819269 226.76519672572613 97.224061181768775 15.771391192451118 130.296067295596 169.10596772283316
leaf_count=4269 9902 3111 1861 427 3779 5774
internal_value=-6.34827e-06 0.0123579 0.0202913 0.0344029 0.00436771 -0.0186698
internal_weight=979.448 589.081 470.057 242.537 227.52 390.367
internal_count=29123 13447 9178 3538 5640 15676
is_linear=0
shrinkage=0.035


Tree=26
num_leaves=7
num_cat=0
split_feature=62 47 91 84 47 96
split_gain=183.783 103.776 76.896 56.8385 41.9745 35.247
threshold=0.48294647037982946 0.33540658652782446 0.62388974428176891 0.85513892769813549 0.65832942724227916 0.49610193073749548
decision_type=8 10 10 10 10 10
left_child=1 -1 3 -3 -2 -6
right_child=4 2 -4 -5 5 -7
leaf_value=-0.015683203707456374 -0.029581850819791547 0.028055167751862679 -0.018343537679993235 -0.012330771368314246 -0.021003092267654781 0.010282575545451315
leaf_weight=127.98010215163231 211.63612751103938 385.19200118258595 52.841849246993661 41.44091783836484 78.990344617515802 80.119281798601151
leaf_count=4635 9763 6440 1908 933 2997 2488
internal_value=-0.000355355 0.0113985 0.0188735 0.0238567 -0.0195863 -0.00519703
internal_weight=978.201 607.455 479.475 426.633 370.746 159.11
internal_count=29164 13916 9281 7373 15248 5485
is_linear=0
shrinkage=0.035


Tree=27
num_leaves=7
num_cat=0
split_feature=89 20 77 98 96 64
split_gain=170.546 96.3758 94.9716 66.9029 49.7177 62.3957
threshold=0.41361999511718756 0.69068077206611644 0.28902922570705419 0.67429676651954662 0.49610193073749548 0.35561189055442816
decision_type=8 10 10 10 10 10
left_child=1 2 -1 -4 -2 -6
right_child=4 -3 3 -5 5 -7
leaf_value=-0.0040757066689798907 -0.027222645211928759 -0.017687037562155616 0.040305781827010945 0.0049024000556160451 0.019953888073772564 -0.018981834510947853
leaf_weight=138.65098990127444 224.80175905674696 95.077045047655702 222.90621809102595 99.612842792645097 77.932513043284416 113.12208650447428
leaf_count=3097 9969 3545 3351 2006 2581 4554
internal_value=0.000394521 0.0130458 0.0196873 0.0299133 -0.0163308 -0.00267229
internal_weight=972.103 556.247 461.17 322.519 415.856 191.055
internal_count=29103 11999 8454 5357 17104 7135
is_linear=0
shrinkage=0.035


Tree=28
num_leaves=7
num_cat=0
split_feature=62 47 63 61 43 47
split_gain=159.722 109.032 80.3159 45.5816 43.7997 40.4189
threshold=0.4566792249679566 0.32332414388656622 0.35805179178714758 0.44471292197704321 0.62622499465942394 0.65057265758514415
decision_type=8 10 10 10 10 10
left_child=1 -1 4 -4 -3 -2
right_child=5 2 3 -5 -6 -7
leaf_value=-0.018494958695471755 -0.027952397685345493 0.015069895053867808 0.013877103857810992 0.050431229568529412 -0.013125282421541474 -0.0043538454305741348
leaf_weight=115.6444666069001 207.83808516897261 205.57350119203329 86.82633213698864 105.53974618576467 89.75515416637063 167.18147233873606
leaf_count=4298 9913 4242 1466 1168 2281 5751
internal_value=-0.000106832 0.0109441 0.0182165 0.035407 0.00620768 -0.01788
internal_weight=978.359 603.339 487.695 192.366 295.329 375.02
internal_count=29119 13455 9157 2634 6523 15664
is_linear=0
shrinkage=0.035


Tree=29
num_leaves=7
num_cat=0
split_feature=62 73 19 89 69 20
split_gain=161.54 86.4127 76.7409 71.1412 36.5444 35.3454
threshold=0.4566792249679566 0.25833839923143392 0.51498501002788555 0.59480029344558727 0.51619067788124096 0.37427160143852239
decision_type=8 10 10 10 10 8
left_child=1 -1 3 -3 -2 -6
right_child=4 2 -4 -5 5 -7
leaf_value=-0.017708791148205397 -0.029090517475700441 0.027351251346610244 -0.027753079142112953 -0.00702218510925578 0.019732706144831975 -0.013979082774631443
leaf_weight=94.467110779136419 168.10293861106038 395.96892985887825 34.918772168457508 83.943567277863622 40.476072326302528 163.53556921891868
leaf_count=3514 8177 5976 1144 2850 871 6738
internal_value=0.000630114 0.0117289 0.0174192 0.0212147 -0.0172692 -0.0065508
internal_weight=981.413 609.298 514.831 479.912 372.115 204.012
internal_count=29270 13484 9970 8826 15786 7609
is_linear=0
shrinkage=0.035


Tree=30
num_leaves=7
num_cat=0
split_feature=89 19 4 84 96 4
split_gain=155.488 111.174 86.3009 66.682 27.3476 24.6387
threshold=0.5446240007877351 0.65252909064292919 0.32314333319664007 0.85513892769813549 0.49610193073749548 0.71431604027748119
decision_type=8 10 10 8 10 10
left_child=1 2 4 -4 -1 -2
right_child=5 -3 3 -5 -6 -7
leaf_value=-0.025215750211572158 -0.027409367526275531 -0.019587604454187519 0.029201702929263905 -0.011629502872974689 0.0049208605015494599 -0.0051198348740641355
leaf_weight=53.301061747595668 196.27110400609672 121.2669790815562 370.73613188415766 49.922664305195212 82.288777993991971 101.7308482453227
leaf_count=1934 9240 5030 5980 1293 1671 3976
internal_value=0.000388299 0.00969729 0.0163619 0.0241069 -0.00730521 -0.0203046
internal_weight=975.518 677.516 556.249 420.659 135.59 298.002
internal_count=29124 15908 10878 7273 3605 13216
is_linear=0
shrinkage=0.035


Tree=31
num_leaves=7
num_cat=0
split_feature=90 58 41 62 92 4
split_gain=164.93 91.1069 80.6658 60.963 53.7515 39.1487
threshold=0.25175850093364721 0.31557910144329077 0.81185796856880199 0.58943358063697826 0.79309976100921642 0.35519208014011389
decision_type=8 8 8 10 10 10
left_child=2 3 4 5 -1 -2
right_child=1 -3 -4 -5 -6 -7
leaf_value=0.034523276406109554 -0.017472800225395328 -0.021271548313699196 -0.013371774490529778 -0.018813827843639084 -0.0063730143900806368 0.022799006378896841
leaf_weight=231.36085856333375 28.195182126015425 369.17433833703399 65.325339125469327 80.966355804353952 41.93043664470315 160.11345285736024
leaf_count=3214 873 15617 1550 3611 1042 3232
internal_value=0.000262249 -0.0101307 0.0197908 0.00512701 0.0280592 0.0160354
internal_weight=977.066 638.449 338.617 269.275 273.291 188.309
internal_count=29139 23333 5806 7716 4256 4105
is_linear=0
shrinkage=0.035


Tree=32
num_leaves=7
num_cat=0
split_feature=62 47 96 92 87 64
split_gain=145.415 89.4522 77.2245 56.47 40.8879 35.0589
threshold=0.4566792249679566 0.29170013964176184 0.49610193073749548 0.89755529165267955 0.22028166800737384 0.28387133777141577
decision_type=8 10 10 10 8 10
left_child=1 -1 5 -4 -2 -3
right_child=4 2 3 -5 -6 -7
leaf_value=-0.019406190151394824 0.0061421966804065644 0.015462949467833591 0.031887222335879026 -0.024557855214113151 -0.023581442541402264 -0.010858534891973871
leaf_weight=99.819945514202118 62.997723943553865 102.02672048658133 262.94408406689763 16.774180581793189 294.40409658756107 133.5573606044054
leaf_count=3844 1952 1791 3391 460 13795 3960
internal_value=-0.000603689 0.0096259 0.0155608 0.0277311 -0.0181787 0.0004587
internal_weight=972.524 615.122 515.302 279.718 357.402 235.584
internal_count=29193 13446 9602 3851 15747 5751
is_linear=0
shrinkage=0.035


Tree=33
num_leaves=7
num_cat=0
split_feature=89 19 34 4 4 97
split_gain=162.768 108.243 94.4889 72.3495 23.7486 25.0671
threshold=0.53281426429748546 0.70499151945114147 0.37028889358043676 0.19549271464347842 0.71846154332160961 0.48142592608928686
decision_type=8 10 10 10 10 8
left_child=1 2 -1 -4 -2 -6
right_child=4 -3 3 -5 5 -7
leaf_value=-0.0051089502749447754 -0.027322493869868677 -0.020359362959935925 -0.0091035798789438193 0.031638906051738545 0.012068928977586024 -0.020092623244298682
leaf_weight=167.50271199457347 195.83724967390299 108.84536414965987 57.054147223010659 343.9989548176527 45.770266504958272 56.690000671893358
leaf_count=4351 9616 4738 1547 4924 1522 2522
internal_value=0.000852822 0.0103758 0.0165517 0.0256498 -0.0203077 -0.00541681
internal_weight=975.699 677.401 568.556 401.053 298.298 102.46
internal_count=29220 15560 10822 6471 13660 4044
is_linear=0
shrinkage=0.035


Tree=34
num_leaves=7
num_cat=0
split_feature=89 32 97 64 77 76
split_gain=128.423 64.5658 40.4551 46.9884 39.4301 39.3228
threshold=0.40910176932811743 0.29566481709480291 0.48142592608928686 0.35561189055442816 0.27204366028308874 0.51660171151161205
decision_type=8 10 8 10 10 10
left_child=1 -1 3 -2 -3 -6
right_child=2 4 -4 -5 5 -7
leaf_value=-0.013358597204934475 0.017674083845367821 -0.0017930114621588352 -0.025328262381020379 -0.017556114878424674 0.031546237903097796 0.0073051188913844951
leaf_weight=105.99979962781072 72.711191318929195 110.95381015911698 216.45374503266066 100.10294976178557 201.02643574029207 155.92282070033252
leaf_count=3714 2408 2278 10551 4276 2894 3011
internal_value=-0.000104085 0.0103158 -0.0154968 -0.00231659 0.0159238 0.0214933
internal_weight=963.171 573.903 389.268 172.814 467.903 356.949
internal_count=29132 11897 17235 6684 8183 5905
is_linear=0
shrinkage=0.035


Tree=35
num_leaves=7
num_cat=0
split_feature=88 47 20 41 4 14
split_gain=129.498 62.2819 56.5302 46.2918 45.1828 48.8609
threshold=0.35267703235149389 0.18841212987899783 0.72052761912345897 0.81551954150199901 0.46172852814197546 0.2549369484186173
decision_type=8 10 10 8 10 10
left_child=1 -1 3 -3 -2 -6
right_child=4 2 -4 -5 5 -7
leaf_value=-0.024351927887970106 -0.026805127154841464 0.025367064922401296 -0.015653611880848382 -0.0041014827784458235 0.015190060541466809 -0.014836593287113673
leaf_weight=43.211073571816087 168.69282292947173 364.90678150579333 53.090381715446711 73.116074908524752 97.242770794779062 169.59060783218592
leaf_count=1704 8498 5064 2051 1595 2884 7348
internal_value=0.000962327 0.0124759 0.0161598 0.020345 -0.0130149 -0.00357924
internal_weight=969.851 534.324 491.113 438.023 435.526 266.833
internal_count=29144 10414 8710 6659 18730 10232
is_linear=0
shrinkage=0.035


Tree=36
num_leaves=7
num_cat=0
split_feature=86 72 19 47 77 4
split_gain=124.553 78.547 54.4898 39.0121 35.5591 34.9467
threshold=0.27037018537521368 0.88087677955627453 0.51498501002788555 0.18841212987899783 0.4439148902893067 0.62781593203544628
decision_type=8 10 8 10 10 10
left_child=2 5 3 -1 -5 -2
right_child=1 -3 -4 4 -6 -7
leaf_value=-0.013647954833132572 -0.025585302309944782 0.013755204796348515 -0.018100958953842065 0.0094174312757956957 0.035013924824301428 -0.0058177074372794593
leaf_weight=30.393652436323464 253.81631477642804 121.82731687277555 44.557666701264679 132.93938537593931 162.92161256447434 212.81253987643868
leaf_count=1252 11517 2389 1840 2299 2520 7397
internal_value=-0.000373099 -0.0103905 0.015269 0.0203077 0.0242362 -0.0169306
internal_weight=959.268 588.456 370.812 326.255 295.861 466.629
internal_count=29214 21303 7911 6071 4819 18914
is_linear=0
shrinkage=0.035


Tree=37
num_leaves=7
num_cat=0
split_feature=89 19 34 4 97 75
split_gain=114.845 91.0929 68.5548 67.4608 21.7988 24.2722
threshold=0.58726155757904064 0.65252909064292919 0.40151931345462805 0.27898266911506658 0.48142592608928686 0.76560047268867504
decision_type=8 10 10 10 8 10
left_child=1 2 -1 -4 5 -2
right_child=4 -3 3 -5 -6 -7
leaf_value=-0.0032420401195396489 -0.01797542654972074 -0.018923201172583028 -0.0056067756682850632 0.028918473527921314 -0.028656877473274597 0.014209933862951668
leaf_weight=196.42887871712446 71.765407618135214 121.79735325090587 82.361908600665629 313.46764710452408 138.8137670904398 36.031421132385731
leaf_count=5085 3296 5583 2167 4325 7418 1276
internal_value=0.000459817 0.00763551 0.0133642 0.0216359 -0.0196982 -0.00652551
internal_weight=960.666 714.056 592.258 395.83 246.611 107.797
internal_count=29150 17160 11577 6492 11990 4572
is_linear=0
shrinkage=0.035


Tree=38
num_leaves=7
num_cat=0
split_feature=72 14 20 97 84 69
split_gain=103.462 68.6002 56.9192 42.212 34.5458 29.1444
threshold=0.75070086121559154 0.17448128759860995 0.72052761912345897 0.48142592608928686 0.85513892769813549 0.26710468530654913
decision_type=10 8 10 10 8 10
left_child=1 4 3 5 -1 -2
right_child=2 -3 -4 -5 -6 -7
leaf_value=0.016979448633015908 -0.010445876995209144 -0.017806844643518661 -0.019000721218362927 0.0043617544605181781 -0.021180405810407015 0.03389898827955018
leaf_weight=126.41574604250491 14.734907572157679 412.18550007324666 51.097847188822925 159.77991990651935 28.739967256784439 162.11596117075533
leaf_count=2588 379 18400 2049 3169 745 1811
internal_value=-0.000872059 -0.0103904 0.0128514 0.0181675 0.00889725 0.0296281
internal_weight=955.07 567.341 387.729 336.631 155.156 176.851
internal_count=29141 21733 7408 5359 3333 2190
is_linear=0
shrinkage=0.035


Tree=39
num_leaves=7
num_cat=0
split_feature=47 91 41 97 70 21
split_gain=113.859 85.0173 57.7577 42.7484 24.6047 26.7016
threshold=0.33540658652782446 0.48107174038887029 0.79216310381889354 0.48142592608928686 0.48338252305984503 0.36510623991489416
decision_type=10 8 8 10 10 10
left_child=-1 2 3 -2 -3 -6
right_child=1 4 -4 -5 5 -7
leaf_value=-0.023419237142308359 0.029390322498905778 -0.021906772690853688 -0.0089973499744334003 0.0065088961372485529 0.018127377627160202 -0.01392698698436496
leaf_weight=198.62962681241333 228.8800590261817 119.97725198604167 103.22597930859774 195.25723719131202 49.749400774016976 62.80507146473974
leaf_count=9775 2689 5723 2661 4245 1738 2467
internal_value=-0.000308022 0.00584572 0.0136061 0.0192935 -0.0114032 6.83831e-05
internal_weight=958.525 759.895 527.363 424.137 232.532 112.554
internal_count=29298 19523 9595 6934 9928 4205
is_linear=0
shrinkage=0.035


Tree=40
num_leaves=7
num_cat=0
split_feature=89 19 72 37 9 47
split_gain=113.086 73.2802 58.8308 43.7411 22.6842 20.558
threshold=0.5446240007877351 0.72930333018302929 0.64231669902801525 0.4798006564378739 0.82287594676017772 0.69400444626808178
decision_type=8 10 10 8 10 10
left_child=1 2 4 -4 -1 -2
right_child=5 -3 3 -5 -6 -7
leaf_value=0.0046940173349087891 -0.026654313895040183 -0.021370090849494493 0.031998483662263308 0.0065364270758312059 -0.018518407683266992 -0.0051139472622688514
leaf_weight=191.94413537532091 168.54276384413242 87.191875837743282 187.32883338164538 162.72998599056154 61.116934344172478 94.614582066424191
leaf_count=5035 9336 4170 2352 2357 2052 3864
internal_value=-0.000249467 0.00714657 0.0115809 0.0207192 -0.00110662 -0.0194828
internal_weight=953.469 690.312 603.12 350.059 253.061 263.157
internal_count=29166 15966 11796 4709 7087 13200
is_linear=0
shrinkage=0.035


Tree=41
num_leaves=7
num_cat=0
split_feature=97 60 43 87 64 13
split_gain=99.6116 57.655 53.8817 48.0654 49.0727 45.3278
threshold=0.48142592608928686 0.44829441606998449 0.52778631448745739 0.48380273580551153 0.28387133777141577 0.35750810801982885
decision_type=8 10 10 8 10 10
left_child=1 5 -3 4 -2 -1
right_child=3 2 -4 -5 -6 -7
leaf_value=0.0066737405291618663 0.015025479112293606 0.036069795365223221 0.0058493959448707201 -0.025423120734354144 -0.0137642093456241 -0.029924644171393053
leaf_weight=121.01232303492725 110.0590634085238 131.60713542532176 168.07567845471203 183.53663784917444 178.31932433415204 52.557605244219303
leaf_count=2315 2060 2297 3919 9255 6492 2804
internal_value=-0.000462391 0.0107363 0.0198842 -0.011794 -0.00249055 -0.00494944
internal_weight=945.168 473.253 299.683 471.915 288.378 173.57
internal_count=29142 11335 6216 17807 8552 5119
is_linear=0
shrinkage=0.035


Tree=42
num_leaves=7
num_cat=0
split_feature=62 63 61 15 23 47
split_gain=95.4869 66.0822 54.7034 40.0693 41.4841 36.086
threshold=0.48294647037982946 0.35805179178714758 0.44871839880943304 0.429258942604065 0.17242964357137683 0.66620406508445751
decision_type=8 10 10 10 10 10
left_child=1 3 -3 4 -1 -2
right_child=5 2 -4 -5 -6 -7
leaf_value=-0.014072611435297639 -0.026439005555862018 0.0024510403098001918 0.035394173472869536 -0.013141209053001219 0.019724703130926995 -0.0024122916270497654
leaf_weight=56.549937293864787 171.76246980391443 116.55059288442135 136.2714010020718 187.27514504827559 132.5438379375264 145.53632292337716
leaf_count=1492 9915 2512 1631 5500 2748 5403
internal_value=-0.000433553 0.00739071 0.0209497 -0.00182729 0.00919004 -0.0159103
internal_weight=946.49 629.191 252.822 376.369 189.094 317.299
internal_count=29201 13883 4143 9740 4240 15318
is_linear=0
shrinkage=0.035


Tree=43
num_leaves=7
num_cat=0
split_feature=72 13 90 4 86 17
split_gain=98.0209 55.1919 41.0777 40.1659 35.9833 32.4782
threshold=0.64231669902801525 0.37411718070507055 0.25175850093364721 0.34331674873828893 0.727846920490265 0.4413344413042069
decision_type=10 10 8 10 10 10
left_child=2 3 -1 -2 -5 -3
right_child=1 5 -4 4 -6 -7
leaf_value=0.0018925456097598527 -0.0061356481173024955 -0.025048222771966295 -0.019740986114333423 0.031860870125722439 -0.014616687956063792 0.0047405477549173755
leaf_weight=156.90940412506461 48.060881177894771 50.220577435567975 299.42726963292807 191.92210524249822 16.489777570590377 183.06741242390126
leaf_count=3661 1143 2154 15033 2175 517 4531
internal_value=-0.000672482 0.0100655 -0.0122849 0.0210334 0.0275365 -0.00207245
internal_weight=946.097 489.761 456.337 256.473 208.412 233.288
internal_count=29214 10520 18694 3835 2692 6685
is_linear=0
shrinkage=0.035


Tree=44
num_leaves=7
num_cat=0
split_feature=72 97 86 4 88 39
split_gain=94.3696 60.6106 40.3874 36.7224 32.1026 33.2784
threshold=0.64231669902801525 0.48142592608928686 0.21842173486948016 0.39784730970859533 0.50198471546173107 0.61975127458572399
decision_type=10 8 8 10 8 10
left_child=2 3 -1 -2 5 -3
right_child=1 4 -4 -5 -6 -7
leaf_value=0.0039593808086896319 0 0.015424951544929705 -0.018499771545750842 0.029589887611087353 -0.022619729061659204 -0.015136441508025294
leaf_weight=131.1476784683764 68.778677464462817 120.57524962630123 321.67829457391053 183.94830803293735 62.303395924158394 57.277425701729953
leaf_count=3815 1383 1967 14853 2636 2957 1572
internal_value=-0.000446474 0.0100168 -0.0119254 0.0217268 -0.00239786 0.00507229
internal_weight=945.709 492.883 452.826 252.727 240.156 177.853
internal_count=29183 10515 18668 4019 6496 3539
is_linear=0
shrinkage=0.035


Tree=45
num_leaves=7
num_cat=0
split_feature=91 41 73 89 47 70
split_gain=87.6675 68.9926 58.401 45.981 27.9695 18.5417
threshold=0.62776020169258129 0.84325191378593456 0.25833839923143392 0.76446300745010387 0.71364134550094616 0.48338252305984503
decision_type=8 8 10 10 10 10
left_child=1 2 -1 -4 -2 -6
right_child=4 -3 3 -5 5 -7
leaf_value=-0.015585696716497517 -0.030055711571238288 -0.019422733470727056 0.017182836008484952 -0.018614726132891928 -0.019708055371647069 0.012553285326655833
leaf_weight=85.055310394614935 121.31398466322571 105.38051851093769 516.93660377338529 40.088995018042624 31.816346619278193 39.481347887776792
leaf_count=3815 7727 3742 9007 1745 1597 1583
internal_value=0.000197205 0.0057114 0.0101055 0.0142865 -0.0203143 -0.00171702
internal_weight=940.073 747.461 642.081 557.026 192.612 71.2977
internal_count=29216 18309 14567 10752 10907 3180
is_linear=0
shrinkage=0.035


Tree=46
num_leaves=7
num_cat=0
split_feature=72 87 64 90 37 62
split_gain=92.0394 52.1541 37.8819 36.481 37.8215 34.4066
threshold=0.75070086121559154 0.25284615159034735 0.3637803196907044 0.68352869153022777 0.47216984629631048 0.38623481988906866
decision_type=10 8 10 8 8 10
left_child=1 2 5 4 -2 -1
right_child=3 -3 -4 -5 -6 -7
leaf_value=-0.00057699439400113624 0.02629259860987964 -0.017713900617678403 -0.0059932027424575152 -0.014169932210640911 0.0029012651746051937 0.047710750466607846
leaf_weight=29.614503325894475 191.2661920664832 351.8843139950186 125.08562914934009 48.436949052847922 160.73357830569148 30.73449045792222
leaf_count=610 2563 16679 3877 2150 2643 567
internal_value=-0.000441083 -0.00990011 0.00477546 0.0120681 0.0160591 0.0259528
internal_weight=937.756 537.319 185.435 400.437 352 60.349
internal_count=29089 21733 5054 7356 5206 1177
is_linear=0
shrinkage=0.035


Tree=47
num_leaves=7
num_cat=0
split_feature=62 32 62 66 86 75
split_gain=93.959 46.5961 47.2283 35.2656 30.1403 28.874
threshold=0.4566792249679566 0.54407989978790294 0.438289225101471 0.5816238820552827 0.57719948887825023 0.76560047268867504
decision_type=8 10 10 10 10 10
left_child=1 2 -1 4 -3 -2
right_child=5 3 -4 -5 -6 -7
leaf_value=-0.0097177870521558286 -0.022292432215994206 0.026085290633104288 0.03911636988513495 -0.0028692065810256026 -0.0020335478180200086 6.513809423452845e-05
leaf_weight=212.66927842702717 216.89704616181552 242.3999799862504 19.095184706151485 93.601837322115898 51.881410558708012 96.390642044134438
leaf_count=6773 11785 2860 361 2029 1379 3842
internal_value=0 0.007853 -0.00430444 0.01519 0.0210317 -0.0154198
internal_weight=932.935 619.648 231.764 387.883 294.281 313.288
internal_count=29029 13402 7134 6268 4239 15627
is_linear=0
shrinkage=0.035


Tree=48
num_leaves=7
num_cat=0
split_feature=73 13 55 35 91 41
split_gain=80.8698 71.9866 56.3436 59.5697 38.7277 37.9422
threshold=0.25833839923143392 0.37411718070507055 0.50341057777404796 0.60758236050605785 0.66782492399215709 0.81928911805152904
decision_type=10 10 10 10 8 10
left_child=-1 4 -3 -4 5 -2
right_child=1 2 3 -5 -6 -7
leaf_value=-0.023347411571422474 0.021662655847254023 -0.027741932951092865 0.017577440157109391 -0.014391657834155101 -0.021750605488204296 -0.0086396995751321266
leaf_weight=147.78017838392407 329.89680758398026 102.97917346749455 136.67518553603441 132.36332696024328 25.932447724044323 52.377317802980542
leaf_count=8165 5230 5373 3696 4149 1346 1116
internal_value=-0.000254094 0.00424591 -0.00672552 0.00169817 0.0143079 0.0172843
internal_weight=928.004 780.224 372.018 269.039 408.207 382.274
internal_count=29075 20910 13218 7845 7692 6346
is_linear=0
shrinkage=0.035


Tree=49
num_leaves=7
num_cat=0
split_feature=62 63 64 4 93 87
split_gain=84.2024 60.4327 39.1298 30.9221 30.3361 27.0272
threshold=0.4566792249679566 0.35805179178714758 0.29207265377044683 0.33912278711795812 0.8183245360851289 0.19381853938102725
decision_type=8 10 10 10 10 8
left_child=1 3 -3 -1 -5 -2
right_child=5 2 -4 4 -6 -7
leaf_value=-0.018180806850260408 0.0061443954491132886 0.042637031842690028 0.010963921680895211 0.0090532048096272338 -0.02172874915145322 -0.019417168497548515
leaf_weight=91.539219240657985 55.286642045713961 65.795749966986477 182.13663226831704 249.31940338760614 37.82330222800374 252.57261523790658
leaf_count=3418 1675 807 2939 5006 1346 13960
internal_value=8.96891e-05 0.00749314 0.0206444 -0.00123052 0.00434157 -0.0146211
internal_weight=934.474 626.614 247.932 378.682 287.143 307.859
internal_count=29151 13516 3746 9770 6352 15635
is_linear=0
shrinkage=0.035


Tree=50
num_leaves=7
num_cat=0
split_feature=97 72 4 34 90 13
split_gain=74.1894 44.1615 42.5047 41.2056 40.2077 25.2126
threshold=0.48142592608928686 0.75070086121559154 0.34331674873828893 0.43219535052776342 0.71113720536232006 0.3660911768674851
decision_type=8 10 10 10 8 10
left_child=1 5 -2 -4 -5 -1
right_child=2 -3 3 4 -6 -7
leaf_value=0.0088200496246095515 -0.028981528900726354 0.02103987107963385 -0.018932554259963288 0.012908705297910088 -0.023745839725255534 -0.011959137701243069
leaf_weight=157.06795024685562 107.80381646193564 204.84499172866344 130.95883073285222 171.01584737934172 37.70766978431493 118.16474009491503
leaf_count=3185 6063 2794 5729 3889 2149 5338
internal_value=-0.00035936 0.00906683 -0.010569 -0.00404205 0.00541241 -1.46165e-06
internal_weight=927.564 480.078 447.486 339.682 208.724 275.233
internal_count=29147 11317 17830 11767 6038 8523
is_linear=0
shrinkage=0.035


Tree=51
num_leaves=7
num_cat=0
split_feature=89 19 37 55 14 72
split_gain=67.4985 52.8416 46.2109 37.811 28.7652 21.8798
threshold=0.58726155757904064 0.69398471713066112 0.51803213357925426 0.24273651093244555 0.17448128759860995 0.91353988647460949
decision_type=8 10 8 10 10 10
left_child=1 2 3 -1 -4 -3
right_child=-2 5 4 -5 -6 -7
leaf_value=-0.012448724403138767 -0.017677340419210593 -0.025078542314632146 0.0096404624389589307 0.022537243634984629 -0.011543092170489129 0.011626402380803242
leaf_weight=36.607184189371765 212.78036360349506 84.254898203536868 143.56655905302614 267.18575892131776 153.82468567974865 18.078141974285245
leaf_count=1357 11950 4899 2014 3912 4423 526
internal_value=-0.000728545 0.00446499 0.00851522 0.0179418 -0.0011601 -0.0177456
internal_weight=916.298 703.517 601.184 303.793 297.391 102.333
internal_count=29081 17131 11706 5269 6437 5425
is_linear=0
shrinkage=0.035


Tree=52
num_leaves=7
num_cat=0
split_feature=62 90 37 62 4 96
split_gain=69.3624 42.1358 39.2048 33.3657 28.9419 28.9195
threshold=0.48294647037982946 0.71605059504508983 0.53332170844078075 0.438289225101471 0.19549271464347842 0.49610193073749548
decision_type=8 8 10 10 10 10
left_child=1 2 4 -4 -1 -2
right_child=5 -3 3 -5 -6 -7
leaf_value=-0.010822944800936363 -0.02412017284318041 -0.0227920168432653 -0.0042732101078166405 0.030585836143130839 0.021851064702374797 -0.0018258116983638486
leaf_weight=30.498206295073032 143.85436162631959 44.935414391569793 252.36696340143681 30.610075016506016 274.41563742142171 147.409085505642
leaf_count=1011 8857 2323 5759 435 4266 6468
internal_value=0.000493226 0.00703971 0.00968338 5.4364e-05 0.018222 -0.0133628
internal_weight=924.09 632.826 587.891 282.977 304.914 291.263
internal_count=29119 13794 11471 6194 5277 15325
is_linear=0
shrinkage=0.035


Tree=53
num_leaves=7
num_cat=0
split_feature=86 4 34 13 47 32
split_gain=79.3874 51.1508 32.7883 30.1785 38.6065 29.5771
threshold=0.25712886452674871 0.38643871247768408 0.36641517281532293 0.35750810801982885 0.67020955681800853 0.85073199868202221
decision_type=8 10 10 10 10 10
left_child=2 -2 -1 -4 -5 -3
right_child=1 5 3 4 -6 -7
leaf_value=-0.0052265028006387238 -0.0262315318854822 -0.0086896150700015908 0.027311028593504948 -0.016095946202702754 0.022571850818408859 0.011251889514509847
leaf_weight=94.584962641820312 147.06093328166753 280.98854468949139 159.25969157926738 55.345157235860825 54.529808452352881 123.96347016748041
leaf_count=2678 7842 10673 2028 2032 809 3105
internal_value=-0.000725491 -0.00909594 0.0117594 0.0178969 0.00287859 -0.00235829
internal_weight=915.733 552.013 363.72 269.135 109.875 404.952
internal_count=29167 21620 7547 4869 2841 13778
is_linear=0
shrinkage=0.035


Tree=54
num_leaves=7
num_cat=0
split_feature=88 20 4 77 90 82
split_gain=69.8517 65.3895 56.4047 37.4604 21.1123 10.4463
threshold=0.67539677023887645 0.72052761912345897 0.32705275714397436 0.38903863728046423 0.25175850093364721 0.98128521442413341
decision_type=8 10 10 10 10 10
left_child=1 2 4 -4 -1 -3
right_child=-2 5 3 -5 -6 -7
leaf_value=0.0019238316724407701 -0.019803396637166546 -0.023613681464727993 0.00095439869027656461 0.021172268634567878 -0.022980923005124658 0.013626872107975904
leaf_weight=84.881792961619794 161.81018146686256 91.923247099854052 175.42662443872541 338.76650697365403 66.144998217001557 3.207826134748756
leaf_count=1652 9458 5100 3707 5878 3152 172
internal_value=0.000453704 0.00499425 0.00897799 0.0144954 -0.0092609 -0.0208892
internal_weight=922.161 760.351 665.22 514.193 151.027 95.1311
internal_count=29119 19661 14389 9585 4804 5272
is_linear=0
shrinkage=0.035


Tree=55
num_leaves=7
num_cat=0
split_feature=86 75 89 62 19 22
split_gain=65.7827 50.1846 34.4383 30.8864 28.4293 25.5766
threshold=0.22801928222179416 0.43241615593433386 0.7788858711719514 0.58943358063697826 0.69398471713066112 0.3845538347959519
decision_type=8 10 10 10 8 10
left_child=2 -2 4 -3 5 -1
right_child=1 3 -4 -5 -6 -7
leaf_value=0.033038012121626263 -0.021692438674251857 0.0059202450273282111 -0.024763128801400473 -0.015235539986872375 -0.014119066348307993 0.009974398153292454
leaf_weight=96.125835405662656 189.08042125497013 288.96561261825264 20.635207636281848 110.15965184383094 28.592484565451741 184.90110481530428
leaf_count=1239 9462 6925 1146 6005 1333 3095
internal_value=-0.000193033 -0.00724125 0.0120795 0 0.0152621 0.0187411
internal_weight=918.46 588.206 330.255 399.125 309.619 281.027
internal_count=29205 22392 6813 12930 5667 4334
is_linear=0
shrinkage=0.035


Tree=56
num_leaves=7
num_cat=0
split_feature=86 32 10 89 19 70
split_gain=62.6628 48.5455 29.7687 32.1774 31.8885 28.8434
threshold=0.22801928222179416 0.54407989978790294 0.83968153595924389 0.7788858711719514 0.69398471713066112 0.48338252305984503
decision_type=8 10 8 10 10 10
left_child=2 -2 3 4 -1 -3
right_child=1 5 -4 -5 -6 -7
leaf_value=0.022900921128194068 -0.019931971915230905 -0.0104627425964512 -0.013597011467163715 -0.021122611993728356 -0.014084970997373061 0.0090098106102205148
leaf_weight=247.67498341295868 216.77277320623398 153.80907325539738 41.147851190529764 19.022726359777153 24.94846279732883 210.73634195886552
leaf_count=3417 11483 5858 1136 1065 1156 5065
internal_value=-0.000168416 -0.00713088 0.0117213 0.0157363 0.0190241 0.000604775
internal_weight=914.112 581.318 332.794 291.646 272.623 364.545
internal_count=29180 22406 6774 5638 4573 10923
is_linear=0
shrinkage=0.035


Tree=57
num_leaves=7
num_cat=0
split_feature=96 87 61 50 40 37
split_gain=60.7045 46.4428 45.8676 39.3923 36.7991 32.3093
threshold=0.49610193073749548 0.4601507186889649 0.34118565917015081 0.83021771907806408 0.73434478044509899 0.8412473499774934
decision_type=10 8 10 10 8 8
left_child=1 4 -2 5 -1 -4
right_child=2 -3 3 -5 -6 -7
leaf_value=0.0053413691212785041 -0.011359089109498323 -0.02575764379793483 0.02223251232509544 -0.010408430482240707 -0.024916959531259206 -0.010536598119771524
leaf_weight=203.21804694645107 116.50508224032819 153.26884649228305 275.50190237164497 64.431133559904993 55.925829785875976 35.240703962743282
leaf_count=5412 4148 9223 5043 1969 2475 857
internal_value=-0.00114501 -0.0109858 0.00704791 0.0130188 -0.00154278 0.0181803
internal_weight=904.092 412.413 491.679 375.174 259.144 310.743
internal_count=29127 17110 12017 7869 7887 5900
is_linear=0
shrinkage=0.035


Tree=58
num_leaves=7
num_cat=0
split_feature=4 19 72 86 19 86
split_gain=64.3853 46.6514 39.1644 35.4111 27.4389 20.8521
threshold=0.41376623511314398 0.72930333018302929 0.64231669902801525 0.25712886452674871 0.085391614586114897 0.50099131464958202
decision_type=10 10 10 8 10 8
left_child=3 2 5 -1 -4 -2
right_child=1 -3 4 -5 -6 -7
leaf_value=-0.0001074645575451711 0.0062631631149556201 -0.017501331432376584 -0.01154903195422158 -0.025249494603503977 0.020694461922419558 -0.015176346102151661
leaf_weight=129.61109442170709 144.5504886303097 81.035443508066237 28.935877890326083 148.92039143294096 291.79469535313547 78.703219445422292
leaf_count=3597 3627 4750 540 8415 4410 3750
internal_value=-0.000244705 0.00593013 0.0097188 -0.0140628 0.0174155 -0.00133139
internal_weight=903.551 625.02 543.984 278.531 320.731 223.254
internal_count=29089 17077 12327 12012 4950 7377
is_linear=0
shrinkage=0.035


Tree=59
num_leaves=7
num_cat=0
split_feature=73 84 81 35 91 87
split_gain=55.6825 52.1671 46.2584 42.4131 38.0292 12.7068
threshold=0.25833839923143392 0.85513892769813549 0.3734279870986939 0.41035123169422155 0.62776020169258129 0.028239556588232521
decision_type=10 8 10 10 8 8
left_child=-1 2 4 -4 -2 -3
right_child=1 5 3 -5 -6 -7
leaf_value=-0.020405102208245068 0.0033158430401893156 0.0088668845840835491 0.026309299819261396 0.0041976707622807755 -0.02581358787986961 -0.027265636829365295
leaf_weight=130.13446167018265 181.81541547831148 7.7925732098519793 179.83933578617871 269.48515581153333 68.486644502729177 67.560863764025271
leaf_count=8040 4015 104 3747 6165 4365 2613
internal_value=2.50617e-05 0.00369618 0.00680333 0.0134679 -0.00500382 -0.0224068
internal_weight=905.114 774.98 699.627 449.324 250.302 75.3534
internal_count=29049 21009 18292 9912 8380 2717
is_linear=0
shrinkage=0.035


Tree=60
num_leaves=7
num_cat=0
split_feature=62 47 47 19 62 73
split_gain=56.8282 35.7598 29.8308 24.5862 28.7299 21.4309
threshold=0.47937536239624029 0.32332414388656622 0.64676508307456981 0.085391614586114897 0.1765607222914696 0.56051430106163036
decision_type=8 10 10 10 10 10
left_child=1 -1 -2 -3 -5 -4
right_child=2 3 5 4 -6 -7
leaf_value=-0.012741339258534715 -0.024227488936024031 -0.0080831510225737695 -0.016388494319885285 0.026793238835513673 0.0068362195840118139 0.0098358404623329239
leaf_weight=96.305064383894205 133.84056906588376 74.254576488398015 57.892076472751796 121.88900367449969 341.84082737658173 81.871719478629529
leaf_count=4463 9497 1735 2973 2277 5413 2721
internal_value=0.000153429 0.00595584 -0.0128988 0.00953665 0.0125585 -0.000970522
internal_weight=907.894 634.289 273.604 537.984 463.73 139.764
internal_count=29079 13888 15191 9425 7690 5694
is_linear=0
shrinkage=0.035


Tree=61
num_leaves=7
num_cat=0
split_feature=47 70 61 87 39 77
split_gain=56.8282 43.0413 38.1572 34.0661 34.2618 29.0502
threshold=0.30773061513900762 0.48338252305984503 0.34118565917015081 0.6490040421485902 0.63750955462455761 0.13986587524414065
decision_type=10 10 10 8 10 10
left_child=-1 3 -3 4 -2 -4
right_child=1 2 5 -5 -6 -7
leaf_value=-0.020023782769893059 0.00781321497971596 -0.0088920546765873104 -0.011253683854300053 -0.026670150343855299 -0.019178323396416456 0.019553993800405907
leaf_weight=144.84585340786725 190.93142414744943 87.88664748519659 35.130670249462128 67.455930327996612 73.09300397336483 302.24256141390651
leaf_count=8901 4682 2516 941 4213 2939 4924
internal_value=-0.000495208 0.00334443 0.0106714 -0.0059307 0 0.0160076
internal_weight=901.586 756.74 425.26 331.48 264.024 337.373
internal_count=29116 20215 8381 11834 7621 5865
is_linear=0
shrinkage=0.035


Tree=62
num_leaves=7
num_cat=0
split_feature=47 62 63 17 15 47
split_gain=53.9715 38.6257 38.7046 34.5934 28.6002 20.4432
threshold=0.30773061513900762 0.48294647037982946 0.35805179178714758 0.60257887840271007 0.429258942604065 0.64676508307456981
decision_type=10 10 10 10 10 10
left_child=-1 2 4 -4 -2 -3
right_child=1 5 3 -5 -6 -7
leaf_value=-0.017807521618655321 0.011165343849018879 -0.021215602038061152 0.01227408915779973 0.045552832254283041 -0.0095789587111473461 0.00049559334558247454
leaf_weight=143.40153997857124 169.42784444801509 73.639498095028102 187.53508580476046 47.223504832945764 141.2708557760343 138.3475388083607
leaf_count=8917 3136 4841 2398 555 3510 5690
internal_value=0.00122265 0.00504254 0.00997238 0.0204652 0.00156475 -0.00730499
internal_weight=900.846 757.444 545.457 234.759 310.699 211.987
internal_count=29047 20130 9599 2953 6646 10531
is_linear=0
shrinkage=0.035


Tree=63
num_leaves=7
num_cat=0
split_feature=19 4 37 92 90 42
split_gain=57.3895 50.8366 42.584 42.048 21.3146 16.1114
threshold=0.72930333018302929 0.32314333319664007 0.8412473499774934 0.83070498704910289 0.25175850093364721 0.75758698582649242
decision_type=8 8 10 8 10 8
left_child=1 4 3 -3 5 -1
right_child=-2 2 -4 -5 -6 -7
leaf_value=0.0083677859469901694 -0.022115490234801607 0.015865190649213455 -0.016412996579711608 -0.011076158238367845 -0.023845493775429532 -0.022183490498287824
leaf_weight=69.152651247568429 110.52747121546417 475.64102216716856 64.599777147173882 74.957009070552886 85.554786602035165 21.12840779684484
leaf_count=1452 7350 9707 2112 2542 5279 631
internal_value=0.000549612 0.00397192 0.00875746 0.0119974 -0.0121382 0
internal_weight=901.561 791.034 615.198 550.598 175.836 90.2811
internal_count=29073 21723 14361 12249 7362 2083
is_linear=0
shrinkage=0.035


Tree=64
num_leaves=7
num_cat=0
split_feature=73 84 88 86 87 52
split_gain=53.8976 50.5136 44.0923 40.4215 9.93025 6.30703
threshold=0.25833839923143392 0.85513892769813549 0.83103162050247203 0.21842173486948016 0.028239556588232521 0.12507387250661853
decision_type=10 8 8 10 8 8
left_child=5 2 3 -2 -3 -1
right_child=1 4 -4 -5 -6 -7
leaf_value=0 0.020604668052674541 0.0064815550512875852 -0.020405449692696868 0.002578699183130194 -0.026679078353300779 -0.02254215271198861
leaf_weight=14.412249569781123 250.04332694597542 7.0019569890573612 56.7266347669065 398.34703172091395 63.699084824882448 111.53401825297624
leaf_count=567 3471 99 3310 11495 2588 7624
internal_value=0.000561727 0.00411873 0.00707313 0.00977657 -0.0224029 -0.0198945
internal_weight=901.764 775.818 705.117 648.39 70.701 125.946
internal_count=29154 20963 18276 14966 2687 8191
is_linear=0
shrinkage=0.035


Tree=65
num_leaves=7
num_cat=0
split_feature=89 96 84 32 23 61
split_gain=56.7572 52.1089 34.8552 28.6556 26.3253 24.9836
threshold=0.74899291992187511 0.49610193073749548 0.85513892769813549 0.37301924824714666 0.63471633195877086 0.11910537257790567
decision_type=8 10 8 10 10 10
left_child=1 3 5 -1 -5 -3
right_child=-2 2 -4 4 -6 -7
leaf_value=-0.023959825041675199 -0.022238830142103483 -0.01463224954419751 -0.014069145162104344 0.0059186285198973808 -0.01761363395791174 0.017504442611118373
leaf_weight=76.658265550155193 109.65003190841526 24.396825202740729 48.801787580363452 201.61763485101983 72.45397266279906 373.51911129616201
leaf_count=4746 7294 848 1459 5483 2665 6709
internal_value=0.00040854 0.00377772 0.0116558 -0.00614623 -0.000439385 0.0151552
internal_weight=907.098 797.448 446.718 350.73 274.072 397.916
internal_count=29204 21910 9016 12894 8148 7557
is_linear=0
shrinkage=0.035


Tree=66
num_leaves=7
num_cat=0
split_feature=88 41 47 96 52 90
split_gain=51.2488 29.6613 21.6319 21.7293 20.7594 22.7046
threshold=0.35267703235149389 0.81551954150199901 0.18841212987899783 0.49610193073749548 0.71677932143211376 0.70465248823165905
decision_type=8 8 10 10 8 8
left_child=1 2 -1 -4 5 -2
right_child=4 -3 3 -5 -6 -7
leaf_value=-0.016831078522944718 0.00087282615942217115 -0.011045173313563954 0.0027634383262525324 0.019103316719967671 -0.026157885398680157 -0.019791000111584956
leaf_weight=24.880403413437307 207.67600354226306 85.132680094800889 182.1126651559025 247.90175454504788 70.72320770425722 83.736961137503386
leaf_count=1230 7873 2560 3872 2727 5268 5673
internal_value=4.42848e-05 0.00689629 0.0105003 0.01248 -0.00995999 -0.00525969
internal_weight=902.164 540.028 454.895 430.014 362.136 291.413
internal_count=29203 10389 7829 6599 18814 13546
is_linear=0
shrinkage=0.035


Tree=67
num_leaves=7
num_cat=0
split_feature=86 58 47 97 89 61
split_gain=46.7443 46.3655 26.4198 26.1989 30.9466 21.0336
threshold=0.25712886452674871 0.58539578318595897 0.18841212987899783 0.48142592608928686 0.30300304293632513 0.34501962363719946
decision_type=8 8 10 8 8 10
left_child=2 3 -1 5 -5 -2
right_child=1 -3 -4 4 -6 -7
leaf_value=-0.019276927020002787 -0.014757442034397876 -0.023352839712824924 0.011536776710127343 0.0065127058783522708 -0.021300631439904492 0.013664088688480064
leaf_weight=29.340950736775994 30.914066575933248 149.70804939605296 343.85558146238327 75.42281252797693 108.81241072807461 157.33644232526422
leaf_count=1577 1247 8463 5984 1397 6698 3867
internal_value=-0.000667973 -0.00743672 0.00862275 -0.000545277 -0.00984403 0.00831794
internal_weight=895.39 522.194 373.197 372.486 184.235 188.251
internal_count=29233 21672 7561 13209 8095 5114
is_linear=0
shrinkage=0.035


Tree=68
num_leaves=7
num_cat=0
split_feature=4 43 66 20 67 18
split_gain=45.2305 33.0424 33.0863 28.1084 26.5018 20.8742
threshold=0.40235278010368353 0.77188411355018627 0.5816238820552827 0.37427160143852239 0.1029820926487446 0.44938151538372045
decision_type=10 10 10 8 10 10
left_child=3 2 4 5 -2 -1
right_child=1 -3 -4 -5 -6 -7
leaf_value=-0.017597014168002162 -0.014199469498662418 -0.012394019125636601 -0.0053279687448022231 -0.024822000758207282 0.016480513681787264 0.0085424917258781156
leaf_weight=53.011539122555405 30.214380600489676 105.84001235011965 147.74113242793828 114.92733988864347 351.90709441294894 87.431064483709633
leaf_count=1999 904 4727 4982 7881 6842 1855
internal_value=-0.000296521 0.00464595 0.00828101 -0.0125668 0.0136786 -0.00138708
internal_weight=891.073 635.703 529.863 255.37 382.121 140.443
internal_count=29190 17455 12728 11735 7746 3854
is_linear=0
shrinkage=0.035


Tree=69
num_leaves=7
num_cat=0
split_feature=91 60 4 77 4 12
split_gain=48.7009 41.9267 33.9905 30.444 19.3914 10.1248
threshold=0.62776020169258129 0.83432486653327953 0.19549271464347842 0.27204366028308874 0.71431604027748119 0.68583476543426525
decision_type=8 10 10 10 10 10
left_child=1 2 5 -4 -2 -1
right_child=4 -3 3 -5 -6 -7
leaf_value=-0.021879981309788358 -0.028673244925028998 -0.020098187214646148 -0.0065999822509434378 0.012469856840561495 -0.002237751352984544 0.0036771219024019264
leaf_weight=58.142276571597904 90.024469734635204 81.297109683044255 121.76268808264285 461.73444722499698 61.279185649007559 19.23175529576838
leaf_count=2660 7612 3506 3076 8634 3216 510
internal_value=-0.00134379 0.00233857 0.00538449 0.00836621 -0.0189463 -0.0151634
internal_weight=893.472 742.168 660.871 583.497 151.304 77.374
internal_count=29214 18386 14880 11710 10828 3170
is_linear=0
shrinkage=0.035


Tree=70
num_leaves=7
num_cat=0
split_feature=91 34 4 1 93 36
split_gain=42.8576 38.1616 28.1954 21.8827 22.1796 18.9535
threshold=0.5367141366004945 0.37028889358043676 0.19549271464347842 0.57446008920669567 0.59571292996406566 0.12981497496366504
decision_type=8 10 10 8 10 10
left_child=1 3 -3 4 -1 -4
right_child=-2 2 5 -5 -6 -7
leaf_value=0.018993392104122916 -0.013402979403927876 -0.011311528733717876 -0.0070349220778613084 -0.017254244400290341 -0.014947479363153377 0.015506126275770537
leaf_weight=49.899898163042963 210.15324098709971 59.244895563460886 43.757709521334618 119.64474529679865 30.984100647270679 378.92697875527665
leaf_count=1123 13428 2185 779 4660 885 6073
internal_value=6.18124e-05 0.00439139 0.00973606 -0.0080824 0.00522593 0.0129634
internal_weight=892.612 682.458 481.93 200.529 80.884 422.685
internal_count=29133 15705 9037 6668 2008 6852
is_linear=0
shrinkage=0.035


Tree=71
num_leaves=7
num_cat=0
split_feature=89 84 91 77 21 69
split_gain=43.4255 37.2973 25.2956 25.6392 15.4374 13.3358
threshold=0.58726155757904064 0.85513892769813549 0.62776020169258129 0.38499371707439428 0.32960240542888647 0.78221741318702709
decision_type=8 8 10 10 10 10
left_child=1 2 3 -1 -4 -2
right_child=5 -3 4 -5 -6 -7
leaf_value=-0.0011446997994918754 -0.020830151810824392 -0.019041430663057694 0.0050973892251455263 0.013784460448586651 -0.028141287971721156 0
leaf_weight=215.47364409919828 138.2614638088271 74.148413225542754 21.907140405848622 363.01107976213098 32.860224176198244 45.404209178872406
leaf_count=4688 9782 3034 1001 6076 2345 2237
internal_value=-0.000846604 0.00306366 0.00593911 0.00819438 -0.0150542 -0.0156804
internal_weight=891.066 707.401 633.252 578.485 54.7674 183.666
internal_count=29163 17144 14110 10764 3346 12019
is_linear=0
shrinkage=0.035


Tree=72
num_leaves=7
num_cat=0
split_feature=96 61 37 81 87 80
split_gain=46.5543 36.7222 28.471 30.517 23.8783 33.6152
threshold=0.49610193073749548 0.26922801136970526 0.8412473499774934 0.27544967830181127 0.55866372585296642 0.24568495154380801
decision_type=10 10 8 10 8 8
left_child=4 -2 3 -3 5 -1
right_child=1 2 -4 -5 -6 -7
leaf_value=0.013803177669472132 -0.01258982924160304 -0.0043538815202266131 -0.010870853890215873 0.02011241642665669 -0.022550425610008019 -0.011027639377119312
leaf_weight=89.137890798505396 84.679586038459092 71.554940742440522 51.522134456783533 291.11613053036854 103.11535647558048 201.65402822382748
leaf_count=1797 3261 2286 1493 4989 7601 7784
internal_value=0.000187418 0.00729611 0.0116476 0.0151538 -0.00865094 -0.00307464
internal_weight=892.78 498.873 414.193 362.671 393.907 290.792
internal_count=29211 12029 8768 7275 17182 9581
is_linear=0
shrinkage=0.035


Tree=73
num_leaves=7
num_cat=0
split_feature=96 87 80 18 2 65
split_gain=44.204 31.5662 36.4831 26.9007 32.1239 34.8001
threshold=0.49610193073749548 0.55866372585296642 0.38293051719665533 0.44181905686855322 0.36861975491046911 0.19736622273921969
decision_type=10 8 10 10 10 10
left_child=1 2 -1 -2 5 -5
right_child=3 -3 -4 4 -6 -7
leaf_value=0.010462245695184858 -0.0043910278866485927 -0.025690975736870646 -0.013793284613455 -0.011059147361024722 0.0053767443660044873 0.041483107670512817
leaf_weight=126.91566304583102 175.66681974520907 98.406418952159584 163.66377825755626 14.222460174001752 246.5678623165004 62.541694212239236
leaf_count=2888 5386 7473 6670 426 5234 995
internal_value=-0.000499098 -0.00929497 -0.00302696 0.00629249 0.0122212 0.031004
internal_weight=887.985 388.986 290.579 498.999 323.332 76.7642
internal_count=29072 17031 9558 12041 6655 1421
is_linear=0
shrinkage=0.035


Tree=74
num_leaves=7
num_cat=0
split_feature=47 86 22 66 5 88
split_gain=41.4265 32.229 32.5192 32.4788 26.5847 23.7038
threshold=0.19275508075952533 0.18912073969841006 0.3694645911455155 0.80198973417282116 0.25622566044330602 0.1224530376493931
decision_type=10 8 10 10 10 10
left_child=-1 2 4 -3 -2 -4
right_child=1 3 5 -5 -6 -7
leaf_value=-0.025534906624997133 0.052889907898917135 -0.0010341355760705708 0.017863970493802568 -0.027852857092704981 0.010848457937446742 -0.0083491307716342927
leaf_weight=74.023737643845379 25.466646728105843 484.15700989356264 57.896496667526662 55.342086209915578 64.103999630082399 108.73125462280586
leaf_count=5587 346 15486 453 3645 822 2765
internal_value=-0.00183754 0.00053393 0.0106259 -0.00424789 0.0266962 0.000859363
internal_weight=869.721 795.697 256.198 539.499 89.5706 166.628
internal_count=29104 23517 4386 19131 1168 3218
is_linear=0
shrinkage=0.035


Tree=75
num_leaves=7
num_cat=0
split_feature=4 84 88 20 90 92
split_gain=41.0368 33.6561 29.6001 25.5324 21.2992 18.3266
threshold=0.374756470322609 0.85917371511459362 0.76999953389167797 0.72052761912345897 0.25175850093364721 0.5761203169822694
decision_type=10 8 8 10 8 10
left_child=4 2 3 -2 5 -1
right_child=1 -3 -4 -5 -6 -7
leaf_value=0.0069963741963152025 0.011920003910720588 -0.019348864627987617 -0.014546612018935165 -0.011510043438788095 -0.023176264557853685 -0.022424068586559032
leaf_weight=79.683317266404629 474.69562184857205 60.7449866021052 64.102940105367452 55.923811057582498 117.19813566142693 28.510416937991977
leaf_count=1477 8436 2915 3787 3109 8491 974
internal_value=-0.000644528 0.00374016 0.0064111 0.00921888 -0.0133118 -0.00131459
internal_weight=880.859 655.467 594.722 530.619 225.392 108.194
internal_count=29189 18247 15332 11545 10942 2451
is_linear=0
shrinkage=0.035


Tree=76
num_leaves=7
num_cat=0
split_feature=91 41 47 75 77 87
split_gain=45.6609 34.0844 25.9544 20.4003 18.2372 13.0663
threshold=0.62388974428176891 0.84325191378593456 0.19275508075952533 0.93247154355049144 0.38145875930786138 0.92650705575943004
decision_type=8 8 10 10 10 10
left_child=1 2 -1 5 -4 -2
right_child=3 -3 4 -5 -6 -7
leaf_value=-0.017354010334630448 -0.026584894639713332 -0.015594229334573636 0 0.011897374691228943 0.012907881248603679 0.0030895847730294194
leaf_weight=42.548516409937292 108.80612307786942 88.330457236617804 207.998608130496 17.908424708992243 398.55957547621801 16.045274635311216
leaf_count=2629 8897 3771 4524 889 7318 1141
internal_value=0.000143365 0.00375294 0.0066234 -0.0173637 0.0085948 -0.0224197
internal_weight=880.197 737.437 649.107 142.76 606.558 124.851
internal_count=29169 18242 14471 10927 11842 10038
is_linear=0
shrinkage=0.035


Tree=77
num_leaves=7
num_cat=0
split_feature=13 18 41 86 39 19
split_gain=39.9795 47.5251 35.3327 28.6889 24.9077 24.4147
threshold=0.3660911768674851 0.44938151538372045 0.41659589111804968 0.63244241476058971 0.62866342067718517 0.79271599650383007
decision_type=8 10 8 8 10 10
left_child=3 -2 5 -1 -4 -3
right_child=1 2 4 -5 -6 -7
leaf_value=0.010542614677188705 -0.029550227539082364 0.022146942397785915 0.0038216488598542889 -0.014375895745731036 -0.019747903059457055 -0.012350011373955147
leaf_weight=415.60846268292516 85.532094138208777 90.092653306666762 87.544455006718636 56.597057372331619 118.55809269472957 25.85210624942556
leaf_count=7734 6038 2184 3156 3017 5308 1726
internal_value=0.000325151 -0.00756446 -0.000991498 0.00725689 -0.00972254 0.0137309
internal_weight=879.785 407.579 322.047 472.206 206.103 115.945
internal_count=29163 18412 12374 10751 8464 3910
is_linear=0
shrinkage=0.035


Tree=78
num_leaves=7
num_cat=0
split_feature=4 19 19 60 52 93
split_gain=37.3091 31.5455 28.9798 33.2135 17.2016 17.4476
threshold=0.19549271464347842 0.65252909064292919 0.085391614586114897 0.12713687121868136 0.25129047036170965 0.44167166948318487
decision_type=10 10 10 10 10 8
left_child=-1 2 -2 -4 5 -3
right_child=1 4 3 -5 -6 -7
leaf_value=-0.019660111316137673 -0.013453001297211843 0.017188431882830351 -0.017481848801230753 0.010895352955330295 -0.024722112503866692 -0.017352854682609636
leaf_weight=96.584974359720945 76.539487176574767 30.089584729168564 47.148618615232408 542.70029751583934 63.416510981507599 25.625997287221253
leaf_count=5668 2134 1254 2277 11062 5319 1435
internal_value=0 0.00257938 0.00562534 0.00833568 -0.0133277 0.000293385
internal_weight=882.105 785.52 666.388 589.849 119.132 55.7156
internal_count=29149 23481 15473 13339 8008 2689
is_linear=0
shrinkage=0.035


Tree=79
num_leaves=7
num_cat=0
split_feature=96 89 37 84 89 4
split_gain=36.6519 26.7799 35.1997 25.2766 27.1829 21.7579
threshold=0.49610193073749548 0.42643071711063391 0.31891925632953649 0.85513892769813549 0.8575754463672639 0.61990082263946544
decision_type=10 8 8 8 10 10
left_child=1 2 -1 4 5 -2
right_child=3 -3 -4 -5 -6 -7
leaf_value=0.013944796993715189 0.0023377564036926005 -0.022174562153413045 -0.011925497893328738 -0.016622182462319564 -0.022081942568021921 0.018462187757637225
leaf_weight=93.526252750307322 222.97142661456019 120.37449564412236 166.08062807610258 48.906405503395945 25.889301348477602 201.2532636448741
leaf_count=1713 5334 9769 5632 1754 1599 3437
internal_value=-0.000899554 -0.00903879 -0.002271 0.00523939 0.00797812 0.0103088
internal_weight=879.002 379.981 259.607 499.02 450.114 424.225
internal_count=29238 17114 7345 12124 10370 8771
is_linear=0
shrinkage=0.035


Tree=80
num_leaves=7
num_cat=0
split_feature=89 77 90 0 88 9
split_gain=33.9464 30.3417 26.3455 22.4739 16.3284 19.2311
threshold=0.76827919483184826 0.38499371707439428 0.71605059504508983 0.6785409450531007 0.1224530376493931 0.33509714901447302
decision_type=8 10 10 8 8 10
left_child=1 4 3 -3 -1 -6
right_child=-2 2 -4 -5 5 -7
leaf_value=0.0073894747223104251 -0.020365403783285514 0.014260780085829504 -0.015397160855951289 -0.0031586612403233421 0 -0.020199323759294965
leaf_weight=63.52746384870261 87.00049032876268 335.68538423348218 48.700680947396904 113.67029826948419 97.073507426772267 125.64609178062528
leaf_count=788 6765 6286 3408 3343 2611 5956
internal_value=-0.000554912 0.00175979 0.00699305 0.00976134 -0.00710998 -0.0115861
internal_weight=871.304 784.303 498.056 449.356 286.247 222.72
internal_count=29157 22392 13037 9629 9355 8567
is_linear=0
shrinkage=0.035


Tree=81
num_leaves=7
num_cat=0
split_feature=4 34 88 60 90 78
split_gain=33.2025 28.0703 27.1542 22.9108 20.6184 17.8906
threshold=0.32314333319664007 0.40151931345462805 0.90307712554931652 0.15518496185541156 0.25175850093364721 0.31401573121547705
decision_type=10 10 8 10 8 10
left_child=4 5 3 -3 -1 -2
right_child=1 2 -4 -5 -6 -7
leaf_value=-7.7096161133782487e-05 0.0077935775380535699 -0.01254683514155619 -0.024557284919536401 0.01310670729752768 -0.024084426142481692 -0.012582981222405283
leaf_weight=87.575603773351759 67.495527802035213 39.113747079856694 20.383386459201574 407.33561785239726 89.777525444980711 158.63359104562551
leaf_count=2099 2022 1713 1372 7835 7285 6807
internal_value=8.52585e-05 0.00362669 0.00853045 0.0105624 -0.013028 -0.00621822
internal_weight=870.315 692.962 466.833 446.449 177.353 226.129
internal_count=29133 19749 10920 9548 9384 8829
is_linear=0
shrinkage=0.035


Tree=82
num_leaves=7
num_cat=0
split_feature=19 90 84 92 47 93
split_gain=32.5986 29.3234 32.4522 28.2455 15.6859 13.7965
threshold=0.65252909064292919 0.71605059504508983 0.85917371511459362 0.83789372444152843 0.75505766272544872 0.41159704327583319
decision_type=8 8 8 10 10 8
left_child=1 2 3 -1 -2 -6
right_child=4 -3 -4 -5 5 -7
leaf_value=0.0093462624253219575 -0.026114664809286117 -0.022021036303195379 -0.018476346519815941 -0.013317985059835755 0.011909067774471441 -0.018701009773800868
leaf_weight=561.98982187081128 73.76383611233905 48.087040215265006 61.001866494771093 67.526463905815035 32.598480278160423 24.037626704666764
leaf_count=10903 6737 3882 2455 2275 1490 1406
internal_value=-0.000620822 0.00221525 0.00421107 0.00669616 -0.0162636 -0.000976945
internal_weight=869.005 738.605 690.518 629.516 130.4 56.6361
internal_count=29148 19515 15633 13178 9633 2896
is_linear=0
shrinkage=0.035


Tree=83
num_leaves=7
num_cat=0
split_feature=34 47 13 87 36 17
split_gain=32.4003 30.1142 19.8495 22.2745 18.5351 18.1531
threshold=0.4162574857473374 0.65057265758514415 0.65042215585708629 0.41378498077392584 0.14594209194183352 0.45315894484519964
decision_type=10 10 8 8 10 10
left_child=2 -2 3 5 -3 -1
right_child=1 4 -4 -5 -6 -7
leaf_value=-0.0091599308588232713 -0.0049455235872040322 -0.0075322939703578165 -0.022888040870869385 -0.019954132335317246 0.014296875147668964 0.015369180957386534
leaf_weight=56.511213229503483 250.56328099220991 48.388705388177186 93.394525975454599 58.008674340322614 282.69692320283502 75.721447807736695
leaf_count=1623 10719 1062 5458 3415 5283 1573
internal_value=-0.000680724 0.00398134 -0.0102681 -0.00313423 0.0108492 0.00458746
internal_weight=865.285 581.649 283.636 190.241 331.086 132.233
internal_count=29133 17064 12069 6611 6345 3196
is_linear=0
shrinkage=0.035


Tree=84
num_leaves=7
num_cat=0
split_feature=4 34 19 61 90 50
split_gain=38.0643 29.6338 25.9297 27.1195 15.9503 13.9649
threshold=0.32314333319664007 0.14390736818313601 0.72930333018302929 0.18609919399023059 0.25175850093364721 0.70632091164588939
decision_type=10 10 10 10 8 10
left_child=4 -2 3 -3 5 -1
right_child=1 2 -4 -5 -6 -7
leaf_value=0.0078929795521205277 -0.017390203994998809 -0.012798703438122708 -0.014235472293574355 0.010964245972811844 -0.02455512752650451 -0.018439677972444255
leaf_weight=51.381799267139286 66.134283910505474 57.625414154492319 61.143686176277697 511.53726621484384 86.902334568556398 33.252480424940586
leaf_count=1327 3631 2751 4052 9321 7312 745
internal_value=-0.000164857 0.00344303 0.00590174 0.00832333 -0.0146061 -0.00258525
internal_weight=867.977 696.441 630.306 569.163 171.537 84.6343
internal_count=29139 19755 16124 12072 9384 2072
is_linear=0
shrinkage=0.035


Tree=85
num_leaves=7
num_cat=0
split_feature=62 19 15 88 23 47
split_gain=33.6824 33.7343 20.8914 34.5254 29.6511 19.0034
threshold=0.4566792249679566 0.085391614586114897 0.38417086005210882 0.1224530376493931 0.10646843165159227 0.64676508307456981
decision_type=8 10 10 8 10 10
left_child=1 -1 4 -4 -3 -2
right_child=5 2 3 -5 -6 -7
leaf_value=-0.015995215849195252 -0.021462551544480676 -0.010276596855267732 0.018212421803710237 -0.0053658776729154515 0.02253858842302903 -0.0017537048413394417
leaf_weight=81.258283055853099 111.58246723981574 34.894956945441663 100.79537120088935 241.85085731884465 157.55659766681492 136.16873515490443
leaf_count=2504 9800 768 859 6653 2668 5832
internal_value=-0.000482422 0.0038418 0.00714209 0.00167764 0.016154 -0.0112292
internal_weight=864.107 616.356 535.098 342.646 192.452 247.751
internal_count=29084 13452 10948 7512 3436 15632
is_linear=0
shrinkage=0.035


Tree=86
num_leaves=7
num_cat=0
split_feature=4 88 34 36 88 87
split_gain=37.5507 31.0219 25.4968 23.1459 19.6282 15.7445
threshold=0.32314333319664007 0.83103162050247203 0.37028889358043676 0.12981497496366504 0.1224530376493931 0.41378498077392584
decision_type=10 8 10 10 8 10
left_child=4 2 5 -4 -1 -2
right_child=1 -3 3 -5 -6 -7
leaf_value=0.00383666646505688 0.0030606696362873225 -0.021602720429759345 -0.010139425364103246 0.013050574702181102 -0.021191848690803334 -0.016617640853448676
leaf_weight=46.091185375116765 113.25230958731845 46.800838739145547 51.868168998043984 404.08703417889774 126.46190237114206 74.167069976218045
leaf_count=739 2985 3293 1231 7910 8648 4323
internal_value=-5.64808e-05 0.00356327 0.00571735 0.01017 -0.0143419 -0.00481943
internal_weight=862.729 690.175 643.375 455.955 172.553 187.419
internal_count=29129 19742 16449 9141 9387 7308
is_linear=0
shrinkage=0.035


Tree=87
num_leaves=7
num_cat=0
split_feature=89 34 4 79 82 36
split_gain=33.4713 31.6118 23.3272 19.4428 13.5775 15.327
threshold=0.80787301063537609 0.37028889358043676 0.19549271464347842 0.12981566786766055 0.81305724382400524 0.85723170638084423
decision_type=8 10 10 10 10 10
left_child=1 4 -3 -4 5 -1
right_child=-2 2 3 -5 -6 -7
leaf_value=-0.007436823485619368 -0.02294244828739592 -0.012246328396242507 -0.0091291214977153919 0.011197958117210732 -0.026232951361711134 0.025950516678192481
leaf_weight=172.20144934626296 65.103579331189394 65.173639410175383 56.869935633148998 455.04447594145313 39.068054793868214 10.248460787348447
leaf_count=6614 5591 3406 1488 9413 2165 416
internal_value=-0.000214108 0.00178282 0.00613897 0.00873307 -0.00915529 -0.00427445
internal_weight=863.71 798.606 577.088 511.914 221.518 182.45
internal_count=29093 23502 14307 10901 9195 7030
is_linear=0
shrinkage=0.035


Tree=88
num_leaves=7
num_cat=0
split_feature=32 66 23 86 92 11
split_gain=33.3532 23.323 26.2184 19.8722 19.4374 18.0642
threshold=0.54407989978790294 0.72162199020385753 0.16537453234195712 0.27037018537521368 0.85541245341300975 0.29246613383293157
decision_type=10 10 10 8 8 10
left_child=3 2 -2 5 -4 -1
right_child=1 -3 4 -5 -6 -7
leaf_value=0.021862424026953924 -0.01024097713682029 -0.014350353502730652 0.012908994877697788 -0.018576291895616426 -0.0113175705187497 -0.0067440787563423296
leaf_weight=26.14551341952756 82.354969011619687 64.556305476464331 374.17342034634203 155.94153208378702 36.90344185847789 120.33212371869013
leaf_count=910 2533 2828 6815 10716 1322 3989
internal_value=-0.000933501 0.00406589 0.00677052 -0.010194 0.0104343 -0.000430342
internal_weight=860.407 557.988 493.432 302.419 411.077 146.478
internal_count=29113 13498 10670 15615 8137 4899
is_linear=0
shrinkage=0.035


Tree=89
num_leaves=7
num_cat=0
split_feature=96 61 34 90 45 23
split_gain=32.3392 29.3854 23.1045 24.654 22.5972 29.7015
threshold=0.49610193073749548 0.34118565917015081 0.43219535052776342 0.71113720536232006 0.41981996595859533 0.16537453234195712
decision_type=10 10 10 8 10 10
left_child=2 -2 -1 -4 5 -3
right_child=1 4 3 -5 -6 -7
leaf_value=-0.020382197673454974 -0.010381603234953607 -0.01660444969146966 0.0028403495629763342 -0.026213988968998451 0.003807995122747342 0.029133656407356892
leaf_weight=121.14846662199125 105.34465268533677 13.796123252715914 210.47485744347796 34.504459529649466 273.86874116957188 99.781373166013509
leaf_count=7314 4118 399 6209 3517 5668 1856
internal_value=-0.00052045 0.00523633 -0.00835542 -0.00174388 0.00973965 0.0224191
internal_weight=858.919 492.791 366.128 244.979 387.446 113.577
internal_count=29081 12041 17040 9726 7923 2255
is_linear=0
shrinkage=0.035


Tree=90
num_leaves=7
num_cat=0
split_feature=64 88 22 4 14 67
split_gain=25.8628 38.3906 31.1768 25.7186 23.2741 25.0256
threshold=0.3637803196907044 0.1224530376493931 0.1226724684238434 0.49486224353313452 0.17448128759860995 0.59004321694374096
decision_type=8 8 10 10 10 10
left_child=2 -2 -1 -3 5 -4
right_child=1 3 4 -5 -6 -7
leaf_value=-0.011125377787162299 0.011765646018104689 -0.022792839591897273 0.005674718151822228 -0.0032819713702120236 0.0061023953999515589 0.05275485286953828
leaf_weight=89.21956871682778 104.90781918447465 140.40688645560294 33.158304428681731 211.81302688224241 250.76416426058859 24.176945506595075
leaf_count=3588 1064 9628 512 7810 6366 174
internal_value=-0.000280681 -0.0059674 0.00612118 -0.0115389 0.0114367 0.0303596
internal_weight=854.447 457.128 397.319 352.22 308.099 57.3352
internal_count=29142 18502 10640 17438 7052 686
is_linear=0
shrinkage=0.035


Tree=91
num_leaves=7
num_cat=0
split_feature=4 34 88 64 86 30
split_gain=26.8635 26.0051 24.931 18.8448 17.6053 16.6633
threshold=0.19549271464347842 0.4162574857473374 0.90307712554931652 0.29626093804836279 0.50099131464958202 0.45946176350116735
decision_type=10 10 8 10 8 10
left_child=-1 4 3 -3 5 -2
right_child=1 2 -4 -5 -6 -7
leaf_value=-0.017284776066215639 0.010035402093603029 0.016740357026739178 -0.024611125712424093 0.0026337325760318196 -0.019314634818758673 -0.01087346396399682
leaf_weight=87.658095180056989 88.700680624227971 202.43512089364231 20.772434337064624 290.91256471630186 80.250716921873391 82.2794409384951
leaf_count=5691 1584 3458 1624 7826 5439 3480
internal_value=0.00014833 0.00237104 0.00689859 0.00870158 -0.00661862 0
internal_weight=853.009 765.351 514.12 493.348 251.231 170.98
internal_count=29102 23411 12908 11284 10503 5064
is_linear=0
shrinkage=0.035


Tree=92
num_leaves=7
num_cat=0
split_feature=89 34 36 15 32 39
split_gain=30.6303 24.8878 22.9409 27.2998 16.732 12.0975
threshold=0.80787301063537609 0.37028889358043676 0.12981497496366504 0.38417086005210882 0.85073199868202221 0.81007322669029247
decision_type=8 10 10 10 10 10
left_child=1 4 -3 -4 5 -1
right_child=-2 2 3 -5 -6 -7
leaf_value=-0.0064003490439382615 -0.022341396174317213 -0.012687001671792054 0.018073328177907771 0.0014187315127515471 0.015023743176332552 -0.028729445666219572
leaf_weight=154.6500559351407 61.990994408726692 64.323660606518388 199.68946592509747 309.39443333027884 24.614140002522618 35.370228929445148
leaf_count=6626 5555 2031 4222 8023 441 2117
internal_value=-8.66667e-05 0.00180497 0.00565243 0.00823162 -0.00807168 -0.0118145
internal_weight=850.033 788.042 573.408 509.084 214.634 190.02
internal_count=29015 23460 14276 12245 9184 8743
is_linear=0
shrinkage=0.035


Tree=93
num_leaves=7
num_cat=0
split_feature=89 77 96 60 83 88
split_gain=24.0342 25.2594 19.782 19.4478 17.4445 12.3893
threshold=0.74899291992187511 0.35689280927181249 0.49610193073749548 0.59804168343544017 0.7074512541294099 0.1224530376493931
decision_type=8 10 10 10 10 10
left_child=1 5 4 -4 -3 -1
right_child=-2 2 3 -5 -6 -7
leaf_value=0.0050106010238164505 -0.018082098514443042 0.0023165952487911741 0.0026074873469765112 0.020923423557504796 -0.020621434480279716 -0.012510959066834521
leaf_weight=56.205249423161149 84.213013362605125 178.26243042293936 169.83319700928405 128.28924691211432 43.26808816799894 188.35884317709133
leaf_count=727 7245 5507 3155 2236 2458 7809
internal_value=-0.00117666 0.000786279 0.0051968 0.0110016 -0.00249739 -0.00824516
internal_weight=848.43 764.217 519.653 298.122 221.531 244.564
internal_count=29137 21892 13356 5391 7965 8536
is_linear=0
shrinkage=0.035


Tree=94
num_leaves=7
num_cat=0
split_feature=88 34 60 14 37 41
split_gain=31.3528 27.8685 25.6081 39.0438 20.4535 14.905
threshold=0.83103162050247203 0.40151931345462805 0.46434226632118231 0.2549369484186173 0.47216984629631048 0.75001785159111034
decision_type=8 10 10 10 8 8
left_child=1 5 3 -3 -4 -1
right_child=-2 2 4 -5 -6 -7
leaf_value=-0.0014543054529264868 -0.023726641082318298 0.0055409854875214026 0.020846762040225644 -0.026068154270111006 0.0030159460036937196 -0.020138461816540131
leaf_weight=165.01598920347169 55.760924146044999 172.4535980951041 162.51170452358201 56.732192047405988 167.22098855488002 74.787047213409096
leaf_count=6119 4989 3824 2962 3695 3437 4170
internal_value=-4.19005e-05 0.00176541 0.00608203 -0.00267747 0.0122451 -0.0079552
internal_weight=854.482 798.722 558.918 229.186 329.733 239.803
internal_count=29196 24207 13918 7519 6399 10289
is_linear=0
shrinkage=0.035


Tree=95
num_leaves=7
num_cat=0
split_feature=13 60 35 93 87 10
split_gain=24.4504 36.4882 27.9037 24.6475 20.4901 20.5432
threshold=0.36979782581329351 0.46839553117752081 0.46946120262146002 0.3166740238666535 0.7349754571914674 0.84393471479415905
decision_type=8 10 8 8 8 10
left_child=4 -2 3 -3 5 -1
right_child=1 2 -4 -5 -6 -7
leaf_value=0.010171745155545102 -0.027215377216412453 0.025700171952823567 -0.0096456185359722491 -0.0038267811954983168 -0.020622829486509345 -0.010039136781436062
leaf_weight=378.01777313649654 76.495487709995359 61.621879281941801 182.15456683468074 60.140114679001272 27.001015601214021 64.121110409498215
leaf_count=7174 6406 1691 7830 2450 1995 1657
internal_value=-0.000267712 -0.00684247 -0.000979818 0.011375 0.00497888 0.00699771
internal_weight=849.552 380.412 303.917 121.762 469.14 442.139
internal_count=29203 18377 11971 4141 10826 8831
is_linear=0
shrinkage=0.035


Tree=96
num_leaves=7
num_cat=0
split_feature=47 13 37 36 21 22
split_gain=22.8924 30.7702 28.3585 29.5492 21.7153 22.7694
threshold=0.66620406508445751 0.35750810801982885 0.72303134202957164 0.14594209194183352 0.43715888261795049 0.1226724684238434
decision_type=10 8 8 10 10 10
left_child=1 4 3 -2 5 -1
right_child=2 -3 -4 -5 -6 -7
leaf_value=-0.015731621242375073 -0.011769078462323444 -0.017546366014547638 -0.013865753124732911 0.013085365398810099 -0.0071719633156739565 0.022576928096887199
leaf_weight=16.900674080010504 63.560020014178008 181.42291151219979 76.992053359281272 300.4352998980321 134.30395219102502 73.315284893382341
leaf_count=726 1485 12006 2461 5978 4380 2133
internal_value=-0.00115781 -0.00713302 0.00425472 0.00844444 0.00136987 0.014169
internal_weight=846.93 405.943 440.987 363.995 224.52 90.216
internal_count=29169 19245 9924 7463 7239 2859
is_linear=0
shrinkage=0.035


Tree=97
num_leaves=7
num_cat=0
split_feature=89 77 90 19 88 18
split_gain=25.4502 24.2064 17.5845 18.4172 12.2702 10.9369
threshold=0.7393079698085786 0.33365370333194738 0.76407521963119518 0.085391614586114897 0.1224530376493931 0.53560012578964245
decision_type=8 10 10 10 10 10
left_child=1 4 3 -3 5 -1
right_child=-2 2 -4 -5 -6 -7
leaf_value=0.015987232327685803 -0.016540270267786223 -0.0095028267655118456 -0.013702940947778209 0.011061972944469685 -0.011036946682671954 -0.014215726597027039
leaf_weight=39.792170454747975 84.732528477441519 51.447160365059972 37.899579007411376 450.20878201257437 172.7940685688518 12.427290260791777
leaf_count=357 7511 999 2927 9845 7248 303
internal_value=0.000710669 0.00284192 0.00688481 0.00873389 -0.00653069 0.00699401
internal_weight=849.302 764.569 539.556 501.656 225.014 52.2195
internal_count=29190 21679 13771 10844 7908 660
is_linear=0
shrinkage=0.035


Tree=98
num_leaves=7
num_cat=0
split_feature=19 77 44 19 87 34
split_gain=25.9273 23.2281 20.6477 20.2318 19.3407 18.4398
threshold=0.72930333018302929 0.4439148902893067 0.10062263906002046 0.085391614586114897 0.93865063786506664 0.65941035747528087
decision_type=8 10 10 10 10 10
left_child=1 5 -3 -4 -2 -1
right_child=4 2 3 -5 -6 -7
leaf_value=-0.011879589421616703 -0.025245201909153758 -0.014287056578848854 -0.010870966401804143 0.011615487513242611 0.013248918546088383 0.0063847472013190678
leaf_weight=213.60970345768146 73.941634545568377 45.50154859223403 47.819627121090889 356.25357659091242 12.595438852440564 87.384063488803804
leaf_count=7526 6510 2196 1239 8814 876 1932
internal_value=-0.00113549 0.000963869 0.00602042 0.00866756 -0.01844 -0.00637919
internal_weight=837.106 750.569 449.575 404.073 86.5371 300.994
internal_count=29093 21707 12249 10053 7386 9458
is_linear=0
shrinkage=0.035


Tree=99
num_leaves=7
num_cat=0
split_feature=4 34 90 19 23 25
split_gain=23.5686 22.6922 21.5421 19.3288 22.5696 13.483
threshold=0.374756470322609 0.14390736818313601 0.25175850093364721 0.72930333018302929 0.52041190862655651 0.34996080398559576
decision_type=10 10 8 10 10 10
left_child=2 -2 5 4 -3 -1
right_child=1 3 -4 -5 -6 -7
leaf_value=0.0088947278300624613 -0.01670739704091289 0.013556330686900247 -0.021983237838479313 -0.013256021877633948 -0.00061523639156001338 -0.015690810571861648
leaf_weight=71.397393406368792 56.828179687261581 292.08942712889984 95.818834150442854 54.611437848536298 240.59500637277961 33.571714210323989
leaf_count=1568 3503 5805 8458 3776 5284 867
internal_value=-0.000388401 0.00282857 -0.0106728 0.00500623 0.00714403 1.2608e-05
internal_weight=844.912 644.124 200.788 587.296 532.684 104.969
internal_count=29261 18368 10893 14865 11089 2435
is_linear=0
shrinkage=0.035


Tree=100
num_leaves=7
num_cat=0
split_feature=89 84 81 19 52 80
split_gain=24.45 21.7575 18.1184 25.0763 17.8718 5.19714
threshold=0.76827919483184826 0.85917371511459362 0.33820007741451269 0.085391614586114897 0.12507387250661853 0.097521014511585249
decision_type=8 8 10 10 10 8
left_child=1 2 4 -4 -1 -2
right_child=5 -3 3 -5 -6 -7
leaf_value=0.0089383245333499034 0.00078734371712037927 -0.015922663304444522 -0.015620014148370371 0.0098224359578057731 -0.01232470424873456 -0.021699740171321997
leaf_weight=64.802693928591907 9.3015017593279463 66.931678243912756 44.081361917313188 466.44270712789148 130.39374568103813 63.035747301997617
leaf_count=963 703 3587 926 11441 5549 6048
internal_value=0 0.00191331 0.00383798 0.00731725 -0.00493329 -0.0183643
internal_weight=844.989 772.652 705.721 510.524 195.196 72.3372
internal_count=29217 22466 18879 12367 6512 6751
is_linear=0
shrinkage=0.035


Tree=101
num_leaves=7
num_cat=0
split_feature=20 20 61 62 53 39
split_gain=27.2942 27.0509 23.608 24.3907 9.69142 8.01857
threshold=0.72052761912345897 0.22895412892103198 0.12723851948976519 0.14406188577413562 0.080854386091232314 0.98094406723976146
decision_type=8 10 10 10 8 10
left_child=1 -1 -3 -4 -2 -6
right_child=4 2 3 -5 5 -7
leaf_value=-0.017384464275792141 0.0044300819523132706 -0.018023030200932193 0.029767371718171735 0.0036381532189540254 -0.025359844253018567 0.0096642128459468856
leaf_weight=74.006117041688412 13.197035696590317 46.974603631999344 40.692636272404343 588.29703367105685 73.420023964019492 2.488401901209726
leaf_count=2507 793 3337 1152 14568 6574 237
internal_value=-0.000663579 0.00151712 0.0038424 0.00576363 -0.0181713 -0.0227741
internal_weight=839.076 749.97 675.964 628.99 89.1055 75.9084
internal_count=29168 21564 19057 15720 7604 6811
is_linear=0
shrinkage=0.035


Tree=102
num_leaves=7
num_cat=0
split_feature=20 19 60 14 60 76
split_gain=22.6221 26.592 25.9628 30.2188 23.6934 9.77236
threshold=0.72052761912345897 0.085391614586114897 0.45196782052516943 0.35811661183834081 0.83432486653327953 0.38164371252059942
decision_type=8 10 10 10 10 8
left_child=1 -1 3 -3 -4 -2
right_child=5 2 4 -5 -6 -7
leaf_value=-0.016247821610090328 -0.00043099035518360298 0.002554841805985154 0.013065078088474881 -0.024762082996105592 -0.016375765749508421 -0.024696075357306665
leaf_weight=72.952625144738704 39.177128274692222 227.56611151853576 371.59171033115126 54.306436034617946 28.422231325879693 48.868591090897098
leaf_count=2431 3153 6610 7033 4320 1082 4526
internal_value=0.000554579 0.00262394 0.00488406 -0.00306515 0.0105645 -0.0153808
internal_weight=842.885 754.839 681.886 281.873 400.014 88.0457
internal_count=29155 21476 19045 10930 8115 7679
is_linear=0
shrinkage=0.035


Tree=103
num_leaves=7
num_cat=0
split_feature=86 72 35 38 10 24
split_gain=25.7187 29.822 22.1065 20.5466 15.7225 14.3522
threshold=0.27037018537521368 0.94881358742713939 0.3478063046932221 0.37179526686668402 0.83968153595924389 0.54655262827873241
decision_type=8 10 8 10 8 10
left_child=4 2 3 -2 5 -1
right_child=1 -3 -4 -5 -6 -7
leaf_value=0.00048857007136354346 -0.013527142375068978 0.013472262438085471 -0.018074551833007563 0.0089009718726885175 -0.012222376645577701 0.015208450790234637
leaf_weight=168.5190083545167 84.489048534771428 66.294273767154664 211.32649638736621 99.821274733869359 44.902558671310544 164.77582003409043
leaf_count=3575 4661 960 12385 3319 1282 3023
internal_value=-0.00127624 -0.00681422 -0.0105432 -0.00124225 0.00535296 0.00810559
internal_weight=840.128 461.931 395.637 184.31 378.197 333.295
internal_count=29205 21325 20365 7980 7880 6598
is_linear=0
shrinkage=0.035


Tree=104
num_leaves=7
num_cat=0
split_feature=37 79 4 93 31 68
split_gain=20.8398 21.5232 21.6866 19.1298 11.6777 14.2834
threshold=0.8412473499774934 0.1458835378289223 0.27482083439826971 0.8183245360851289 0.70131972432136547 0.85925337672233593
decision_type=8 10 10 8 10 10
left_child=1 4 -3 -4 -1 -6
right_child=-2 2 3 -5 5 -7
leaf_value=-0.021850631081267793 -0.015724363132427435 -0.010644184063740894 0.0091826830683335026 -0.010535138228503474 -0.013834951224753006 0.01830955927206343
leaf_weight=58.544534354005009 89.323719806270674 94.339314515003935 483.36371658672579 59.553929408779368 30.948283874196932 21.955468248343095
leaf_count=2744 4695 5675 11981 2594 1183 315
internal_value=-0.000435849 0.00146571 0.00403875 0.00680292 -0.0120924 0
internal_weight=838.029 748.705 637.257 542.918 111.448 52.9038
internal_count=29187 24492 20250 14575 4242 1498
is_linear=0
shrinkage=0.035


Tree=105
num_leaves=7
num_cat=0
split_feature=19 19 61 74 87 8
split_gain=23.4155 21.9486 22.6494 20.9499 12.3414 11.5004
threshold=0.72930333018302929 0.08454578742384912 0.12723851948976519 0.93818175792694103 0.92975309491157543 0.70499709248542797
decision_type=8 10 8 10 10 10
left_child=1 -1 5 -4 -2 -3
right_child=4 2 3 -5 -6 -7
leaf_value=-0.015305660908179227 -0.023113504884824328 -0.023480018082627466 0.0076215992360658801 -0.015019177443735841 0.0073750965580334825 0.014027547357938649
leaf_weight=73.97709578787908 67.743184547638521 43.578258874826133 581.49829222983681 45.923306824173778 13.575725300470365 4.9362972015514961
leaf_count=2491 6448 3370 14675 1172 1008 81
internal_value=-0.00022978 0.00170696 0.0038029 0.00571359 -0.0172311 -0.0172892
internal_weight=831.232 749.913 675.936 627.422 81.3189 48.5146
internal_count=29245 21789 19298 15847 7456 3451
is_linear=0
shrinkage=0.035


Tree=106
num_leaves=7
num_cat=0
split_feature=47 96 21 86 17 88
split_gain=22.3277 21.9165 27.2663 25.1321 26.9475 23.974
threshold=0.18841212987899783 0.49610193073749548 0.36978912353515631 0.54907357692718517 0.21832469850778582 0.13103374466300013
decision_type=10 10 10 8 10 10
left_child=-1 3 -3 4 -2 -4
right_child=1 2 5 -5 -6 -7
leaf_value=-0.020982076594366034 0.027614848110914678 0.015646256508297617 0.01125009254911695 -0.021992940511860279 -0.0048293700977662226 -0.0096423025874343322
leaf_weight=55.407425647834316 28.345977732213214 184.90127773629501 101.0244356719777 81.918730052886531 219.27326088328846 165.55532027920708
leaf_count=5487 1043 3810 866 6285 6527 5140
internal_value=-0.000983685 0.000566868 0.00559598 -0.00613701 -0.000161952 -0.00143651
internal_weight=836.426 781.019 451.481 329.538 247.619 266.58
internal_count=29158 23671 9816 13855 7570 6006
is_linear=0
shrinkage=0.035


Tree=107
num_leaves=7
num_cat=0
split_feature=61 34 89 96 41 81
split_gain=20.4126 21.8632 16.2142 15.769 12.4973 12.4962
threshold=0.12723851948976519 0.37028889358043676 0.81755906343460094 0.49610193073749548 0.74609348177909862 0.62023752927780162
decision_type=10 10 8 10 8 10
left_child=-1 4 3 -3 5 -2
right_child=1 2 -4 -5 -6 -7
leaf_value=-0.020775284335539428 -0.011210628459777256 -0.00044445435812692948 -0.016370088274876342 0.011341393202806315 -0.020109084989475154 0.0083836612219553297
leaf_weight=48.311304789967835 76.227486132411286 233.65543531416915 33.216374773997813 306.1723660430871 66.432337735313922 66.108659202232957
leaf_count=3743 3386 7252 3094 5035 4199 2408
internal_value=-0.00037412 0.00101774 0.00460556 0.00621226 -0.0083947 -0.00179891
internal_weight=830.124 781.813 573.044 539.828 208.768 142.336
internal_count=29117 25374 15381 12287 9993 5794
is_linear=0
shrinkage=0.035


Tree=108
num_leaves=7
num_cat=0
split_feature=77 92 20 19 32 86
split_gain=26.4472 18.9096 17.3411 18.9986 9.51873 10.1657
threshold=0.36099489033222204 0.93522059917449962 0.84764403104782116 0.085391614586114897 0.85073199868202221 0.24719588458538058
decision_type=10 8 10 10 10 8
left_child=4 2 3 -2 5 -1
right_child=1 -3 -4 -5 -6 -7
leaf_value=-0.0034659642389485157 -0.011866127761478927 -0.023733438122212156 -0.019251842764730506 0.0086475426123195278 0.0035637478119350807 -0.019802242268277002
leaf_weight=96.18067043251358 53.326064443215728 21.537266732892022 25.897298777475953 480.65719289355911 43.251109164906666 115.19385498575866
leaf_count=2607 1414 1395 2245 13791 792 7061
internal_value=-0.000685486 0.00337091 0.00482565 0.00635717 -0.00996839 -0.0130056
internal_weight=836.043 581.418 559.881 533.983 254.626 211.375
internal_count=29305 18845 17450 15205 10460 9668
is_linear=0
shrinkage=0.035


Tree=109
num_leaves=7
num_cat=0
split_feature=32 92 30 4 66 31
split_gain=24.0686 19.4066 19.4788 19.0912 18.9556 23.1227
threshold=0.78515353798866283 0.67859965562820446 0.45946176350116735 0.35924234986305242 0.6741771697998048 0.87307327985763561
decision_type=10 8 8 10 10 10
left_child=1 2 -1 -4 5 -2
right_child=4 -3 3 -5 -6 -7
leaf_value=0.0056589951146626596 0.018365596725026898 -0.017759560220183275 -0.02681729375026835 -0.0025221486120808527 -0.014845844318235371 -0.0026394737219751436
leaf_weight=218.26676025101915 163.30620156065561 108.64956388692372 47.391464843647555 168.33934975927696 32.509195553604513 93.44751477567479
leaf_count=6080 3021 5920 4177 6481 1367 2087
internal_value=-0.000654149 -0.00503754 -0.00147005 -0.008862 0.00730659 0.0106736
internal_weight=831.91 542.647 433.998 215.731 289.263 256.754
internal_count=29133 22658 16738 10658 6475 5108
is_linear=0
shrinkage=0.035


Tree=110
num_leaves=7
num_cat=0
split_feature=92 4 66 10 10 87
split_gain=19.6091 17.6255 18.5879 17.7015 22.5385 17.3142
threshold=0.94285082817077648 0.39432844519615179 0.48102714121341711 0.78917717933654796 0.31720772385597235 0.38999803364276892
decision_type=8 10 10 10 10 10
left_child=1 2 -1 4 -3 -4
right_child=-2 3 5 -5 -6 -7
leaf_value=-0.017802652864906451 -0.026648808625576604 -0.00051860887061302551 0.011781986071768519 -0.0071604538896044489 0.014207535910750692 -0.015644059829685062
leaf_weight=93.403370624640957 22.874265839578584 218.80566288367845 76.53201146190986 112.60160508775152 274.33533411705866 33.659764592070132
leaf_count=4255 1680 5476 2880 4165 6973 3707
internal_value=0.000638314 0.00172705 -0.0069048 0.00476601 0.00766484 0.00246825
internal_weight=832.212 809.338 203.595 605.743 493.141 110.192
internal_count=29136 27456 10842 16614 12449 6587
is_linear=0
shrinkage=0.035


Tree=111
num_leaves=7
num_cat=0
split_feature=23 15 86 72 21 22
split_gain=18.5009 31.3453 28.5646 19.2846 17.3209 23.5461
threshold=0.17242964357137683 0.38417086005210882 0.28480903804302221 0.88087677955627453 0.18616679310798648 0.30177783966064459
decision_type=10 10 8 10 10 10
left_child=-1 4 -3 -4 -2 -6
right_child=1 2 3 -5 5 -7
leaf_value=-0.01196730623807765 -0.0026713469766132809 0.005021522778669919 -0.017677555726974218 0.0053237623218123156 0.033415709298496056 0.0069387873475099714
leaf_weight=118.28961296239868 61.879547625547275 255.95569401723333 163.94297189661302 51.892426119884476 66.319208156084642 120.27683474635705
leaf_count=5047 2085 5822 10779 905 1296 3256
internal_value=0.000331079 0.00253221 -0.00268913 -0.0119203 0.0124255 0.0176058
internal_weight=838.556 720.267 471.791 215.835 248.476 186.596
internal_count=29190 24143 17506 11684 6637 4552
is_linear=0
shrinkage=0.035


Tree=112
num_leaves=7
num_cat=0
split_feature=88 84 55 13 37 56
split_gain=19.9009 17.7144 15.0179 20.4155 19.9767 5.75036
threshold=0.90307712554931652 0.85917371511459362 0.73239558935165416 0.3617853075265885 0.72303134202957164 0.5960654914379121
decision_type=8 8 10 10 8 10
left_child=1 2 3 -1 -4 -3
right_child=-2 5 4 -5 -6 -7
leaf_value=0.0047283555274926538 -0.026237791618972748 -0.0039121498680603165 0.017762444445465108 -0.0089164307880047998 -0.010648516973118588 -0.026399227351287566
leaf_weight=379.32777289510705 26.207703984575346 41.230131477117538 131.13082610000856 197.64554180460982 30.497827640268952 25.6157061397098
leaf_count=8101 2869 1509 3305 9637 1311 2413
internal_value=-2.78697e-05 0.00101006 0.00268772 0 0.0118427 -0.0151314
internal_weight=831.656 805.448 738.602 576.973 161.629 66.8458
internal_count=29145 26276 22354 17738 4616 3922
is_linear=0
shrinkage=0.035


Tree=113
num_leaves=7
num_cat=0
split_feature=4 77 76 26 36 32
split_gain=21.2799 22.6561 19.0355 25.1369 13.1488 11.0423
threshold=0.19946020096540454 0.27204366028308874 0.62576338648796093 0.58202540874481212 0.12981497496366504 0.85073199868202221
decision_type=10 10 10 10 10 10
left_child=-1 5 4 -4 -3 -2
right_child=1 2 3 -5 -6 -7
leaf_value=-0.0167274500723473 -0.015086429526430732 -0.0083738308056158992 0.004955581391573937 -0.019496900949210919 0.010965964652540469 0.0068382425064143519
leaf_weight=81.026194078149274 119.68259365204722 39.687875708797947 128.85881717130542 73.302754002157599 362.40302316937596 27.329745448427275
leaf_count=5808 5352 1161 5256 2773 8429 470
internal_value=-0.000497807 0.00134127 0.00441494 -0.00406562 0.00880292 -0.0105294
internal_weight=832.291 751.265 604.252 202.162 402.091 147.012
internal_count=29249 23441 17619 8029 9590 5822
is_linear=0
shrinkage=0.035


Tree=114
num_leaves=7
num_cat=0
split_feature=89 15 23 86 92 26
split_gain=18.3588 17.5055 21.148 18.3159 16.6837 15.3818
threshold=0.80787301063537609 0.38417086005210882 0.16179503500461581 0.28480903804302221 0.67859965562820446 0.77723476290702831
decision_type=8 8 10 10 10 10
left_child=1 2 -1 4 -3 -4
right_child=-2 3 5 -5 -6 -7
leaf_value=-0.0066224178416043151 -0.019764663795898404 0.0058155298707007483 0.018166658189991535 -0.011960233734265692 -0.018835685361072312 -0.00022176417068349512
leaf_weight=96.348180941073224 51.671218233415857 217.07793245301582 155.91069584712386 194.63941139238887 31.119851756142452 75.721365930978209
leaf_count=3442 5596 4404 3522 9636 784 1845
internal_value=-0.00104492 0.00033267 0.00643819 -0.00410684 0.00202811 0.0121296
internal_weight=822.489 770.817 327.98 442.837 248.198 231.632
internal_count=29229 23633 8809 14824 5188 5367
is_linear=0
shrinkage=0.035


Tree=115
num_leaves=7
num_cat=0
split_feature=61 20 41 23 7 82
split_gain=19.4842 20.6008 17.6723 18.943 12.677 8.43233
threshold=0.11910537257790567 0.72052761912345897 0.81551954150199901 0.16537453234195712 0.6557394564151765 0.98128521442413341
decision_type=10 8 10 10 10 10
left_child=-1 2 3 -2 -4 -3
right_child=1 5 4 -5 -6 -7
leaf_value=-0.021426897249726132 -0.0096016125787363339 -0.017636044001397854 0.0044421060200038652 0.0077506049907038804 -0.020783287299257339 0.015284432666378399
leaf_weight=41.69877349305898 80.22180975205265 78.255480462685227 32.299420559545979 538.74316700221971 51.894055314129218 2.8689537330064914
leaf_count=3480 2364 7082 959 12637 2338 272
internal_value=-0.00011419 0.00115761 0.00319512 0.00532409 -0.0109908 -0.0146153
internal_weight=825.982 784.283 703.158 618.965 84.1935 81.1244
internal_count=29132 25652 18298 15001 3297 7354
is_linear=0
shrinkage=0.035


Tree=116
num_leaves=7
num_cat=0
split_feature=89 65 23 37 14 3
split_gain=20.9231 17.2984 22.4063 23.9694 13.3187 22.1997
threshold=0.80787301063537609 0.45245240628719335 0.16179503500461581 0.4798006564378739 0.3389712274074555 0.67766579985618602
decision_type=8 10 10 8 10 10
left_child=1 2 -1 -4 -3 -6
right_child=-2 4 3 -5 5 -7
leaf_value=-0.0085014934980975482 -0.021147770503213717 0.00034545745036316708 0.019330640004170629 -0.00064112655457737025 -0.025834991768350083 0
leaf_weight=90.095358481630683 51.151072646258399 251.19766223337501 159.63971156184562 121.59128417749889 69.633558229776099 84.597769951680675
leaf_count=3086 5599 4918 3859 3295 4303 4198
internal_value=-0.00106343 0.000394368 0.00584864 0.0107354 -0.00449064 -0.0123194
internal_weight=827.906 776.755 371.326 281.231 405.429 154.231
internal_count=29258 23659 10240 7154 13419 8501
is_linear=0
shrinkage=0.035


Tree=117
num_leaves=7
num_cat=0
split_feature=84 22 64 3 88 65
split_gain=19.9192 18.2031 22.7931 23.4059 20.2419 14.9033
threshold=0.85917371511459362 0.93418708443641674 0.3637803196907044 0.30216079950332647 0.1224530376493931 0.97341981530189525
decision_type=8 10 10 8 8 10
left_child=1 2 3 -1 -4 -3
right_child=-2 5 4 -5 -6 -7
leaf_value=0.018964579661435544 -0.018124947522742747 0.033146334879221064 0.0081807410105190163 0 -0.011352732685141319 -0.01063558499515024
leaf_weight=103.41361338109709 66.152527243830264 27.817663233494386 75.266421587206423 271.45516237826087 270.2110943198204 6.4849602337926617
leaf_count=3010 4162 386 673 6577 14131 216
internal_value=-0.000780147 0.000845636 -0.000388888 0.00545626 -0.00685977 0.0231822
internal_weight=820.801 754.649 720.346 374.869 345.478 34.3026
internal_count=29155 24993 24391 9587 14804 602
is_linear=0
shrinkage=0.035


Tree=118
num_leaves=7
num_cat=0
split_feature=92 81 77 76 52 7
split_gain=20.9007 18.2017 23.7195 17.1559 16.1651 17.8984
threshold=0.79309976100921642 0.33448855578899389 0.30515693128108984 0.54390233755111705 0.13285547494888308 0.5229683816432954
decision_type=8 10 10 10 10 8
left_child=1 4 -3 -4 5 -1
right_child=-2 2 3 -5 -6 -7
leaf_value=0.022438052548688296 -0.013802561268812531 -0.006148202405930195 0.015903639321461528 0.00067482410489592677 -0.014432500963268374 -0.010076270417648721
leaf_weight=32.528654881753027 107.43171777646057 143.95161626650952 232.82039690879174 158.43196569336578 118.7357897637412 33.139186637243256
leaf_count=390 5569 5830 4804 5535 6375 678
internal_value=0 0.00222818 0.00553752 0.0100055 -0.00693469 0.00600472
internal_weight=827.039 719.608 535.204 391.252 184.404 65.6678
internal_count=29181 23612 16169 10339 7443 1068
is_linear=0
shrinkage=0.035


Tree=119
num_leaves=7
num_cat=0
split_feature=92 87 5 61 39 76
split_gain=21.103 19.578 18.569 17.8827 13.6935 13.2047
threshold=0.83070498704910289 0.4601507186889649 0.21691517531871798 0.18609919399023059 0.63750955462455761 0.59826236963272106
decision_type=8 10 10 10 10 10
left_child=1 2 3 -1 -4 -3
right_child=-2 5 4 -5 -6 -7
leaf_value=-0.014067698770397433 -0.015994076725397779 -0.00097691493409614739 0.0068024285683252394 0.030615775274648069 -0.0054237379156651553 -0.019257154827089493
leaf_weight=6.972880750661715 95.502123694634065 144.3779038968496 282.45204004528932 46.343535267049447 171.618111315649 71.144548726035282
leaf_count=511 5254 7807 4901 928 4813 4984
internal_value=-0.00118424 0.000854079 0.00466099 0.0228427 0.00205397 -0.0077194
internal_weight=818.411 722.909 507.387 53.3164 454.07 215.522
internal_count=29198 23944 11153 1439 9714 12791
is_linear=0
shrinkage=0.035


Tree=120
num_leaves=7
num_cat=0
split_feature=34 79 39 68 70 64
split_gain=19.1533 16.5944 21.7317 18.1972 16.584 16.1388
threshold=0.64452126622200023 0.11784735694527627 0.33912935853004461 0.42673748731613165 0.48338252305984503 0.51489642262458812
decision_type=10 10 10 10 10 10
left_child=4 -2 3 -3 -1 -6
right_child=1 2 -4 -5 5 -7
leaf_value=-0.012605434547454547 -0.014226596206024759 0 0.0009520147168643533 0.028256669578982631 0.0082147543191557742 -0.0080512931665283876
leaf_weight=190.27361711580306 35.505060058785602 35.159260330721736 194.40447424445301 82.823166640009731 150.74982627877034 132.49000559537672
leaf_count=10694 1512 2017 5459 1475 4088 3960
internal_value=-0.000222626 0.00587036 0.00861659 0.0199667 -0.00483135 0.000413627
internal_weight=821.405 347.892 312.387 117.982 473.513 283.24
internal_count=29205 10463 8951 3492 18742 8048
is_linear=0
shrinkage=0.035


Tree=121
num_leaves=7
num_cat=0
split_feature=32 61 19 62 90 25
split_gain=17.7817 15.4376 17.2837 31.1784 11.0283 9.12103
threshold=0.29566481709480291 0.1591250076889992 0.085391614586114897 0.18055281788110736 0.25175850093364721 0.60767060518264782
decision_type=10 10 10 10 8 10
left_child=4 -2 5 -4 -1 -3
right_child=1 2 3 -5 -6 -7
leaf_value=0.00015665343189877801 -0.015551687291032391 0 0.020070980548074178 0.00053920531249588308 -0.021314851689512925 -0.026145947322898464
leaf_weight=39.767534089041874 52.412143756635487 32.963485274696723 120.78284711763263 479.48117421637289 67.997968330280855 27.102173233637586
leaf_count=1186 3542 646 2200 13532 7114 994
internal_value=-0.000707299 0.00127841 0.00286298 0.00476791 -0.0134747 -0.0137256
internal_weight=820.507 712.742 660.33 600.264 107.766 60.0657
internal_count=29214 20914 17372 15732 8300 1640
is_linear=0
shrinkage=0.035


Tree=122
num_leaves=7
num_cat=0
split_feature=92 70 65 88 19 87
split_gain=15.8144 16.1842 21.9327 26.321 19.9054 18.0464
threshold=0.83789372444152843 0.48338252305984503 0.43613845109939581 0.1224530376493931 0.085391614586114897 0.6490040421485902
decision_type=8 10 10 10 10 10
left_child=1 5 4 -4 -3 -1
right_child=-2 2 3 -5 -6 -7
leaf_value=-0.00071317262315881652 -0.013709931701575466 -0.0036570211895979006 0.011257110096941461 -0.010999367231224876 0.020618043213895373 -0.023724538520010982
leaf_weight=252.34756572172046 88.226223077159375 49.302037621848285 107.13742359681055 140.53616431634873 143.35641367128119 43.507411363068968
leaf_count=8932 5074 922 1022 5100 3590 4579
internal_value=-0.000310529 0.00135486 0.00562291 -0.00111544 0.0142462 -0.00480546
internal_weight=824.413 736.187 440.332 247.674 192.658 295.855
internal_count=29219 24145 10634 6122 4512 13511
is_linear=0
shrinkage=0.035


Tree=123
num_leaves=7
num_cat=0
split_feature=19 15 23 37 87 92
split_gain=18.2332 18.3328 24.4788 18.7105 12.2113 16.5245
threshold=0.85779833793640148 0.43327726423740393 0.16179503500461581 0.47591477632522589 0.48380273580551153 0.67859965562820446
decision_type=8 10 10 8 8 10
left_child=1 2 -1 -4 5 -3
right_child=-2 4 3 -5 -6 -7
leaf_value=-0.0077577070384269187 -0.022426314741695513 0.0028685103786049554 0.01825716726926456 -0.00025076882402721041 -0.015873902479050569 -0.016571510777872816
leaf_weight=95.020571294706315 34.097437943564728 277.08641368267126 184.98314600507729 93.656741440994665 74.60793746332638 57.675306757213548
leaf_count=3621 3629 6367 4499 2703 6253 2077
internal_value=0 0.00121266 0.00679565 0.0120197 -0.00379011 -0.000636202
internal_weight=817.128 783.03 373.66 278.64 409.37 334.762
internal_count=29149 25520 10823 7202 14697 8444
is_linear=0
shrinkage=0.035


Tree=124
num_leaves=7
num_cat=0
split_feature=19 62 34 39 81 10
split_gain=15.7842 30.21 20.6304 19.314 16.8801 16.2237
threshold=0.085391614586114897 0.1765607222914696 0.67908397316932689 0.3200304657220841 0.74738648533821117 0.85203611850738536
decision_type=10 10 10 10 10 10
left_child=-1 3 -3 5 -4 -2
right_child=1 2 4 -5 -6 -7
leaf_value=-0.015796214141296578 0.035086216639203908 -0.0079174290172194448 0.00029484508669783274 0.0028511563980046588 0.023905968479061887 -0.0094350755148679619
leaf_weight=70.01882040197961 52.332075632410124 366.55343528231606 195.29495591553859 88.248255604412407 39.298797828843817 6.4343133405782273
leaf_count=2483 1131 15587 6924 2259 694 183
internal_value=-0.000783344 0.000704503 -0.00274127 0.0145474 0.00512447 0.0288788
internal_weight=818.181 748.162 601.147 147.015 234.594 58.7664
internal_count=29261 26778 23205 3573 7618 1314
is_linear=0
shrinkage=0.035


Tree=125
num_leaves=7
num_cat=0
split_feature=77 92 90 19 4 88
split_gain=17.872 19.3237 17.2651 17.4862 12.33 11.9174
threshold=0.38499371707439428 0.93522059917449962 0.73917153477668773 0.085391614586114897 0.71431604027748119 0.34292492270469671
decision_type=10 8 10 10 10 8
left_child=5 2 3 -2 -4 -1
right_child=1 -3 4 -5 -6 -7
leaf_value=-0.00117667302855722 -0.0103936588916265 -0.024626215995676867 -0.026003958930711342 0.010297946703821993 0.0039830180053526745 -0.017339789645010366
leaf_weight=191.93796821427532 47.368102237116545 18.239970140857622 25.819279696093872 439.09762921300717 24.743599692825228 76.762009284691885
leaf_count=4759 1085 1362 3353 10798 1512 6384
internal_value=0.000863597 0.00448898 0.00592115 0.00804143 -0.0118935 -0.00635171
internal_weight=823.969 555.269 537.029 486.466 50.5629 268.7
internal_count=29253 18110 16748 11883 4865 11143
is_linear=0
shrinkage=0.035


Tree=126
num_leaves=7
num_cat=0
split_feature=96 92 89 7 37 24
split_gain=14.0762 19.0769 18.3282 26.8715 16.3998 23.59
threshold=0.49610193073749548 0.90300768613815319 0.30300304293632513 0.26810321211814886 0.4798006564378739 0.46165227890014654
decision_type=10 10 8 8 8 10
left_child=2 4 -1 -4 -2 -6
right_child=1 -3 3 -5 5 -7
leaf_value=1.1702464430626739e-05 0.012122758178368739 -0.022352154769649794 0.0023314209989787932 -0.02810705592979967 -0.014688952879441964 0.006831662139845123
leaf_weight=207.78690983005799 198.48816536250524 25.693930337904021 52.950315231224522 79.362113856477663 90.977711324580014 159.17386931716464
leaf_count=5218 5106 1218 3655 8240 2468 3250
internal_value=-0.000933322 0.00287305 -0.00633689 -0.0161133 0.00479897 -0.00100446
internal_weight=814.433 474.334 340.099 132.312 448.64 250.152
internal_count=29155 12042 17113 11895 10824 5718
is_linear=0
shrinkage=0.035


Tree=127
num_leaves=7
num_cat=0
split_feature=84 55 14 61 81 35
split_gain=15.5829 17.4261 24.3198 30.2179 19.2333 17.29
threshold=0.85513892769813549 0.73663958907127391 0.35059560835361486 0.49587810039520269 0.24084663391113284 0.68118199706077587
decision_type=8 10 10 10 10 10
left_child=1 2 -1 -4 -3 -6
right_child=-2 4 3 -5 5 -7
leaf_value=0.0039048729120686487 -0.015489996167319511 -0.011971424593106534 -0.027674524643879799 -0.00027658373427288686 0.025726523264605415 0
leaf_weight=377.68257170915604 64.827461486915126 27.069671757286415 72.842643087729812 137.08240561024286 85.189408767502755 49.269914291333407
leaf_count=8747 4240 1138 6811 4558 2248 1413
internal_value=0 0.00146041 -0.00129509 -0.0106913 0.0113821 0.0168604
internal_weight=813.964 749.137 587.608 209.925 161.529 134.459
internal_count=29155 24915 20116 11369 4799 3661
is_linear=0
shrinkage=0.035


Tree=128
num_leaves=7
num_cat=0
split_feature=91 10 4 23 4 25
split_gain=17.9458 16.6075 19.0098 18.8907 7.69124 8.06808
threshold=0.76674118638038646 0.83573517203331005 0.19549271464347842 0.16537453234195712 0.78137975931167614 0.77517351508140575
decision_type=8 8 10 10 10 10
left_child=1 2 -1 -4 -2 -6
right_child=4 -3 3 -5 5 -7
leaf_value=-0.013938758915516625 -0.026371834034579805 -0.012220679709055039 -0.0088227015223643953 0.007834001823803451 0.014948506460842573 -0.017474496425214071
leaf_weight=62.731247845571488 36.176157776964828 91.208748838631436 89.958955473266542 503.86616293899715 11.701481654541569 9.9492285258602333
leaf_count=3789 5357 3869 3291 11339 671 764
internal_value=-0.000420061 0.00104516 0.00309198 0.0051397 -0.0179889 0
internal_weight=805.592 747.765 656.556 593.825 57.8269 21.6507
internal_count=29080 22288 18419 14630 6792 1435
is_linear=0
shrinkage=0.035


Tree=129
num_leaves=7
num_cat=0
split_feature=4 13 60 25 63 93
split_gain=14.6604 14.4289 32.6534 19.5629 19.4004 13.672
threshold=0.19549271464347842 0.35750810801982885 0.46839553117752081 0.43887886404991155 0.28427165746688848 0.80978858470916759
decision_type=10 10 10 10 10 8
left_child=-1 3 -3 5 -4 -2
right_child=1 2 4 -5 -6 -7
leaf_value=-0.014915470916525135 0.020045611369929536 -0.027103585865497461 -0.010123167187937982 -0.0003018937351465591 0.0083505081160402429 -0.0067832796290454595
leaf_weight=73.870921538909897 116.36673510354012 56.400047941831872 111.46261889464222 271.73764995578676 158.05712145217694 21.149652951629832
leaf_count=5695 2070 4818 3186 5236 7322 884
internal_value=-0.000836513 0.000652842 -0.00469619 0.00504687 0.000449774 0.0154125
internal_weight=809.045 735.174 325.92 409.254 269.52 137.516
internal_count=29211 23516 15326 8190 10508 2954
is_linear=0
shrinkage=0.035


Tree=130
num_leaves=7
num_cat=0
split_feature=4 34 20 37 35 94
split_gain=18.0203 17.8141 16.2438 15.0619 11.0228 12.7717
threshold=0.19549271464347842 0.37028889358043676 0.84764403104782116 0.55270943045616161 0.35527792572975164 0.37813842296600347
decision_type=10 10 10 8 10 10
left_child=-1 4 3 -3 5 -2
right_child=1 2 -4 -5 -6 -7
leaf_value=-0.016595440590969041 0.026546575644788697 0.009696484572282317 -0.02157619122649114 -0.0024289663023008617 -0.013603636728523679 -0.0051409194190208786
leaf_weight=72.608717299532145 13.234723103931172 345.98209595656954 20.234838905977085 181.00472401501611 131.56978661613539 46.890390303451568
leaf_count=5695 508 8586 1533 3928 7126 1906
internal_value=-0.000848999 0.000789193 0.00406882 0.00545957 -0.00809803 0.00336179
internal_weight=811.525 738.917 547.222 526.987 191.695 60.1251
internal_count=29282 23587 14047 12514 9540 2414
is_linear=0
shrinkage=0.035


Tree=131
num_leaves=7
num_cat=0
split_feature=70 87 64 46 92 23
split_gain=15.7431 17.4352 15.2926 18.6395 18.5257 14.6847
threshold=0.48338252305984503 0.55866372585296642 0.59850126504898082 0.79062157869339 0.91838520765304577 0.62122645974159252
decision_type=10 8 10 10 8 8
left_child=1 5 4 -4 -2 -1
right_child=2 -3 3 -5 -6 -7
leaf_value=0.003238500636046554 0.010959481392361137 -0.020981231376776623 -0.010912769285875049 0.012292845408481067 -0.01985661297633208 -0.014708608331770161
leaf_weight=188.81722042383626 276.93381307437085 69.15223546884954 135.19944211514667 51.13798639504239 17.688924844609573 69.019825473893434
leaf_count=5955 6765 7334 4169 764 850 3298
internal_value=-0.000413392 -0.00631128 0.00352667 -0.00403025 0.00845981 -0.00166629
internal_weight=807.949 326.989 480.96 186.337 294.623 257.837
internal_count=29135 16587 12548 4933 7615 9253
is_linear=0
shrinkage=0.035


Tree=132
num_leaves=7
num_cat=0
split_feature=4 96 92 81 18 60
split_gain=16.7639 18.5682 22.21 15.5773 14.9263 23.7692
threshold=0.091579165309667601 0.49610193073749548 0.79309976100921642 0.29517532885074621 0.8225955367088319 0.79611870646476757
decision_type=10 10 10 10 10 10
left_child=-1 4 3 -3 5 -2
right_child=1 2 -4 -5 -6 -7
leaf_value=-0.023320560784033464 -0.0056072215341124295 -0.0058256217328866294 -0.013080644916304637 0.011410972758632129 -0.027176143070767662 0.032587472565051089
leaf_weight=30.026032259105705 283.85268294485286 69.899512690957636 61.795193250989541 325.16861770604737 28.41423616069369 13.233997244620694
leaf_count=2741 12055 2401 2302 6231 3012 470
internal_value=-0.000598384 0.000434458 0.00501222 0.00817595 -0.00579944 -0.00292383
internal_weight=812.39 782.364 456.863 395.068 325.501 297.087
internal_count=29212 26471 10934 8632 15537 12525
is_linear=0
shrinkage=0.035


Tree=133
num_leaves=7
num_cat=0
split_feature=4 77 76 70 14 37
split_gain=17.1241 13.9063 20.7019 18.2467 15.2653 9.35693
threshold=0.19549271464347842 0.15600705891847613 0.54390233755111705 0.48338252305984503 0.38708284497261053 0.10369111225008966
decision_type=10 10 10 10 10 8
left_child=-1 5 3 -3 -4 -2
right_child=1 2 4 -5 -6 -7
leaf_value=-0.015508831426799392 0.011217257800328733 -0.00013013186323454422 0.0031067226872157757 0.014493955420307902 -0.013152329855412655 -0.017430221820576023
leaf_weight=71.225478774867952 9.2854685578495246 172.86643207585439 146.94543647929095 231.28578790812753 118.38713995134458 61.208876589080319
leaf_count=5682 351 5933 3659 4133 6444 3020
internal_value=0 0.00160274 0.00326391 0.00823036 -0.00412835 -0.0122293
internal_weight=811.205 739.979 669.485 404.152 265.333 70.4943
internal_count=29222 23540 20169 10066 10103 3371
is_linear=0
shrinkage=0.035


Tree=134
num_leaves=7
num_cat=0
split_feature=97 64 92 3 55 61
split_gain=14.1601 18.524 19.5007 25.0479 15.7843 16.368
threshold=0.48142592608928686 0.3637803196907044 0.83070498704910289 0.31811538338661199 0.34849764406681066 0.52429571747779857
decision_type=8 8 10 10 10 10
left_child=1 2 3 -1 -3 -6
right_child=-2 4 -4 -5 5 -7
leaf_value=0.036596875369070969 -0.005725251982051623 -0.017058750359587822 -0.014466770168948888 0.0063805389432890222 0.008547451457352969 -0.011825881468864267
leaf_weight=44.351918423548341 346.03854959388264 59.405559125123546 22.057112249545753 123.87508321297355 149.75867281132378 60.635924418224022
leaf_count=592 17729 3287 811 2716 2499 1474
internal_value=-0.000390038 0.00353979 0.0117131 0.0159445 -0.00220698 0.00221734
internal_weight=806.123 460.084 190.284 168.227 269.8 210.395
internal_count=29108 11379 4119 3308 7260 3973
is_linear=0
shrinkage=0.035


Tree=135
num_leaves=7
num_cat=0
split_feature=61 77 10 15 41 30
split_gain=13.9424 14.9682 18.749 30.9699 12.8004 16.2588
threshold=0.10302504152059556 0.38499371707439428 0.30990605056285864 0.52482116222381603 0.47933873534202581 0.93290594220161449
decision_type=10 10 10 10 8 10
left_child=-1 4 -3 -4 -2 -6
right_child=1 2 3 -5 5 -7
leaf_value=-0.021043878638314559 0.0024421330593045183 -0.0051795352539200689 0.018944399203075744 -0.001619912985974039 -0.016908081078215925 0.015880746247212352
leaf_weight=31.361552995862439 102.49747373186983 177.2933048910927 166.74207682977431 173.24684659461491 134.41281561669894 13.255441149929537
leaf_count=3032 3635 5206 4694 5915 6484 178
internal_value=-0.000708716 0.0002631 0.00371619 0.00851832 -0.00656759 -0.0129627
internal_weight=798.81 767.448 517.282 339.989 250.166 147.668
internal_count=29144 26112 15815 10609 10297 6662
is_linear=0
shrinkage=0.035


Tree=136
num_leaves=7
num_cat=0
split_feature=20 20 62 37 89 75
split_gain=17.2472 16.2966 28.2006 18.6741 15.3616 6.99201
threshold=0.84764403104782116 0.22895412892103198 0.1765607222914696 0.15340921282768252 0.74635815620422374 0.87635579705238353
decision_type=8 10 10 8 10 10
left_child=1 5 4 -4 -3 -1
right_child=-2 2 3 -5 -6 -7
leaf_value=-0.021389563413727376 -0.022636014729233173 0.019573248513174268 0.012192078596665996 -0.0045614716016680462 -0.011574333877931052 0.0014665316242228024
leaf_weight=48.897921361960471 34.639507887419313 125.72136829514056 89.578750055748969 467.19177681894507 15.047431265236808 15.921451908536254
leaf_count=2196 3866 2237 2866 16572 1086 299
internal_value=-0.000962004 0.000179497 0.00187122 -0.00163852 0.0154475 -0.0155102
internal_weight=796.998 762.359 697.539 556.771 140.769 64.8194
internal_count=29122 25256 22761 19438 3323 2495
is_linear=0
shrinkage=0.035


Tree=137
num_leaves=7
num_cat=0
split_feature=47 82 83 46 88 17
split_gain=16.4213 13.4446 20.4311 23.4803 17.9501 15.2494
threshold=0.18841212987899783 0.33911143243312841 0.5474664866924287 0.23085959255695346 0.086734693497419371 0.17960201203823092
decision_type=10 10 10 10 8 10
left_child=-1 5 4 -4 -3 -2
right_child=1 2 3 -5 -6 -7
leaf_value=-0.018709451193998236 -0.012365370141777974 0.0091297522307962724 0.02962775693474462 -0.00065538461237482973 -0.018926500831179912 0.010263248906240688
leaf_weight=47.215191274066456 33.706237591104582 27.828863287810236 26.622187063563615 302.06013833265752 118.12082329462282 245.43130748998374
leaf_count=5461 2128 226 871 9802 4431 6228
internal_value=-0.000228779 0.00104424 -0.00245497 0.00228723 -0.0130394 0.00707959
internal_weight=800.985 753.77 474.632 328.682 145.95 279.138
internal_count=29147 23686 15330 10673 4657 8356
is_linear=0
shrinkage=0.035


Tree=138
num_leaves=7
num_cat=0
split_feature=4 23 47 16 10 36
split_gain=20.2219 15.4895 16.4943 15.291 22.6539 18.0861
threshold=0.27482083439826971 0.16179503500461581 0.9089762568473817 0.28252284228801733 0.31335358321666723 0.18156495690345767
decision_type=10 10 10 10 10 10
left_child=-1 2 -2 4 -3 -5
right_child=1 3 -4 5 -6 -7
leaf_value=-0.01334578129532463 -0.01995962954625612 0.0018534064051767963 0.0077490309710753647 -0.016132506867524991 0.033262480138169057 0.0040815360701767544
leaf_weight=111.67805726325605 63.189582614926621 72.702164091169834 32.932497732108459 53.760307752876543 43.574541118694469 414.7625402668491
leaf_count=8013 2884 1789 905 2097 1112 12379
internal_value=-2.10424e-06 0.00223975 -0.0100961 0.00446482 0.0154299 0.00142002
internal_weight=792.6 680.922 96.1221 584.8 116.277 468.523
internal_count=29179 21166 3789 17377 2901 14476
is_linear=0
shrinkage=0.035


Tree=139
num_leaves=7
num_cat=0
split_feature=61 17 96 35 36 89
split_gain=13.1692 15.0316 23.4379 21.6635 19.9768 19.3831
threshold=0.12723851948976519 0.22198530286550525 0.49610193073749548 0.37057064473629003 0.19304439425468448 0.40531942248344427
decision_type=10 8 10 10 10 8
left_child=-1 4 5 -4 -2 -3
right_child=1 2 3 -5 -6 -7
leaf_value=-0.016836376075727758 -0.01283964114846841 -0.0019550669076004229 0.015971004013695347 -0.00032895886563868927 0.025459011734639391 -0.02356493315850474
leaf_weight=40.617906374274753 14.925270679639651 215.81430329941213 145.60761424270459 267.49871356459334 56.603072908706963 62.134144874988124
leaf_count=3712 878 6518 3275 6076 1917 6842
internal_value=0.000732482 0.00190147 0.00016431 0.00548588 0.0163197 -0.00749358
internal_weight=803.201 762.583 691.055 413.106 71.5283 277.948
internal_count=29218 25506 22711 9351 2795 13360
is_linear=0
shrinkage=0.035


Tree=140
num_leaves=7
num_cat=0
split_feature=19 62 4 61 81 13
split_gain=12.6631 18.125 23.79 16.0221 21.282 20.045
threshold=0.085391614586114897 0.13239706307649615 0.61218363046646129 0.46848715841770178 0.22204698622226718 0.36979782581329351
decision_type=10 10 10 10 10 10
left_child=-1 2 -2 5 -5 -3
right_child=1 3 -4 4 -6 -7
leaf_value=-0.014241454757684721 -0.006911127209590401 -0.001866542797323746 0.040277964182955144 -0.014554061742632228 0.006846126505023164 -0.024858368203136548
leaf_weight=68.129160599550232 16.351127820555121 216.6950474709738 22.994851080235094 58.431870189728215 362.4795392472297 54.005409697303548
leaf_count=2529 886 6133 412 2297 10950 5984
internal_value=-0.000619926 0.000719061 0.0217044 -0.000634295 0.00353685 -0.00722373
internal_weight=799.087 730.958 39.346 691.612 420.911 270.7
internal_count=29191 26662 1298 25364 13247 12117
is_linear=0
shrinkage=0.035


Tree=141
num_leaves=7
num_cat=0
split_feature=86 15 72 10 10 24
split_gain=19.5763 17.7562 13.0848 18.1107 11.2876 11.0179
threshold=0.22801928222179416 0.43327726423740393 0.95339995622634899 0.31335358321666723 0.83968153595924389 0.54655262827873241
decision_type=8 8 10 10 10 10
left_child=4 2 3 -2 5 -1
right_child=1 -3 -4 -5 -6 -7
leaf_value=0.0013926357917908622 -0.011909576889622483 -0.012120793239067378 0.016391295181145071 0.0073241065160887979 -0.0096384493443607555 0.01538803474268796
leaf_weight=145.10674202465452 113.90580547193531 209.3365078890929 48.082858584355563 107.85997572902124 37.810660568298772 144.97886116313748
leaf_count=3073 5488 11830 659 4405 1144 2593
internal_value=-0.000107442 -0.00465079 0.00113729 -0.00239712 0.00632851 0.00878864
internal_weight=807.081 479.185 269.849 221.766 327.896 290.086
internal_count=29192 22382 10552 9893 6810 5666
is_linear=0
shrinkage=0.035


Tree=142
num_leaves=7
num_cat=0
split_feature=86 77 87 89 22 24
split_gain=15.9764 15.2507 14.7627 18.9619 12.9891 12.9605
threshold=0.22801928222179416 0.36099489033222204 0.058622086420655257 0.58726155757904064 0.28547936677932745 0.54677617549896251
decision_type=8 10 10 10 10 10
left_child=2 -2 5 4 -4 -1
right_child=1 -3 3 -5 -6 -7
leaf_value=-0.018244607273193908 -0.013523460177851039 0.00014517552880806715 0.026492072989966597 -0.018064755823798143 0.0072079463271308777 0.0076049525529979156
leaf_weight=41.631246886914596 129.27090773289092 340.78316779632587 63.4471084412653 17.481808150187135 161.96489404258318 35.729998985072598
leaf_count=873 7797 14475 749 1312 3068 740
internal_value=0.000349334 -0.00366746 0.00635061 0.0105924 0.0135828 -0.00609689
internal_weight=790.309 470.054 320.255 242.894 225.412 77.3612
internal_count=29014 22272 6742 5129 3817 1613
is_linear=0
shrinkage=0.035


Tree=143
num_leaves=7
num_cat=0
split_feature=84 31 81 60 13 34
split_gain=21.4959 16.6632 13.725 17.9418 11.0675 9.88605
threshold=0.85917371511459362 0.81606236100196849 0.27544967830181127 0.46839553117752081 0.35139474272727972 0.78842106461524974
decision_type=8 8 10 10 10 10
left_child=1 2 4 -4 -1 -3
right_child=-2 5 3 -5 -6 -7
leaf_value=0.0034382239928249284 -0.020244587340868082 -0.015168859098308386 -0.0029160120523187933 0.011183932652718404 -0.01710241671871239 0.0012060044224751418
leaf_weight=53.004880598513409 58.542958477162756 104.32871153671294 161.32792195584625 296.57724048173986 56.377705863676965 64.413496583350934
leaf_count=1870 4166 3145 6600 7621 3912 1768
internal_value=-0.00117417 0.00047347 0.00342236 0.00613882 -0.00714557 -0.00884943
internal_weight=794.573 736.03 567.288 457.905 109.383 168.742
internal_count=29082 24916 20003 14221 5782 4913
is_linear=0
shrinkage=0.035


Tree=144
num_leaves=7
num_cat=0
split_feature=86 16 23 38 18 63
split_gain=14.5709 14.0214 16.2398 13.5721 13.5601 19.104
threshold=0.22801928222179416 0.28252284228801733 0.16179503500461581 0.76859587430953991 0.59872770309448253 0.42255038022995001
decision_type=8 8 10 8 10 10
left_child=3 2 -2 4 -1 -6
right_child=1 -3 -4 -5 5 -7
leaf_value=0.0030085520160102429 -0.0083896762488599556 -0.0087342530236303503 0.012677035990158283 -0.007468738873161844 0.00055199329216000992 0.035684654211310264
leaf_weight=179.26710207527503 69.099504909943789 308.11899223481305 95.608769014943391 70.471188143128529 37.642911199713126 38.6531113719102
leaf_count=3566 3614 15515 3287 1824 680 722
internal_value=-0.000399244 -0.00435593 0.00355578 0.00514862 0.00894813 0.0206711
internal_weight=798.862 472.827 164.708 326.034 255.563 76.296
internal_count=29208 22416 6901 6792 4968 1402
is_linear=0
shrinkage=0.035


Tree=145
num_leaves=7
num_cat=0
split_feature=88 31 32 36 32 80
split_gain=15.8059 16.3424 17.5185 14.095 10.0847 8.1566
threshold=0.90307712554931652 0.8663313388824464 0.10237288102507593 0.14594209194183352 0.96755933761596691 0.041601382195949561
decision_type=8 8 10 10 10 8
left_child=1 2 -1 -4 5 -3
right_child=-2 4 3 -5 -6 -7
leaf_value=-0.021167487492617869 -0.024637526523091108 0.0098207510240619789 -0.0086678940292513641 0.0069451090410456327 0.005975697940303705 -0.018309863772936186
leaf_weight=24.532985915546305 21.610643389984034 6.8803003646899006 71.301461243303493 554.1948342184769 28.731413228902966 88.029603891540319
leaf_count=2898 2884 127 2653 17237 525 2789
internal_value=0.000375081 0.00138591 0.00368295 0.0049955 -0.00978156 -0.0151555
internal_weight=795.281 773.671 650.029 625.496 123.641 94.9099
internal_count=29113 26229 22788 19890 3441 2916
is_linear=0
shrinkage=0.035


Tree=146
num_leaves=7
num_cat=0
split_feature=79 35 55 63 32 37
split_gain=14.1572 22.0443 17.5297 17.9217 15.1073 15.0523
threshold=0.1458835378289223 0.34372198581695562 0.58003062009811412 0.1268696300685406 0.97134649753570568 0.18406400829553607
decision_type=10 8 10 10 10 10
left_child=4 2 3 -2 -1 -4
right_child=1 -3 5 -5 -6 -7
leaf_value=-0.01735369058292455 0.029029035417137316 -0.0026946010952400099 -0.0021101525212585373 -0.0047653835786047247 0.016400544205274092 0.029707230603079296
leaf_weight=91.792843241826631 15.391917372355236 497.81748692551628 19.023670143447816 96.702056251233444 11.274235886521636 64.424952783389017
leaf_count=4040 466 19121 533 3711 197 1115
internal_value=-0.000626561 0.00115011 0.0109172 0.0010625 -0.0122734 0.0223297
internal_weight=796.427 693.36 195.543 112.094 103.067 83.4486
internal_count=29183 24946 5825 4177 4237 1648
is_linear=0
shrinkage=0.035


Tree=147
num_leaves=7
num_cat=0
split_feature=20 92 84 10 68 48
split_gain=14.8293 14.8784 10.7961 13.6132 13.2166 9.55856
threshold=0.72052761912345897 0.94285082817077648 0.11079049110412599 0.31335358321666723 0.90682262182235729 0.73664224147796642
decision_type=8 8 8 10 10 10
left_child=1 2 4 -4 -1 -2
right_child=5 -3 3 -5 -6 -7
leaf_value=0.020829802909482126 -0.023926021514496652 -0.024157552517111217 -0.0056254066188604727 0.0050588345481644677 -0.014831497271432801 0
leaf_weight=64.478439512429759 38.760300479829311 17.147544437553734 208.62358274741564 429.38475996453781 7.6847577390726647 34.641960906796157
leaf_count=1789 4307 1395 5248 12910 155 3361
internal_value=0.000493334 0.00211968 0.0030893 0.00145751 0.0152761 -0.0136012
internal_weight=800.721 727.319 710.172 638.008 72.1632 73.4023
internal_count=29165 21497 20102 18158 1944 7668
is_linear=0
shrinkage=0.035


Tree=148
num_leaves=7
num_cat=0
split_feature=31 65 22 86 32 93
split_gain=13.3766 16.7057 17.3161 19.4445 15.2661 15.1833
threshold=0.8663313388824464 0.45245240628719335 0.74092173576354992 0.32587620615959173 0.91794353723526012 0.77736547589302074
decision_type=8 10 10 8 10 8
left_child=1 5 -3 -4 -2 -1
right_child=4 2 3 -5 -6 -7
leaf_value=0.010911975572014301 -0.021062108061925277 -0.012236085013645924 0.010276478036539444 -0.011701490604362185 0.0017010904176328265 -0.0093744577732594626
leaf_weight=268.11916710285004 65.532725726719946 145.80526887136512 143.02263368177228 64.089023018139414 61.097692128503695 44.881205715006217
leaf_count=7932 2575 7485 3210 3972 1321 2729
internal_value=-0.000109278 0.0018381 -0.00325156 0.00304926 -0.0102407 0.00767841
internal_weight=792.548 665.917 352.917 207.112 126.63 313
internal_count=29224 25328 14667 7182 3896 10661
is_linear=0
shrinkage=0.035


Tree=149
num_leaves=7
num_cat=0
split_feature=31 32 69 32 10 93
split_gain=12.6162 22.0738 13.5302 13.0882 14.7372 16.5209
threshold=0.81140267848968517 0.96755933761596691 0.71798431873321544 0.29566481709480291 0.79303571581840526 0.82085904479026806
decision_type=8 10 10 10 10 8
left_child=3 -2 -3 -1 5 -5
right_child=1 2 -4 4 -6 -7
leaf_value=-0.0097508777925899917 -0.01530592662086982 -0.011928420582212969 0.025344173288060452 0.0088095972892483811 -0.0083990399740712894 -0.012905857443466137
leaf_weight=97.834929632721469 140.76523904374335 10.578191634034736 24.925270120613277 386.34752415318508 90.444105090107769 39.240327477105893
leaf_count=8209 4758 383 325 9950 3252 2261
internal_value=-0.000956715 -0.00903102 0.0128807 0.00136371 0.00368781 0.00648511
internal_weight=790.136 176.269 35.5035 613.867 516.032 425.588
internal_count=29138 5466 708 23672 15463 12211
is_linear=0
shrinkage=0.035


Tree=150
num_leaves=7
num_cat=0
split_feature=88 60 55 23 63 91
split_gain=12.9892 13.8778 14.9301 14.6381 13.3988 8.79826
threshold=0.90307712554931652 0.85475611686706554 0.73239558935165416 0.16537453234195712 0.26373335719108587 0.67745548486709606
decision_type=8 10 10 10 10 10
left_child=1 2 3 -1 -4 -3
right_child=-2 5 4 -5 -6 -7
leaf_value=-0.015136865910206807 -0.021575675834489827 -0.018427944396958836 -0.00033832761746321611 0.0029977887056634143 0.021354688909495736 0.010183438323508895
leaf_weight=52.188543272903189 20.782738303765655 51.079970489838161 46.956819897284731 535.71578226820566 88.422517857514322 8.7982843432109785
leaf_count=1870 2878 3180 978 16989 2614 694
internal_value=0.0013741 0.00226148 0.00370152 0.00111827 0.0138652 -0.0127457
internal_weight=803.945 783.162 723.284 587.904 135.379 59.8783
internal_count=29203 26325 22451 18859 3592 3874
is_linear=0
shrinkage=0.035


Tree=151
num_leaves=7
num_cat=0
split_feature=96 34 52 31 22 76
split_gain=18.3232 12.4974 17.0886 11.7404 16.929 11.7998
threshold=0.49610193073749548 0.74594104290008556 0.26386284828186041 0.45640096068382269 0.52846118807792675 0.53237268328666698
decision_type=10 10 10 10 10 10
left_child=-1 3 -3 4 -2 -5
right_child=1 2 -4 5 -6 -7
leaf_value=-0.0057389306356734641 0.020778113279113417 0.022735938362495114 -0.00025791878246092282 0.0018839173087128081 -0.0024785661757961118 -0.015169169167220628
leaf_weight=323.32435281900689 63.57879459601827 84.344279306940734 61.260566805955023 120.78951355721802 71.938208262319677 70.14766958868131
leaf_count=17059 1993 991 2065 2556 2201 2195
internal_value=0.000524726 0.00494836 0.0132103 0.000878547 0.00861668 -0.00447531
internal_weight=795.383 472.059 145.605 326.454 135.517 190.937
internal_count=29060 12001 3056 8945 4194 4751
is_linear=0
shrinkage=0.035


Tree=152
num_leaves=7
num_cat=0
split_feature=96 86 81 37 24 66
split_gain=13.4403 19.7405 15.8097 15.1916 25.1768 13.5915
threshold=0.49610193073749548 0.42084331810474401 0.27544967830181127 0.47591477632522589 0.46165227890014654 0.66636940836906444
decision_type=10 8 10 10 10 10
left_child=1 -1 -2 5 -5 -4
right_child=2 -3 3 4 -6 -7
leaf_value=0.00029205189238529602 -0.010076237939177623 -0.017376544293969145 0.019439338935807619 -0.012990636394342338 0.0093330912339976511 -0.0079050495890156322
leaf_weight=213.72556272835936 77.771088409703225 108.50466293399222 123.18771052756347 90.711552876280621 156.66109266190324 19.244549779919907
leaf_count=7274 3371 9901 1855 2664 3295 856
internal_value=-0.000294105 -0.00577534 0.00340651 0.00637701 0.000790888 0.0151718
internal_weight=789.806 322.23 467.576 389.805 247.373 142.432
internal_count=29216 17175 12041 8670 5959 2711
is_linear=0
shrinkage=0.035


Tree=153
num_leaves=7
num_cat=0
split_feature=89 20 39 61 18 69
split_gain=13.4013 11.1186 11.8608 11.8241 11.4679 4.88624
threshold=0.8575754463672639 0.84764403104782116 0.98094406723976146 0.10302504152059556 0.21816839277744296 0.78221741318702709
decision_type=8 8 10 10 10 10
left_child=1 3 -3 5 -5 -1
right_child=-2 2 -4 4 -6 -7
leaf_value=-0.024844580706283367 -0.020589457898729902 -0.024932174191562309 0.018231354707233256 0.015414934398482568 0.0011441130246635657 0.0016799839670454653
leaf_weight=19.866013908875178 29.592281725024804 28.660981742315929 2.274872464244253 71.439105664729141 635.11384557106066 5.9022707499098024
leaf_count=2237 4153 3086 222 2636 16465 275
internal_value=-0.000130284 0.000800209 -0.017316 0.00181527 0.00281693 -0.0182557
internal_weight=792.849 763.257 30.9359 732.321 706.553 25.7683
internal_count=29074 24921 3308 21613 19101 2512
is_linear=0
shrinkage=0.035


Tree=154
num_leaves=7
num_cat=0
split_feature=60 81 37 63 76 93
split_gain=14.4076 16.6935 24.6603 20.1674 17.1229 15.9486
threshold=0.46839553117752081 0.22204698622226718 0.55270943045616161 0.35805179178714758 0.0430715810507536 0.29386684298515325
decision_type=10 10 8 10 10 10
left_child=5 -2 4 -4 -3 -1
right_child=1 2 3 -5 -6 -7
leaf_value=-0.023184310232697559 -0.012005438249104211 -0.018347314093591648 -0.013065644857066645 0.0071652280557859488 0.017017656808653411 -0.0022036567892811669
leaf_weight=48.806651583057828 65.538091554190032 10.385284609161316 102.42464977875352 123.03103771700989 197.23180277470965 249.55474427924491
leaf_count=2940 2709 274 3122 5318 4076 10786
internal_value=-0.000274668 0.00328356 0.00589209 -0.00193357 0.0143901 -0.00632288
internal_weight=796.972 498.611 433.073 225.456 207.617 298.361
internal_count=29225 15499 12790 8440 4350 13726
is_linear=0
shrinkage=0.035


Tree=155
num_leaves=7
num_cat=0
split_feature=91 15 23 47 17 19
split_gain=12.1945 13.272 15.2884 17.1923 13.9391 21.3915
threshold=0.8083542287349702 0.429258942604065 0.16179503500461581 0.83587712049484264 0.22198530286550525 0.38032709062099462
decision_type=8 8 10 10 8 8
left_child=1 2 3 -1 -3 -6
right_child=-2 4 -4 -5 5 -7
leaf_value=-0.01880502227047167 -0.016114193782371417 0.010194323923519327 0.010604080967001118 0.0087087493148369742 0.00034502142514757404 -0.017944406560637942
leaf_weight=47.653179847518913 43.621907530352473 70.852262691012584 263.79525133862626 45.913948991568759 212.2084500589408 111.14697108743712
leaf_count=2778 5683 3027 6047 1217 3787 6743
internal_value=0.000267754 0.0014474 0.00630909 -0.00516443 -0.00286717 -0.00606462
internal_weight=795.192 751.57 357.362 93.5671 394.208 323.355
internal_count=29282 23599 10042 3995 13557 10530
is_linear=0
shrinkage=0.035


Tree=156
num_leaves=7
num_cat=0
split_feature=47 76 74 15 88 58
split_gain=13.1341 14.2348 11.5705 13.517 10.3966 3.85609
threshold=0.18841212987899783 0.047077065333724029 0.93818175792694103 0.39264792203903204 0.1224530376493931 0.42741464078426367
decision_type=10 10 10 8 10 8
left_child=5 -2 3 -3 -4 -1
right_child=1 2 4 -5 -6 -7
leaf_value=0 -0.019850382536407356 0.008823509074452356 0.011417348875928084 -0.0010206715677120283 -0.019924814231366793 -0.023202766170236113
leaf_weight=13.454311317880636 30.502989062573761 293.30127170705236 9.2814200315624458 372.67880069289822 42.597479965304956 29.957728210720234
leaf_count=1447 1323 8479 68 12655 1263 4019
internal_value=-0.000320598 0.000779852 0.00193791 0.00329014 -0.0126645 -0.0174814
internal_weight=791.774 748.362 717.859 665.98 51.8789 43.412
internal_count=29254 23788 22465 21134 1331 5466
is_linear=0
shrinkage=0.035


Tree=157
num_leaves=7
num_cat=0
split_feature=77 81 80 10 72 7
split_gain=13.0164 13.0289 15.6486 14.5514 12.1193 16.5084
threshold=0.38499371707439428 0.3734279870986939 0.1623756289482117 0.804882973432541 0.78459286689758312 0.50164154171943676
decision_type=10 10 10 10 10 10
left_child=-1 4 -3 -4 -2 -6
right_child=1 2 3 -5 5 -7
leaf_value=-0.0063779282263594006 -0.014136678149420745 0.027309527887211082 0.0074327925199520759 -0.011101901798914134 0.015781187197801052 -0.010542598272130428
leaf_weight=251.88339813891798 77.959161888691597 34.102474460843951 277.32061670243274 54.141452138428576 53.866019963868894 45.888370022061281
leaf_count=11125 5752 616 7345 2175 1331 916
internal_value=1.38708e-05 0.00312212 0.00690815 0.00406037 -0.0043453 0.00330099
internal_weight=795.161 543.278 365.565 331.462 177.714 99.7544
internal_count=29260 18135 10136 9520 7999 2247
is_linear=0
shrinkage=0.035


Tree=158
num_leaves=7
num_cat=0
split_feature=62 63 37 60 60 36
split_gain=15.2925 20.5105 18.8015 34.6385 16.8011 18.6971
threshold=0.48294647037982946 0.42255038022995001 0.5489473044872285 0.61332806944847118 0.60572877526283275 0.89588123559951793
decision_type=8 10 10 10 10 10
left_child=1 2 -1 -4 -3 -6
right_child=-2 4 3 -5 5 -7
leaf_value=0.0060409044400501549 -0.0078736810200085248 0 0.0013780920730877843 -0.027984843878954963 0.037520409915547268 -0.0079715010796744742
leaf_weight=287.0734840441728 200.67589601397049 39.462955992785282 156.3463008106919 61.453012206824496 44.125170470913872 8.682782266288994
leaf_count=6381 15313 946 3622 2312 526 155
internal_value=0.000228485 0.00310615 0.000127446 -0.00737224 0.0175704 0.0291125
internal_weight=797.82 597.144 504.873 217.799 92.2709 52.808
internal_count=29255 13942 12315 5934 1627 681
is_linear=0
shrinkage=0.035


Tree=159
num_leaves=7
num_cat=0
split_feature=92 47 41 55 21 76
split_gain=15.3639 11.5982 8.91065 13.8309 8.17595 4.16643
threshold=0.93522059917449962 0.18841212987899783 0.81551954150199901 0.73239558935165416 0.20925782620906833 0.97300654649734508
decision_type=8 10 8 10 8 10
left_child=1 5 3 -3 -4 -1
right_child=-2 2 4 -5 -6 -7
leaf_value=-0.019718961548992317 -0.025684789425609433 0.00025953381462096844 0.0090151397414834408 0.01242377033701236 -0.014097164226188202 0.0042954728298484892
leaf_weight=36.249748171074316 20.274088969570585 506.66690707928501 16.130380543414503 143.77431777480524 65.366687012370676 3.7985057159094131
leaf_count=4516 1877 14440 797 3732 3354 464
internal_value=-0.000300694 0.000555241 0.00169603 0.00314634 -0.00853909 -0.0160126
internal_weight=792.261 771.987 731.938 650.441 81.4971 40.0483
internal_count=29180 27303 22323 18172 4151 4980
is_linear=0
shrinkage=0.035


end of trees

feature_importances:
cop_elevation_range_cityrank=51
fab_elevation_range_cityrank=46
fab_focal_min_3000m_mean_cityrank=40
lc_grass_shrub_500m_frac_cityrank=40
lc_grass_shrub_200m_frac_cityrank=39
cop_focal_min_3000m_mean_cityrank=33
cop_fill_depth_max_cityrank=28
lc_tree_200m_frac_cityrank=28
lc_tree_500m_frac_cityrank=28
fab_flow_accumulation_log_max_cityrank=27
lc_cropland_200m_frac_cityrank=27
fab_twi_max_cityrank=25
fab_hand_any_m_min_cityrank=24
lc_wetland_mangrove_200m_frac_cityrank=24
cop_focal_mean_3000m_max_cityrank=23
fab_focal_min_3000m_max_cityrank=22
lc_bare_200m_frac_cityrank=22
cop_twi_max_cityrank=20
fab_elevation_percentile_1km_mean_cityrank=17
fab_focal_min_1000m_mean_cityrank=16
fab_hand_major_m_min_cityrank=16
cop_focal_mean_3000m_mean_cityrank=16
cop_hand_major_m_min_cityrank=16
fab_rel_elev_300m_mean_cityrank=15
fab_focal_min_1000m_max_cityrank=15
cop_rel_elev_3000m_min_cityrank=15
cop_focal_min_3000m_max_cityrank=14
lc_cropland_500m_frac_cityrank=14
cop_hand_any_m_mean_cityrank=13
lc_wetland_mangrove_500m_frac_cityrank=12
fab_rel_elev_1000m_min_cityrank=11
fab_dist_water_any_m_mean_cityrank=11
cop_twi_mean_cityrank=10
lc_bare_500m_frac_cityrank=10
fab_rel_elev_3000m_mean_cityrank=9
fab_dist_water_major_m_min_cityrank=9
fab_dist_water_any_m_min_cityrank=8
cop_rel_elev_300m_min_cityrank=8
cop_focal_mean_1000m_max_cityrank=8
cop_elevation_percentile_1km_mean_cityrank=8
cop_fill_depth_min_cityrank=8
fab_focal_mean_3000m_mean_cityrank=7
fab_focal_mean_3000m_max_cityrank=7
fab_flow_accumulation_log_mean_cityrank=7
fab_rel_elev_3000m_min_cityrank=6
cop_slope_max_cityrank=6
cop_fill_share_gt_0_2m_cityrank=6
cop_flow_accumulation_log_max_cityrank=6
fab_elevation_percentile_1km_max_cityrank=5
cop_rel_elev_3000m_mean_cityrank=5
cop_hand_any_m_min_cityrank=5
fab_focal_min_300m_mean_cityrank=4
fab_slope_mean_cityrank=4
cop_dist_water_any_m_mean_cityrank=4
cop_dist_water_major_m_min_cityrank=4
fab_elevation_max_cityrank=3
fab_rel_elev_300m_min_cityrank=3
fab_fill_share_gt_0_2m_cityrank=3
cop_elevation_min_cityrank=3
cop_rel_elev_1000m_min_cityrank=3
cop_slope_mean_cityrank=3
fab_focal_mean_300m_mean_cityrank=2
fab_rel_elev_1000m_mean_cityrank=2
fab_slope_max_cityrank=2
fab_hand_any_m_mean_cityrank=2
fab_dist_water_major_m_mean_cityrank=2
cop_elevation_max_cityrank=2
cop_focal_min_300m_mean_cityrank=2
cop_focal_min_1000m_max_cityrank=2
cop_elevation_percentile_1km_max_cityrank=2
cop_flow_accumulation_log_mean_cityrank=2
cop_dist_water_major_m_mean_cityrank=2
fab_elev_min_cityrank=2
fab_elevation_min_cityrank=1
fab_elevation_p10_cityrank=1
fab_elevation_mean_cityrank=1
fab_focal_min_300m_max_cityrank=1
fab_focal_mean_1000m_mean_cityrank=1
fab_focal_mean_1000m_max_cityrank=1
fab_fill_depth_mean_cityrank=1
fab_hand_major_m_mean_cityrank=1
cop_elevation_p10_cityrank=1
cop_elevation_mean_cityrank=1
cop_focal_mean_300m_mean_cityrank=1
cop_rel_elev_300m_mean_cityrank=1
cop_focal_min_1000m_mean_cityrank=1
cop_fill_depth_mean_cityrank=1
cop_dist_water_any_m_min_cityrank=1
lc_water_200m_frac_cityrank=1

parameters:
[boosting: gbdt]
[objective: binary]
[metric: binary_logloss]
[tree_learner: serial]
[device_type: cpu]
[data_sample_strategy: bagging]
[data: ]
[valid: ]
[num_iterations: 160]
[learning_rate: 0.035]
[num_leaves: 7]
[num_threads: 2]
[seed: 41073]
[deterministic: 1]
[force_col_wise: 1]
[force_row_wise: 0]
[histogram_pool_size: -1]
[max_depth: 4]
[min_data_in_leaf: 30]
[min_sum_hessian_in_leaf: 0.001]
[bagging_fraction: 0.85]
[pos_bagging_fraction: 1]
[neg_bagging_fraction: 1]
[bagging_freq: 1]
[bagging_seed: 26519]
[bagging_by_query: 0]
[feature_fraction: 0.8]
[feature_fraction_bynode: 1]
[feature_fraction_seed: 6506]
[extra_trees: 0]
[extra_seed: 10277]
[early_stopping_round: 0]
[early_stopping_min_delta: 0]
[first_metric_only: 0]
[max_delta_step: 0]
[lambda_l1: 1.5]
[lambda_l2: 8]
[linear_lambda: 0]
[min_gain_to_split: 0]
[drop_rate: 0.1]
[max_drop: 50]
[skip_drop: 0.5]
[xgboost_dart_mode: 0]
[uniform_drop: 0]
[drop_seed: 15296]
[top_rate: 0.2]
[other_rate: 0.1]
[min_data_per_group: 100]
[max_cat_threshold: 32]
[cat_l2: 10]
[cat_smooth: 10]
[max_cat_to_onehot: 4]
[top_k: 20]
[monotone_constraints: ]
[monotone_constraints_method: basic]
[monotone_penalty: 0]
[feature_contri: ]
[forcedsplits_filename: ]
[refit_decay_rate: 0.9]
[cegb_tradeoff: 1]
[cegb_penalty_split: 0]
[cegb_penalty_feature_lazy: ]
[cegb_penalty_feature_coupled: ]
[path_smooth: 0]
[interaction_constraints: ]
[verbosity: -1]
[saved_feature_importance_type: 0]
[use_quantized_grad: 0]
[num_grad_quant_bins: 4]
[quant_train_renew_leaf: 0]
[stochastic_rounding: 1]
[linear_tree: 0]
[max_bin: 255]
[max_bin_by_feature: ]
[min_data_in_bin: 3]
[bin_construct_sample_cnt: 200000]
[data_random_seed: 3093]
[is_enable_sparse: 1]
[enable_bundle: 1]
[use_missing: 1]
[zero_as_missing: 0]
[feature_pre_filter: 1]
[pre_partition: 0]
[two_round: 0]
[header: 0]
[label_column: ]
[weight_column: ]
[group_column: ]
[ignore_column: ]
[categorical_feature: ]
[forcedbins_filename: ]
[precise_float_parser: 0]
[parser_config_file: ]
[objective_seed: 1898]
[num_class: 1]
[is_unbalance: 0]
[scale_pos_weight: 1]
[sigmoid: 1]
[boost_from_average: 1]
[reg_sqrt: 0]
[alpha: 0.9]
[fair_c: 1]
[poisson_max_delta_step: 0.7]
[tweedie_variance_power: 1.5]
[lambdarank_truncation_level: 30]
[lambdarank_norm: 1]
[label_gain: ]
[lambdarank_position_bias_regularization: 0]
[eval_at: ]
[multi_error_top_k: 1]
[auc_mu_weights: ]
[num_machines: 1]
[local_listen_port: 12400]
[time_out: 120]
[machine_list_filename: ]
[machines: ]
[gpu_platform_id: -1]
[gpu_device_id: -1]
[gpu_device_id_list: ]
[gpu_use_dp: 0]
[num_gpu: 1]

end of parameters

pandas_categorical:[]
